DateTimeUTC,temp_01ft,temp_05ft,temp_10ft,temp_40ft,temp_70ft
"2025-12-01 08:00:00","1347332.91234561"
"2025-12-02 08:00:00","1347156.75820843"
"2025-12-03 08:00:00","1346989.86952609"
"2025-12-04 08:00:00","1346268.66258868"
"2025-12-05 08:00:00","1345999.87619014"
"2025-12-06 08:00:00","1345923.90820706"
"2025-12-07 08:00:00","1345669.94758495"
"2025-12-08 08:00:00","1345223.30492134"
"2025-12-09 08:00:00","1345010.17198072"
"2025-12-10 08:00:00","1344761.85673156"
"2025-12-11 08:00:00","1344587.680289"
"2025-12-12 08:00:00","1344263.45236031"
"2025-12-13 08:00:00","1344035.58327207"
"2025-12-14 08:00:00","1343733.64719167"
"2025-12-15 08:00:00","1343453.96588965"
"2025-12-16 08:00:00","1343141.13957076"
"2025-12-17 08:00:00","1343000.2189803"
"2025-12-18 08:00:00","1342742.78384286"
"2025-12-19 08:00:00","1342198.43257101"
"2025-12-20 08:00:00","1342361.32694871"
"2025-12-20 20:15:00","368.4061338"
"2025-12-20 20:30:00","368.4034057"
"2025-12-20 20:45:00","56.30956","55.12977","54.99546","54.6139","54.01865"
"2025-12-20 20:45:00","368.3886752"
"2025-12-20 21:00:00","56.32025","55.06108","55.18014","54.64289","54.00645"
"2025-12-20 21:00:00","368.4214104"
"2025-12-20 21:15:00","56.26072","55.1084","55.15267","54.57116","54.03239"
"2025-12-20 21:15:00","368.4095891"
"2025-12-20 21:30:00","56.33246","55.11603","55.12977","54.54217","54.0736"
"2025-12-20 21:30:00","368.4170453"
"2025-12-20 21:45:00","56.34772","55.12977","55.13435","54.56353","54.10412"
"2025-12-20 21:45:00","368.394494"
"2025-12-20 22:00:00","56.37061","55.0855","55.11603","54.53606","54.08886"
"2025-12-20 22:00:00","368.4057697"
"2025-12-20 22:15:00","56.39198","55.11603","55.14809","54.5559","54.14228"
"2025-12-20 22:15:00","368.3961309"
"2025-12-20 22:30:00","56.41335","55.09467","55.14656","54.54217","54.09191"
"2025-12-20 22:30:00","368.4132265"
"2025-12-20 22:45:00","56.41182","55.07787","55.09161","54.52538","54.1255"
"2025-12-20 22:45:00","368.4081343"
"2025-12-20 23:00:00","56.41182","55.11755","55.07635","54.5849","54.08886"
"2025-12-20 23:00:00","368.4161356"
"2025-12-20 23:15:00","56.40724","55.10077","55.12214","54.55743","54.10718"
"2025-12-20 23:15:00","368.4043149"
"2025-12-20 23:30:00","56.39198","55.05193","55.08855","54.60474","54.11786"
"2025-12-20 23:30:00","368.4143172"
"2025-12-20 23:45:00","56.3584","55.0794","55.11145","54.62305","54.16518"
"2025-12-20 23:45:00","368.4077707"
"2025-12-21 00:00:00","56.32941","55.0855","55.09772","54.63374","54.2186"
"2025-12-21 00:00:00","368.4032241"
"2025-12-21 00:15:00","56.33704","55.03971","55.06108","54.60779","54.29491"
"2025-12-21 00:15:00","368.4077707"
"2025-12-21 00:30:00","56.30193","55.0275","55.03971","54.66579","54.19265"
"2025-12-21 00:30:00","368.4043149"
"2025-12-21 00:45:00","56.23478","55.03209","55.12671","54.59864","54.30102"
"2025-12-21 00:45:00","368.4146807"
"2025-12-21 01:00:00","56.26072","55.07024","54.92373","54.68563","54.34375"
"2025-12-21 01:00:00","368.4068609"
"2025-12-21 01:15:00","56.23325","55.05498","55.05956","54.6139","54.36664"
"2025-12-21 01:15:00","368.4103162"
"2025-12-21 01:30:00","56.23172","55.04277","55.10992","54.62153","54.21707"
"2025-12-21 01:30:00","368.4130444"
"2025-12-21 01:45:00","56.06536","55.04277","55.1145","54.61084","54.30254"
"2025-12-21 01:45:00","368.4059518"
"2025-12-21 02:00:00","56.19052","55.06108","55.11603","54.64137","54.30712"
"2025-12-21 02:00:00","368.4023144"
"2025-12-21 02:15:00","56.19204","55.05346","55.16335","54.62458","54.20028"
"2025-12-21 02:15:00","368.3934028"
"2025-12-21 02:30:00","56.20273","55.03819","55.14504","54.66121","54.11176"
"2025-12-21 02:30:00","368.4021323"
"2025-12-21 02:45:00","56.19815","55.06566","55.14351","54.60779","54.13313"
"2025-12-21 02:45:00","368.4063153"
"2025-12-21 03:00:00","56.23935","55.07787","55.1313","54.649","54.09955"
"2025-12-21 03:00:00","368.4024959"
"2025-12-21 03:15:00","56.2012","55.07329","55.16335","54.66884","54.05986"
"2025-12-21 03:15:00","368.3954038"
"2025-12-21 03:30:00","56.24088","55.09008","55.15572","54.68258","54.03544"
"2025-12-21 03:30:00","368.4077707"
"2025-12-21 03:45:00","56.22104","55.10382","55.15572","54.66579","54.03849"
"2025-12-21 03:45:00","368.4019508"
"2025-12-21 04:00:00","56.25767","55.11145","55.15114","54.67647","54.01255"
"2025-12-21 04:00:00","368.3934028"
"2025-12-21 04:15:00","56.21341","55.06566","55.19083","54.71768","54.05223"
"2025-12-21 04:15:00","368.4032241"
"2025-12-21 04:30:00","56.22104","55.0794","55.15725","54.69936","53.97592"
"2025-12-21 04:30:00","368.3994047"
"2025-12-21 04:45:00","56.20731","55.04888","55.1664","54.66121","54.05376"
"2025-12-21 04:45:00","368.4024959"
"2025-12-21 05:00:00","56.2363","55.06414","55.16335","54.63679","53.94692"
"2025-12-21 05:00:00","368.4008596"
"2025-12-21 05:15:00","56.22409","55.07024","54.98325","54.62305","53.96676"
"2025-12-21 05:15:00","368.396313"
"2025-12-21 05:30:00","56.21188","55.09008","55.11298","54.66579","53.96371"
"2025-12-21 05:30:00","368.3968586"
"2025-12-21 05:45:00","56.17678","55.09772","55.13282","54.54522","53.91182"
"2025-12-21 05:45:00","368.3999504"
"2025-12-21 06:00:00","56.23172","55.05498","55.12825","54.66579","53.8645"
"2025-12-21 06:00:00","368.4103162"
"2025-12-21 06:15:00","56.16456","55.04734","55.13435","54.65968","53.9576"
"2025-12-21 06:15:00","368.3957674"
"2025-12-21 06:30:00","56.22104","54.94204","55.1313","54.60779","53.91945"
"2025-12-21 06:30:00","368.4128623"
"2025-12-21 06:45:00","56.20425","55.03209","55.1084","54.65205","53.91487"
"2025-12-21 06:45:00","368.3952217"
"2025-12-21 07:00:00","56.19815","54.99393","55.10382","54.65968","53.91639"
"2025-12-21 07:00:00","368.3994047"
"2025-12-21 07:15:00","56.21494","55.02598","55.07329","54.55895","53.94692"
"2025-12-21 07:15:00","368.4006775"
"2025-12-21 07:30:00","56.19662","55.05193","55.09618","54.60015","53.91334"
"2025-12-21 07:30:00","368.3935854"
"2025-12-21 07:45:00","56.20425","54.98935","55.12366","54.60627","53.97439"
"2025-12-21 07:45:00","368.4015872"
"2025-12-21 08:00:00","56.22104","55.03056","55.07482","54.65357","54.0156"
"2025-12-21 08:00:00","1343291.1619327"
"2025-12-21 08:00:00","368.4024959"
"2025-12-21 08:15:00","56.21341","55.04124","55.09772","54.65816","53.99118"
"2025-12-21 08:15:00","368.4043149"
"2025-12-21 08:30:00","56.27446","55.01682","55.06719","54.6841","54.09191"
"2025-12-21 08:30:00","368.4010411"
"2025-12-21 08:45:00","56.21341","55.05193","55.07787","54.65968","54.09191"
"2025-12-21 08:45:00","368.3955853"
"2025-12-21 09:00:00","56.23935","55.01072","55.03666","54.68563","54.08581"
"2025-12-21 09:00:00","368.4019508"
"2025-12-21 09:15:00","56.25462","55.01682","55.06108","54.64442","54.08886"
"2025-12-21 09:15:00","368.4019508"
"2025-12-21 09:30:00","56.24546","55.02598","55.04734","54.66426","54.04307"
"2025-12-21 09:30:00","368.4081343"
"2025-12-21 09:45:00","56.19968","55.02293","55.04277","54.64594","54.17129"
"2025-12-21 09:45:00","368.3995868"
"2025-12-21 10:00:00","56.23783","55.0214","55.04734","54.62","54.25065"
"2025-12-21 10:00:00","368.4083158"
"2025-12-21 10:15:00","56.12794","54.94509","55.03209","54.61695","54.22928"
"2025-12-21 10:15:00","368.4119526"
"2025-12-21 10:30:00","56.16914","54.96035","55.02598","54.65357","54.20792"
"2025-12-21 10:30:00","368.4066789"
"2025-12-21 10:45:00","56.21799","55.03666","55.02293","54.62611","54.16213"
"2025-12-21 10:45:00","368.4024959"
"2025-12-21 11:00:00","56.18899","54.99393","55.03209","54.66121","54.13313"
"2025-12-21 11:00:00","368.4143172"
"2025-12-21 11:15:00","56.07909","55.01987","55.08092","54.64594","54.19265"
"2025-12-21 11:15:00","368.4084978"
"2025-12-21 11:30:00","56.18899","55.01987","54.98477","54.65205","54.1545"
"2025-12-21 11:30:00","368.4088614"
"2025-12-21 11:45:00","56.21341","55.01682","55.09924","54.65663","54.16976"
"2025-12-21 11:45:00","368.4123173"
"2025-12-21 12:00:00","56.2363","55.00919","55.11603","54.64442","54.11176"
"2025-12-21 12:00:00","368.4043149"
"2025-12-21 12:15:00","56.2012","55.02293","55.05956","54.62153","54.21249"
"2025-12-21 12:15:00","368.4041333"
"2025-12-21 12:30:00","56.20425","55.02598","55.11908","54.67647","54.21402"
"2025-12-21 12:30:00","368.4008596"
"2025-12-21 12:45:00","56.20883","55.01682","55.09924","54.707","54.22165"
"2025-12-21 12:45:00","368.4123173"
"2025-12-21 13:00:00","56.21646","54.99241","55.09924","54.62458","54.17892"
"2025-12-21 13:00:00","368.4121352"
"2025-12-21 13:15:00","56.22867","55.04888","55.11755","54.7131","54.25981"
"2025-12-21 13:15:00","368.4159541"
"2025-12-21 13:30:00","56.22104","55.0275","55.10535","54.73752","54.32543"
"2025-12-21 13:30:00","368.4055876"
"2025-12-21 13:45:00","56.20883","55.06261","55.10992","54.76499","54.3056"
"2025-12-21 13:45:00","368.4064974"
"2025-12-21 14:00:00","56.2302","55.06719","55.09467","54.78026","54.31017"
"2025-12-21 14:00:00","368.409407"
"2025-12-21 14:15:00","56.25157","55.07787","55.14961","54.79094","54.36206"
"2025-12-21 14:15:00","368.4059518"
"2025-12-21 14:30:00","56.2943","55.0794","55.11755","54.80315","54.29491"
"2025-12-21 14:30:00","368.3990406"
"2025-12-21 14:45:00","56.26225","55.07482","55.1603","54.77567","54.40174"
"2025-12-21 14:45:00","368.4019508"
"2025-12-21 15:00:00","56.26988","55.08398","55.11298","54.81841","54.32238"
"2025-12-21 15:00:00","368.4159541"
"2025-12-21 15:15:00","56.11877","55.05346","55.1664","54.83978","54.29948"
"2025-12-21 15:15:00","368.3994047"
"2025-12-21 15:30:00","56.26683","55.1084","55.1313","54.86572","54.27507"
"2025-12-21 15:30:00","368.4048605"
"2025-12-21 15:45:00","56.25767","55.10229","55.15419","54.86267","54.38649"
"2025-12-21 15:45:00","368.4079522"
"2025-12-21 16:00:00","56.26072","55.08092","55.15114","54.85657","54.34375"
"2025-12-21 16:00:00","368.4057697"
"2025-12-21 16:15:00","56.26377","55.13588","55.1725","54.84893","54.44296"
"2025-12-21 16:15:00","368.3977678"
"2025-12-21 16:30:00","56.2943","55.14656","55.19846","54.90846","54.33765"
"2025-12-21 16:30:00","368.4090435"
"2025-12-21 16:45:00","56.27751","55.13435","55.21677","54.84893","54.39106"
"2025-12-21 16:45:00","368.4059518"
"2025-12-21 17:00:00","56.30499","55.1313","55.17403","54.88557","54.29643"
"2025-12-21 17:00:00","368.4054061"
"2025-12-21 17:15:00","56.30804","55.14045","55.20914","54.93593","54.39564"
"2025-12-21 17:15:00","368.3886752"
"2025-12-21 17:30:00","56.36298","55.18166","55.22745","54.93135","54.38801"
"2025-12-21 17:30:00","368.4063153"
"2025-12-21 17:45:00","56.35993","55.19846","55.2595","54.90388","54.42464"
"2025-12-21 17:45:00","368.3952217"
"2025-12-21 18:00:00","56.37367","55.09161","55.2885","54.91914","54.29185"
"2025-12-21 18:00:00","368.4241385"
"2025-12-21 18:15:00","56.36298","55.18929","55.29002","54.92373","54.31322"
"2025-12-21 18:15:00","368.4026785"
"2025-12-21 18:30:00","56.38893","55.21982","55.28087","54.95119","54.26133"
"2025-12-21 18:30:00","368.4030421"
"2025-12-21 18:45:00","56.41182","55.23355","55.27477","54.94051","54.22776"
"2025-12-21 18:45:00","368.4030421"
"2025-12-21 19:00:00","56.4164","55.24576","55.29155","54.96951","54.28423"
"2025-12-21 19:00:00","368.4010411"
"2025-12-21 19:15:00","56.34925","55.23661","55.2946","54.98325","54.40785"
"2025-12-21 19:15:00","368.4084978"
"2025-12-21 19:30:00","56.4164","55.24271","55.30376","55.01225","54.40938"
"2025-12-21 19:30:00","368.3964945"
"2025-12-21 19:45:00","56.45913","55.25798","55.33582","55.04124","54.44906"
"2025-12-21 19:45:00","368.4075886"
"2025-12-21 20:00:00","56.45456","55.26103","55.31597","55.04277","54.29185"
"2025-12-21 20:00:00","368.4337767"
"2025-12-21 20:15:00","56.45456","55.2534","55.30987","55.04429","54.24149"
"2025-12-21 20:15:00","368.4075886"
"2025-12-21 20:30:00","56.49119","55.29155","55.36176","55.08245","53.96218"
"2025-12-21 20:30:00","368.3868563"
"2025-12-21 20:45:00","56.48661","55.29308","55.3526","55.04734","53.99271"
"2025-12-21 20:45:00","368.4104983"
"2025-12-21 21:00:00","56.51408","55.31902","55.39992","55.06872","54.03239"
"2025-12-21 21:00:00","368.4230467"
"2025-12-21 21:15:00","56.52018","55.35413","55.36786","55.0153","54.0095"
"2025-12-21 21:15:00","368.4108619"
"2025-12-21 21:30:00","56.48661","55.32666","55.38465","55.04734","54.06597"
"2025-12-21 21:30:00","368.4081343"
"2025-12-21 21:45:00","56.49882","55.3694","55.41365","55.0855","53.97592"
"2025-12-21 21:45:00","368.409407"
"2025-12-21 22:00:00","56.49577","55.31139","55.40144","55.08703","53.99576"
"2025-12-21 22:00:00","368.3948582"
"2025-12-21 22:15:00","56.50492","55.37703","55.42281","55.14504","53.96828"
"2025-12-21 22:15:00","368.4099527"
"2025-12-21 22:30:00","56.49882","55.36176","55.41823","55.11298","53.94844"
"2025-12-21 22:30:00","368.4119526"
"2025-12-21 22:45:00","56.4973","55.36329","55.41976","55.12519","53.99576"
"2025-12-21 22:45:00","368.4099527"
"2025-12-21 23:00:00","56.56139","55.36023","55.4396","55.14351","53.92403"
"2025-12-21 23:00:00","368.4079522"
"2025-12-21 23:15:00","56.57818","55.24424","55.50064","55.17709","53.94997"
"2025-12-21 23:15:00","368.4103162"
"2025-12-21 23:30:00","56.57666","55.38618","55.44112","55.1725","53.91945"
"2025-12-21 23:30:00","368.4057697"
"2025-12-21 23:45:00","56.57971","55.4045","55.48233","55.21524","53.9866"
"2025-12-21 23:45:00","368.4090435"
"2025-12-22 00:00:00","56.60108","55.40144","55.49149","55.19998","53.9225"
"2025-12-22 00:00:00","368.4088614"
"2025-12-22 00:15:00","56.46371","55.38618","55.48081","55.18014","53.93929"
"2025-12-22 00:15:00","368.4032241"
"2025-12-22 00:30:00","56.5904","55.39534","55.45181","55.18777","53.87061"
"2025-12-22 00:30:00","368.4048605"
"2025-12-22 00:45:00","56.5904","55.41518","55.47012","55.16335","53.98355"
"2025-12-22 00:45:00","368.3972222"
"2025-12-22 01:00:00","56.57208","55.38008","55.49454","55.17098","53.82177"
"2025-12-22 01:00:00","368.4044969"
"2025-12-22 01:15:00","56.57208","55.41212","55.34345","55.17403","53.8645"
"2025-12-22 01:15:00","368.3966766"
"2025-12-22 01:30:00","56.5736","55.40144","55.49759","55.20151","53.83856"
"2025-12-22 01:30:00","368.4019508"
"2025-12-22 01:45:00","56.59955","55.42128","55.48996","55.18624","53.83551"
"2025-12-22 01:45:00","368.4041333"
"2025-12-22 02:00:00","56.55529","55.39534","55.48691","55.18166","53.85229"
"2025-12-22 02:00:00","368.4108619"
"2025-12-22 02:15:00","56.58581","55.45181","55.49607","55.20609","53.85077"
"2025-12-22 02:15:00","368.3983129"
"2025-12-22 02:30:00","56.57818","55.41518","55.45486","55.18624","53.82483"
"2025-12-22 02:30:00","368.3984955"
"2025-12-22 02:45:00","56.57818","55.42587","55.49302","55.21219","53.86908"
"2025-12-22 02:45:00","368.3974043"
"2025-12-22 03:00:00","56.58886","55.42739","55.50217","55.18624","53.78514"
"2025-12-22 03:00:00","368.4001319"
"2025-12-22 03:15:00","56.59803","55.42892","55.50064","55.19388","53.85382"
"2025-12-22 03:15:00","368.3974043"
"2025-12-22 03:30:00","56.57818","55.39534","55.47776","55.1954","53.70578"
"2025-12-22 03:30:00","368.4050425"
"2025-12-22 03:45:00","56.59192","55.42128","55.48539","55.17709","53.83398"
"2025-12-22 03:45:00","368.4012231"
"2025-12-22 04:00:00","56.62702","55.42128","55.52354","55.22745","53.79887"
"2025-12-22 04:00:00","368.4037692"
"2025-12-22 04:15:00","56.60718","55.41976","55.52048","55.21524","53.85382"
"2025-12-22 04:15:00","368.4054061"
"2025-12-22 04:30:00","56.60566","55.41365","55.5037","55.20456","53.76682"
"2025-12-22 04:30:00","368.4101342"
"2025-12-22 04:45:00","56.59345","55.4167","55.52048","55.25035","53.82177"
"2025-12-22 04:45:00","368.4055876"
"2025-12-22 05:00:00","56.55987","55.43349","55.50675","55.23661","53.75462"
"2025-12-22 05:00:00","368.3970407"
"2025-12-22 05:15:00","56.46218","55.45639","55.4686","55.2473","53.87824"
"2025-12-22 05:15:00","368.4010411"
"2025-12-22 05:30:00","56.64992","55.37855","55.50217","55.23203","53.88129"
"2025-12-22 05:30:00","368.4063153"
"2025-12-22 05:45:00","56.56597","55.45639","55.46096","55.2244","53.90724"
"2025-12-22 05:45:00","368.4012231"
"2025-12-22 06:00:00","56.61176","55.45486","55.49607","55.2534","53.86908"
"2025-12-22 06:00:00","368.3995868"
"2025-12-22 06:15:00","56.56902","55.4167","55.5266","55.24271","53.88892"
"2025-12-22 06:15:00","368.4106804"
"2025-12-22 06:30:00","56.61481","55.43349","55.49454","55.21524","53.91487"
"2025-12-22 06:30:00","368.4041333"
"2025-12-22 06:45:00","56.59955","55.43349","55.50828","55.1313","53.89655"
"2025-12-22 06:45:00","368.4103162"
"2025-12-22 07:00:00","56.5736","55.42739","55.46249","55.25187","53.90113"
"2025-12-22 07:00:00","368.4003139"
"2025-12-22 07:15:00","56.62397","55.44418","55.51286","55.26408","53.8935"
"2025-12-22 07:15:00","368.3959494"
"2025-12-22 07:30:00","56.59345","55.42281","55.50064","55.24424","53.89045"
"2025-12-22 07:30:00","368.3943125"
"2025-12-22 07:45:00","56.52629","55.39076","55.50064","55.2244","53.89503"
"2025-12-22 07:45:00","368.4117716"
"2025-12-22 08:00:00","56.65297","55.44112","55.47318","55.24118","53.8874"
"2025-12-22 08:00:00","1356095.86018389"
"2025-12-22 08:00:00","368.3959494"
"2025-12-22 08:15:00","56.62244","55.43197","55.50675","55.2305","53.90419"
"2025-12-22 08:15:00","368.3992227"
"2025-12-22 08:30:00","56.61176","55.45333","55.49149","55.2305","53.89503"
"2025-12-22 08:30:00","368.4006775"
"2025-12-22 08:45:00","56.5965","55.44876","55.51438","55.22135","53.9225"
"2025-12-22 08:45:00","368.4010411"
"2025-12-22 09:00:00","56.6316","55.43349","55.50675","55.21677","53.94539"
"2025-12-22 09:00:00","368.3984955"
"2025-12-22 09:15:00","56.59192","55.40907","55.50523","55.25035","53.90876"
"2025-12-22 09:15:00","368.3975858"
"2025-12-22 09:30:00","56.5965","55.4396","55.51133","55.24424","53.90419"
"2025-12-22 09:30:00","368.3988591"
"2025-12-22 09:45:00","56.59803","55.45639","55.52812","55.22898","53.93013"
"2025-12-22 09:45:00","368.4081343"
"2025-12-22 10:00:00","56.57666","55.42433","55.47012","55.23203","53.9225"
"2025-12-22 10:00:00","368.3977678"
"2025-12-22 10:15:00","56.6255","55.42587","55.50064","55.21677","53.94539"
"2025-12-22 10:15:00","368.4055876"
"2025-12-22 10:30:00","56.60413","55.45944","55.5266","55.1954","53.93624"
"2025-12-22 10:30:00","368.4043149"
"2025-12-22 10:45:00","56.59497","55.46249","55.51897","55.24576","53.92097"
"2025-12-22 10:45:00","368.4041333"
"2025-12-22 11:00:00","56.62244","55.43807","55.5037","55.23661","53.93166"
"2025-12-22 11:00:00","368.4052241"
"2025-12-22 11:15:00","56.60566","55.44876","55.48386","55.1954","53.93166"
"2025-12-22 11:15:00","368.4041333"
"2025-12-22 11:30:00","56.60566","55.45028","55.54186","55.21066","53.93319"
"2025-12-22 11:30:00","368.4026785"
"2025-12-22 11:45:00","56.60871","55.42892","55.52354","55.22135","53.9576"
"2025-12-22 11:45:00","368.4050425"
"2025-12-22 12:00:00","56.63313","55.43349","55.49759","55.16182","53.86603"
"2025-12-22 12:00:00","368.3854009"
"2025-12-22 12:15:00","56.6026","55.47012","55.51897","55.19693","53.94081"
"2025-12-22 12:15:00","368.3997683"
"2025-12-22 12:30:00","56.62702","55.4396","55.50523","55.16793","53.94692"
"2025-12-22 12:30:00","368.4039513"
"2025-12-22 12:45:00","56.56597","55.42281","55.47318","55.19388","53.93624"
"2025-12-22 12:45:00","368.4003139"
"2025-12-22 13:00:00","56.64228","55.46402","55.5037","55.16945","53.93013"
"2025-12-22 13:00:00","368.4121352"
"2025-12-22 13:15:00","56.62092","55.45486","55.50675","55.19693","53.95608"
"2025-12-22 13:15:00","368.4154084"
"2025-12-22 13:30:00","56.62702","55.43807","55.50217","55.18014","53.93013"
"2025-12-22 13:30:00","368.3995868"
"2025-12-22 13:45:00","56.47287","55.4686","55.47776","54.93288","53.98203"
"2025-12-22 13:45:00","368.4050425"
"2025-12-22 14:00:00","56.61329","55.44265","55.5327","54.92219","53.96371"
"2025-12-22 14:00:00","368.3997683"
"2025-12-22 14:15:00","56.59803","55.43807","55.49912","54.87183","53.94844"
"2025-12-22 14:15:00","368.4039513"
"2025-12-22 14:30:00","56.5904","55.44876","55.50523","54.78636","53.94692"
"2025-12-22 14:30:00","368.3983129"
"2025-12-22 14:45:00","56.58123","55.44723","55.47776","54.533","53.9805"
"2025-12-22 14:45:00","368.3950402"
"2025-12-22 15:00:00","56.61176","55.40144","55.47776","54.60932","53.97134"
"2025-12-22 15:00:00","368.3979493"
"2025-12-22 15:15:00","56.62092","55.44112","55.48844","54.51469","53.96523"
"2025-12-22 15:15:00","368.4046784"
"2025-12-22 15:30:00","56.5965","55.41365","55.51438","54.48569","53.9866"
"2025-12-22 15:30:00","368.4063153"
"2025-12-22 15:45:00","56.62855","55.41212","55.52048","54.44143","54.0095"
"2025-12-22 15:45:00","368.3854009"
"2025-12-22 16:00:00","56.57818","55.43349","55.50217","54.44296","53.97592"
"2025-12-22 16:00:00","368.3888562"
"2025-12-22 16:15:00","56.60566","55.46249","55.50523","54.47805","53.97745"
"2025-12-22 16:15:00","368.4083158"
"2025-12-22 16:30:00","56.64381","55.42892","55.5037","54.47959","54.0034"
"2025-12-22 16:30:00","368.3997683"
"2025-12-22 16:45:00","56.6255","55.43502","55.50675","54.45974","54.02476"
"2025-12-22 16:45:00","368.4054061"
"2025-12-22 17:00:00","56.5965","55.34345","55.52202","54.48722","54.0095"
"2025-12-22 17:00:00","368.4137715"
"2025-12-22 17:15:00","56.62855","55.43349","55.47318","54.47959","54.00491"
"2025-12-22 17:15:00","368.4081343"
"2025-12-22 17:30:00","56.61329","55.45181","55.51743","54.52232","54.02018"
"2025-12-22 17:30:00","368.4103162"
"2025-12-22 17:45:00","56.61634","55.42892","55.5266","54.47042","54.04155"
"2025-12-22 17:45:00","368.4023144"
"2025-12-22 18:00:00","56.6377","55.42433","55.52507","54.45517","54.05376"
"2025-12-22 18:00:00","368.4046784"
"2025-12-22 18:15:00","56.62397","55.31902","55.51438","54.58184","54.07207"
"2025-12-22 18:15:00","368.4086799"
"2025-12-22 18:30:00","56.62397","55.43044","55.50064","54.562","54.05681"
"2025-12-22 18:30:00","368.4077707"
"2025-12-22 18:45:00","56.62702","55.45486","55.49149","54.51774","54.09801"
"2025-12-22 18:45:00","368.3957674"
"2025-12-22 19:00:00","56.64839","55.44265","55.54491","54.61084","54.14686"
"2025-12-22 19:00:00","368.4032241"
"2025-12-22 19:15:00","56.70333","55.48996","55.52812","54.57421","54.17739"
"2025-12-22 19:15:00","368.4037692"
"2025-12-22 19:30:00","56.72623","55.52048","55.52354","54.63374","54.18044"
"2025-12-22 19:30:00","368.3801272"
"2025-12-22 19:45:00","56.73539","55.4686","55.53117","54.64442","54.21097"
"2025-12-22 19:45:00","368.3908572"
"2025-12-22 20:00:00","56.71402","55.44571","55.5266","54.62458","54.2186"
"2025-12-22 20:00:00","368.4043149"
"2025-12-22 20:15:00","56.65602","55.47928","55.50675","54.65816","54.2476"
"2025-12-22 20:15:00","368.4055876"
"2025-12-22 20:30:00","56.77812","55.4747","55.54338","54.73447","54.27201"
"2025-12-22 20:30:00","368.411589"
"2025-12-22 20:45:00","56.72013","55.49149","55.5388","54.6902","54.30407"
"2025-12-22 20:45:00","368.4112255"
"2025-12-22 21:00:00","56.78117","55.4747","55.55407","54.75431","54.17587"
"2025-12-22 21:00:00","368.4063153"
"2025-12-22 21:15:00","56.74454","55.48996","55.52354","54.73599","54.33002"
"2025-12-22 21:15:00","368.4039513"
"2025-12-22 21:30:00","56.7598","55.47165","55.48386","54.70547","54.3117"
"2025-12-22 21:30:00","368.4101342"
"2025-12-22 21:45:00","56.72776","55.50217","55.52965","54.67647","54.32543"
"2025-12-22 21:45:00","368.4108619"
"2025-12-22 22:00:00","56.72318","55.49149","55.54491","54.63679","54.40327"
"2025-12-22 22:00:00","368.4054061"
"2025-12-22 22:15:00","56.73386","55.53117","55.54186","54.7192","54.43838"
"2025-12-22 22:15:00","368.4241385"
"2025-12-22 22:30:00","56.76286","55.5266","55.54033","54.76347","54.42312"
"2025-12-22 22:30:00","368.4168638"
"2025-12-22 22:45:00","56.77202","55.45333","55.4686","54.69326","54.4277"
"2025-12-22 22:45:00","368.3886752"
"2025-12-22 23:00:00","56.73233","55.46249","55.43349","54.76041","54.38496"
"2025-12-22 23:00:00","368.4252293"
"2025-12-22 23:15:00","56.70639","55.45944","55.4396","54.7711","54.44143"
"2025-12-22 23:15:00","368.4214104"
"2025-12-22 23:30:00","56.73844","55.45181","55.42128","54.81383","54.44753"
"2025-12-22 23:30:00","368.4132265"
"2025-12-22 23:45:00","56.73539","55.47165","55.39992","54.79247","54.49332"
"2025-12-22 23:45:00","368.4003139"
"2025-12-23 00:00:00","56.71096","55.48844","55.39228","54.8001","54.5269"
"2025-12-23 00:00:00","368.4121352"
"2025-12-23 00:15:00","56.68349","55.44571","55.36786","54.82299","54.4109"
"2025-12-23 00:15:00","368.4081343"
"2025-12-23 00:30:00","56.66518","55.45791","55.40602","54.8291","54.49027"
"2025-12-23 00:30:00","368.4024959"
"2025-12-23 00:45:00","56.6377","55.43502","55.38923","54.84283","54.49943"
"2025-12-23 00:45:00","368.3970407"
"2025-12-23 01:00:00","56.6255","55.41212","55.36176","54.83215","54.47654"
"2025-12-23 01:00:00","368.4077707"
"2025-12-23 01:15:00","56.64228","55.43502","55.3694","54.80773","54.51316"
"2025-12-23 01:15:00","368.400496"
"2025-12-23 01:30:00","56.64687","55.49302","55.47165","54.83062","54.35443"
"2025-12-23 01:30:00","368.4104983"
"2025-12-23 01:45:00","56.65602","55.47012","55.46249","54.80315","54.37428"
"2025-12-23 01:45:00","368.4030421"
"2025-12-23 02:00:00","56.66212","55.4686","55.42128","54.80773","54.39259"
"2025-12-23 02:00:00","368.4088614"
"2025-12-23 02:15:00","56.61023","55.47165","55.41365","54.84893","54.39259"
"2025-12-23 02:15:00","368.4041333"
"2025-12-23 02:30:00","56.67587","55.48844","55.30223","54.86572","54.38801"
"2025-12-23 02:30:00","368.3955853"
"2025-12-23 02:45:00","56.64381","55.5098","55.40907","54.85809","54.4048"
"2025-12-23 02:45:00","368.398677"
"2025-12-23 03:00:00","56.66823","55.4747","55.38465","54.88251","54.41548"
"2025-12-23 03:00:00","368.409407"
"2025-12-23 03:15:00","56.66212","55.46707","55.40907","54.8932","54.42007"
"2025-12-23 03:15:00","368.4017688"
"2025-12-23 03:30:00","56.66518","55.49607","55.39381","54.8932","54.38801"
"2025-12-23 03:30:00","368.4035877"
"2025-12-23 03:45:00","56.68655","55.48539","55.39228","54.8993","54.46585"
"2025-12-23 03:45:00","368.3979493"
"2025-12-23 04:00:00","56.68502","55.47623","55.45333","54.85352","54.44296"
"2025-12-23 04:00:00","368.4026785"
"2025-12-23 04:15:00","56.65755","55.49607","55.39534","54.89777","54.47959"
"2025-12-23 04:15:00","368.4068609"
"2025-12-23 04:30:00","56.69875","55.49759","55.39076","54.94051","54.49179"
"2025-12-23 04:30:00","368.4026785"
"2025-12-23 04:45:00","56.65144","55.50064","55.36786","54.92983","54.50706"
"2025-12-23 04:45:00","368.3914029"
"2025-12-23 05:00:00","56.65907","55.49302","55.42892","54.93135","54.49179"
"2025-12-23 05:00:00","368.4041333"
"2025-12-23 05:15:00","56.67739","55.48691","55.42587","54.80162","54.51927"
"2025-12-23 05:15:00","368.4017688"
"2025-12-23 05:30:00","56.69112","55.48081","55.44418","54.94509","54.53606"
"2025-12-23 05:30:00","368.3961309"
"2025-12-23 05:45:00","56.68655","55.48996","55.49912","54.95272","54.57574"
"2025-12-23 05:45:00","368.4019508"
"2025-12-23 06:00:00","56.65755","55.51133","55.50828","54.98325","54.56811"
"2025-12-23 06:00:00","368.4064974"
"2025-12-23 06:15:00","56.62244","55.48233","55.5327","54.93746","54.5559"
"2025-12-23 06:15:00","368.4023144"
"2025-12-23 06:30:00","56.66212","55.5037","55.50828","54.97562","54.51163"
"2025-12-23 06:30:00","368.4084978"
"2025-12-23 06:45:00","56.64533","55.47318","55.53575","54.94662","54.5269"
"2025-12-23 06:45:00","368.3954038"
"2025-12-23 07:00:00","56.63923","55.48996","55.55865","54.8993","54.49179"
"2025-12-23 07:00:00","368.4014052"
"2025-12-23 07:15:00","56.66976","55.50675","55.5617","55.00156","54.47348"
"2025-12-23 07:15:00","368.4030421"
"2025-12-23 07:30:00","56.63618","55.48081","55.55102","54.98477","54.49179"
"2025-12-23 07:30:00","368.4070425"
"2025-12-23 07:45:00","56.62244","55.4747","55.56017","54.96646","54.42464"
"2025-12-23 07:45:00","368.3966766"
"2025-12-23 08:00:00","56.62092","55.46402","55.53575","55.00614","54.39259"
"2025-12-23 08:00:00","1361544.45626859"
"2025-12-23 08:00:00","368.4003139"
"2025-12-23 08:15:00","56.60871","55.43655","55.56017","54.89472","54.38649"
"2025-12-23 08:15:00","368.4019508"
"2025-12-23 08:30:00","56.65297","55.48539","55.56475","54.99698","54.38191"
"2025-12-23 08:30:00","368.3994047"
"2025-12-23 08:45:00","56.6316","55.47318","55.55865","55.03209","54.35443"
"2025-12-23 08:45:00","368.3997683"
"2025-12-23 09:00:00","56.59345","55.49759","55.51897","55.01987","54.27964"
"2025-12-23 09:00:00","368.3994047"
"2025-12-23 09:15:00","56.63313","55.46249","55.54797","55.03819","54.29797"
"2025-12-23 09:15:00","368.3955853"
"2025-12-23 09:30:00","56.65755","55.43197","55.56781","55.03666","54.31322"
"2025-12-23 09:30:00","368.4023144"
"2025-12-23 09:45:00","56.61634","55.45333","55.5327","55.01225","54.25676"
"2025-12-23 09:45:00","368.3915844"
"2025-12-23 10:00:00","56.64992","55.46249","55.54949","55.03819","54.23691"
"2025-12-23 10:00:00","368.4099527"
"2025-12-23 10:15:00","56.63618","55.49607","55.51897","55.05956","54.22776"
"2025-12-23 10:15:00","368.3990406"
"2025-12-23 10:30:00","56.6377","55.45028","55.56322","55.01225","54.24455"
"2025-12-23 10:30:00","368.3874014"
"2025-12-23 10:45:00","56.59345","55.43349","55.53728","54.96798","54.16518"
"2025-12-23 10:45:00","368.3955853"
"2025-12-23 11:00:00","56.61787","55.47165","55.52812","54.99851","54.22318"
"2025-12-23 11:00:00","368.3946761"
"2025-12-23 11:15:00","56.60871","55.35413","55.54338","55.00767","54.22012"
"2025-12-23 11:15:00","368.3992227"
"2025-12-23 11:30:00","56.61939","55.45791","55.50217","55.00919","54.19723"
"2025-12-23 11:30:00","368.4003139"
"2025-12-23 11:45:00","56.57818","55.44723","55.54491","54.97256","54.20486"
"2025-12-23 11:45:00","368.3966766"
"2025-12-23 12:00:00","56.58276","55.42281","55.51286","55.00309","54.14076"
"2025-12-23 12:00:00","368.3983129"
"2025-12-23 12:15:00","56.57818","55.42587","55.56628","54.95578","54.16824"
"2025-12-23 12:15:00","368.3972222"
"2025-12-23 12:30:00","56.56597","55.40755","55.54797","54.92219","54.18044"
"2025-12-23 12:30:00","368.4032241"
"2025-12-23 12:45:00","56.60718","55.45639","55.49759","54.92525","54.14686"
"2025-12-23 12:45:00","368.4124988"
"2025-12-23 13:00:00","56.58886","55.45639","55.48539","54.92678","54.17129"
"2025-12-23 13:00:00","368.4052241"
"2025-12-23 13:15:00","56.56292","55.3816","55.50064","54.86572","54.17281"
"2025-12-23 13:15:00","368.407406"
"2025-12-23 13:30:00","56.5736","55.4045","55.4747","54.8932","54.22318"
"2025-12-23 13:30:00","368.4059518"
"2025-12-23 13:45:00","56.58429","55.40755","55.48844","54.8932","54.26896"
"2025-12-23 13:45:00","368.3974043"
"2025-12-23 14:00:00","56.57208","55.34955","55.43044","54.91456","54.18044"
"2025-12-23 14:00:00","368.4015872"
"2025-12-23 14:15:00","56.55376","55.43044","55.46555","54.89472","54.12245"
"2025-12-23 14:15:00","368.4019508"
"2025-12-23 14:30:00","56.54002","55.39381","55.46096","54.85504","54.16213"
"2025-12-23 14:30:00","368.400496"
"2025-12-23 14:45:00","56.5675","55.36786","55.41976","54.85962","54.12397"
"2025-12-23 14:45:00","368.3983129"
"2025-12-23 15:00:00","56.54613","55.40144","55.37703","54.87946","54.13008"
"2025-12-23 15:00:00","368.3983129"
"2025-12-23 15:15:00","56.52018","55.39992","55.38313","54.84893","54.18349"
"2025-12-23 15:15:00","368.398677"
"2025-12-23 15:30:00","56.52171","55.36023","55.37703","54.78941","54.20181"
"2025-12-23 15:30:00","368.398677"
"2025-12-23 15:45:00","56.5385","55.39992","55.40144","54.77262","54.10412"
"2025-12-23 15:45:00","368.3964945"
"2025-12-23 16:00:00","56.5385","55.34497","55.39381","54.74821","54.18044"
"2025-12-23 16:00:00","368.3994047"
"2025-12-23 16:15:00","56.51408","55.3694","55.43044","54.78026","54.21249"
"2025-12-23 16:15:00","368.3864922"
"2025-12-23 16:30:00","56.48355","55.31902","55.42433","54.8062","54.19876"
"2025-12-23 16:30:00","368.4015872"
"2025-12-23 16:45:00","56.4164","55.34497","55.40907","54.86572","54.24912"
"2025-12-23 16:45:00","368.3999504"
"2025-12-23 17:00:00","56.52018","55.28697","55.41212","54.84741","54.22928"
"2025-12-23 17:00:00","368.4012231"
"2025-12-23 17:15:00","56.51255","55.36634","55.40297","54.87031","54.16518"
"2025-12-23 17:15:00","368.3930392"
"2025-12-23 17:30:00","56.5385","55.36634","55.41518","54.89625","54.15602"
"2025-12-23 17:30:00","368.4019508"
"2025-12-23 17:45:00","56.52477","55.36634","55.39687","54.8642","54.21249"
"2025-12-23 17:45:00","368.4101342"
"2025-12-23 18:00:00","56.55071","55.37091","55.43655","54.88251","54.18502"
"2025-12-23 18:00:00","368.4084978"
"2025-12-23 18:15:00","56.5675","55.41976","55.42587","54.90541","54.27049"
"2025-12-23 18:15:00","368.413408"
"2025-12-23 18:30:00","56.61939","55.34039","55.43197","54.87794","54.23081"
"2025-12-23 18:30:00","368.4123173"
"2025-12-23 18:45:00","56.66823","55.37397","55.42587","54.8932","54.25065"
"2025-12-23 18:45:00","368.3912208"
"2025-12-23 19:00:00","56.63007","55.39381","55.43655","54.68715","54.26133"
"2025-12-23 19:00:00","368.4159541"
"2025-12-23 19:15:00","56.57971","55.35871","55.41212","54.85199","54.22165"
"2025-12-23 19:15:00","368.4183181"
"2025-12-23 19:30:00","56.61023","55.4106","55.37703","54.89625","54.29033"
"2025-12-23 19:30:00","368.4021323"
"2025-12-23 19:45:00","56.58276","55.40297","55.42587","54.91609","54.32391"
"2025-12-23 19:45:00","368.4054061"
"2025-12-23 20:00:00","56.54156","55.43807","55.32666","54.96798","54.32238"
"2025-12-23 20:00:00","368.3943125"
"2025-12-23 20:15:00","56.52934","55.41212","55.38618","54.96493","54.32849"
"2025-12-23 20:15:00","368.4044969"
"2025-12-23 20:30:00","56.61939","55.42433","55.46707","54.97867","54.26744"
"2025-12-23 20:30:00","368.4104983"
"2025-12-23 20:45:00","56.6255","55.44723","55.49607","55.0214","54.12397"
"2025-12-23 20:45:00","368.3988591"
"2025-12-23 21:00:00","56.64228","55.45486","55.48233","54.98477","53.96371"
"2025-12-23 21:00:00","368.3966766"
"2025-12-23 21:15:00","56.6957","55.46555","55.33429","55.06566","53.90724"
"2025-12-23 21:15:00","368.415772"
"2025-12-23 21:30:00","56.69112","55.4686","55.49302","55.10382","53.86145"
"2025-12-23 21:30:00","368.4166818"
"2025-12-23 21:45:00","56.6957","55.47318","55.52965","55.1313","53.88282"
"2025-12-23 21:45:00","368.4023144"
"2025-12-23 22:00:00","56.67739","55.4747","55.51743","55.10992","53.79887"
"2025-12-23 22:00:00","368.4248657"
"2025-12-23 22:15:00","56.72165","55.51133","55.42433","55.12671","53.84008"
"2025-12-23 22:15:00","368.4123173"
"2025-12-23 22:30:00","56.67892","55.5037","55.47928","55.12977","53.84008"
"2025-12-23 22:30:00","368.4077707"
"2025-12-23 22:45:00","56.69875","55.44418","55.5098","55.13435","53.83245"
"2025-12-23 22:45:00","368.4164992"
"2025-12-23 23:00:00","56.67281","55.47776","55.54491","55.12214","53.71493"
"2025-12-23 23:00:00","368.407406"
"2025-12-23 23:15:00","56.64228","55.46096","55.53117","55.15114","53.7073"
"2025-12-23 23:15:00","368.4054061"
"2025-12-23 23:30:00","56.62092","55.4747","55.54643","55.1374","53.70272"
"2025-12-23 23:30:00","368.4068609"
"2025-12-23 23:45:00","56.62092","55.47318","55.5037","54.97409","53.68593"
"2025-12-23 23:45:00","368.4057697"
"2025-12-24 00:00:00","56.60718","55.45181","55.5037","54.97562","53.6722"
"2025-12-24 00:00:00","368.4039513"
"2025-12-24 00:15:00","56.63618","55.46096","55.47928","54.90846","53.67067"
"2025-12-24 00:15:00","368.4021323"
"2025-12-24 00:30:00","56.57055","55.42892","55.45791","54.79247","53.64167"
"2025-12-24 00:30:00","368.4032241"
"2025-12-24 00:45:00","56.55376","55.46249","55.48539","54.74362","53.64472"
"2025-12-24 00:45:00","368.3994047"
"2025-12-24 01:00:00","56.59192","55.44418","55.49302","54.66426","53.55926"
"2025-12-24 01:00:00","368.4008596"
"2025-12-24 01:15:00","56.5095","55.43044","55.53423","54.67647","53.66304"
"2025-12-24 01:15:00","368.4019508"
"2025-12-24 01:30:00","56.57971","55.41365","55.45944","54.63374","53.59741"
"2025-12-24 01:30:00","368.4012231"
"2025-12-24 01:45:00","56.5385","55.39534","55.50675","54.533","53.52872"
"2025-12-24 01:45:00","368.407406"
"2025-12-24 02:00:00","56.55682","55.42739","55.37245","54.55285","53.57452"
"2025-12-24 02:00:00","368.4023144"
"2025-12-24 02:15:00","56.47898","55.42739","55.48844","54.40633","53.6142"
"2025-12-24 02:15:00","368.3941305"
"2025-12-24 02:30:00","56.55682","55.39687","55.48386","54.37885","53.5913"
"2025-12-24 02:30:00","368.4028595"
"2025-12-24 02:45:00","56.51866","55.39687","55.4747","54.34986","53.57299"
"2025-12-24 02:45:00","368.4061338"
"2025-12-24 03:00:00","56.51561","55.39228","55.43349","54.37733","53.50431"
"2025-12-24 03:00:00","368.3974043"
"2025-12-24 03:15:00","56.52171","55.39228","55.46707","54.45974","53.66609"
"2025-12-24 03:15:00","368.4037692"
"2025-12-24 03:30:00","56.55224","55.33582","55.43044","54.39717","53.66914"
"2025-12-24 03:30:00","368.4077707"
"2025-12-24 03:45:00","56.51255","55.3526","55.41976","54.50858","53.63709"
"2025-12-24 03:45:00","368.4050425"
"2025-12-24 04:00:00","56.56597","55.37397","55.43197","54.49332","53.70578"
"2025-12-24 04:00:00","368.4050425"
"2025-12-24 04:15:00","56.50187","55.33582","55.42587","54.46432","53.72256"
"2025-12-24 04:15:00","368.4015872"
"2025-12-24 04:30:00","56.52018","55.36023","55.42128","54.43685","53.71798"
"2025-12-24 04:30:00","368.4052241"
"2025-12-24 04:45:00","56.47287","55.37397","55.41518","54.47805","53.71188"
"2025-12-24 04:45:00","368.3886752"
"2025-12-24 05:00:00","56.49424","55.38465","55.38771","54.50248","53.70883"
"2025-12-24 05:00:00","368.4034057"
"2025-12-24 05:15:00","56.37214","55.34192","55.38008","54.42007","53.73477"
"2025-12-24 05:15:00","368.3959494"
"2025-12-24 05:30:00","56.51561","55.34955","55.37397","54.39259","53.72104"
"2025-12-24 05:30:00","368.3997683"
"2025-12-24 05:45:00","56.48203","55.29766","55.28697","54.34528","53.74393"
"2025-12-24 05:45:00","368.4050425"
"2025-12-24 06:00:00","56.47287","55.2946","55.3465","54.36817","53.70883"
"2025-12-24 06:00:00","368.4043149"
"2025-12-24 06:15:00","56.40724","55.31139","55.30071","54.34222","53.73172"
"2025-12-24 06:15:00","368.3950402"
"2025-12-24 06:30:00","56.44082","55.26866","55.29308","54.29491","53.73019"
"2025-12-24 06:30:00","368.3995868"
"2025-12-24 06:45:00","56.42097","55.25798","55.19998","54.30407","53.73782"
"2025-12-24 06:45:00","368.4044969"
"2025-12-24 07:00:00","56.41029","55.23508","55.14198","54.17739","53.73019"
"2025-12-24 07:00:00","368.4050425"
"2025-12-24 07:15:00","56.40572","55.19846","55.2473","54.15145","53.67067"
"2025-12-24 07:15:00","368.398677"
"2025-12-24 07:30:00","56.37214","55.21524","55.19693","54.20181","53.64931"
"2025-12-24 07:30:00","368.4035877"
"2025-12-24 07:45:00","56.30041","55.18166","55.11145","54.10871","53.65541"
"2025-12-24 07:45:00","368.3954038"
"2025-12-24 08:00:00","56.29583","55.13588","55.09467","54.1896","53.6722"
"2025-12-24 08:00:00","1365644.99291022"
"2025-12-24 08:00:00","368.3830369"
"2025-12-24 08:15:00","56.27751","55.11755","55.15419","54.17892","53.66762"
"2025-12-24 08:15:00","368.4043149"
"2025-12-24 08:30:00","56.25309","55.11755","55.16335","54.15755","53.47684"
"2025-12-24 08:30:00","368.4055876"
"2025-12-24 08:45:00","56.23325","55.10687","55.1145","54.17587","53.63251"
"2025-12-24 08:45:00","368.4054061"
"2025-12-24 09:00:00","56.2302","55.07329","55.16793","54.16365","53.63709"
"2025-12-24 09:00:00","368.4003139"
"2025-12-24 09:15:00","56.21341","55.06872","55.10687","54.11634","53.65694"
"2025-12-24 09:15:00","368.3964945"
"2025-12-24 09:30:00","56.21494","55.04277","55.1084","54.09344","53.6432"
"2025-12-24 09:30:00","368.4043149"
"2025-12-24 09:45:00","56.20425","55.06261","55.09467","54.12245","53.60657"
"2025-12-24 09:45:00","368.3954038"
"2025-12-24 10:00:00","56.2302","55.05498","55.12977","54.03392","53.64777"
"2025-12-24 10:00:00","368.3988591"
"2025-12-24 10:15:00","56.21494","55.04429","55.12366","54.09955","53.63404"
"2025-12-24 10:15:00","368.400496"
"2025-12-24 10:30:00","56.18288","55.0504","55.09618","54.08123","53.61878"
"2025-12-24 10:30:00","368.3975858"
"2025-12-24 10:45:00","56.19815","55.03056","55.1084","54.08886","53.62946"
"2025-12-24 10:45:00","368.3943125"
"2025-12-24 11:00:00","56.15083","55.03971","55.05193","54.15755","53.71646"
"2025-12-24 11:00:00","368.4006775"
"2025-12-24 11:15:00","56.17373","54.99698","55.02445","54.08123","53.64167"
"2025-12-24 11:15:00","368.3932213"
"2025-12-24 11:30:00","56.16151","55.01987","55.01072","54.0034","53.64777"
"2025-12-24 11:30:00","368.3981319"
"2025-12-24 11:45:00","56.15693","54.96035","54.98019","53.99728","53.57605"
"2025-12-24 11:45:00","368.4106804"
"2025-12-24 12:00:00","56.13404","54.98935","54.97867","54.02476","53.66304"
"2025-12-24 12:00:00","368.407406"
"2025-12-24 12:15:00","56.11726","54.92219","54.97409","54.04765","53.69967"
"2025-12-24 12:15:00","368.4012231"
"2025-12-24 12:30:00","56.13709","54.91761","54.98172","54.00186","53.6142"
"2025-12-24 12:30:00","368.4064974"
"2025-12-24 12:45:00","56.05773","54.9283","54.98935","54.03239","53.62946"
"2025-12-24 12:45:00","368.3992227"
"2025-12-24 13:00:00","56.06231","54.88709","54.92525","54.05681","53.68898"
"2025-12-24 13:00:00","368.3968586"
"2025-12-24 13:15:00","56.0211","54.85962","54.91609","54.08276","53.64777"
"2025-12-24 13:15:00","368.4044969"
"2025-12-24 13:30:00","56.00431","54.87031","54.94509","54.20181","53.63099"
"2025-12-24 13:30:00","368.3941305"
"2025-12-24 13:45:00","56.01652","54.85962","54.9573","54.20028","53.66914"
"2025-12-24 13:45:00","368.3941305"
"2025-12-24 14:00:00","56.04704","54.88862","54.92678","54.27659","53.66304"
"2025-12-24 14:00:00","368.3964945"
"2025-12-24 14:15:00","56.0272","54.90541","54.97867","54.3758","53.62488"
"2025-12-24 14:15:00","368.3906752"
"2025-12-24 14:30:00","56.05468","54.88404","54.96798","54.58184","53.67372"
"2025-12-24 14:30:00","368.3919479"
"2025-12-24 14:45:00","56.01957","54.87336","54.95578","54.60779","53.71493"
"2025-12-24 14:45:00","368.3934028"
"2025-12-24 15:00:00","56.0272","54.89472","54.93593","54.67647","54.00034"
"2025-12-24 15:00:00","368.3910387"
"2025-12-24 15:15:00","56.01652","54.8932","54.96646","54.68563","54.30712"
"2025-12-24 15:15:00","368.3954038"
"2025-12-24 15:30:00","56.015","54.87031","54.97104","54.707","54.475"
"2025-12-24 15:30:00","368.3917664"
"2025-12-24 15:45:00","55.91579","54.92678","55.00614","54.68715","54.62916"
"2025-12-24 15:45:00","368.3972222"
"2025-12-24 16:00:00","56.09894","54.94509","55.00462","54.71463","54.63221"
"2025-12-24 16:00:00","368.3924941"
"2025-12-24 16:15:00","56.07757","54.93898","54.87336","54.75126","54.59558"
"2025-12-24 16:15:00","368.3812185"
"2025-12-24 16:30:00","56.11267","54.96035","55.03819","54.75431","54.60779"
"2025-12-24 16:30:00","368.37958213"
"2025-12-24 16:45:00","56.0852","54.94509","55.04124","54.74362","54.60932"
"2025-12-24 16:45:00","368.3883111"
"2025-12-24 17:00:00","56.10046","54.94356","55.03361","54.61848","54.62916"
"2025-12-24 17:00:00","368.3994047"
"2025-12-24 17:15:00","56.10962","54.9573","55.04124","54.75736","54.63831"
"2025-12-24 17:15:00","368.3804908"
"2025-12-24 17:30:00","56.11267","54.97562","55.04277","54.76499","54.61695"
"2025-12-24 17:30:00","368.3934028"
"2025-12-24 17:45:00","56.12336","54.97867","55.02293","54.77721","54.60627"
"2025-12-24 17:45:00","368.4057697"
"2025-12-24 18:00:00","56.12946","54.96493","55.07787","54.72379","54.41548"
"2025-12-24 18:00:00","368.3868563"
"2025-12-24 18:15:00","56.13251","54.97104","55.06872","54.74362","54.60627"
"2025-12-24 18:15:00","368.4083158"
"2025-12-24 18:30:00","56.1142","54.97256","55.03666","54.73141","54.43685"
"2025-12-24 18:30:00","368.393949"
"2025-12-24 18:45:00","56.11572","54.97256","55.04734","54.75889","54.38954"
"2025-12-24 18:45:00","368.37558065"
"2025-12-24 19:00:00","56.15083","55.03514","54.94662","54.76194","54.39564"
"2025-12-24 19:00:00","368.3994047"
"2025-12-24 19:15:00","56.19357","55.00309","55.07177","54.78789","54.64747"
"2025-12-24 19:15:00","368.4032241"
"2025-12-24 19:30:00","56.19204","55.04277","55.09772","54.78026","54.17587"
"2025-12-24 19:30:00","368.4101342"
"2025-12-24 19:45:00","56.28362","55.04888","55.13893","54.79399","53.70883"
"2025-12-24 19:45:00","368.4219555"
"2025-12-24 20:00:00","56.28973","55.06719","55.12977","54.75889","53.82024"
"2025-12-24 20:00:00","368.4023144"
"2025-12-24 20:15:00","56.31414","55.15114","55.16793","54.8001","53.76987"
"2025-12-24 20:15:00","368.4150449"
"2025-12-24 20:30:00","56.39045","55.14504","55.15725","54.80925","53.7012"
"2025-12-24 20:30:00","368.4332317"
"2025-12-24 20:45:00","56.39351","55.21219","55.16182","54.8001","53.75919"
"2025-12-24 20:45:00","368.4188637"
"2025-12-24 21:00:00","56.44998","55.17861","55.1374","54.80925","53.76682"
"2025-12-24 21:00:00","368.4255928"
"2025-12-24 21:15:00","56.46371","55.20303","55.12825","54.8413","53.66914"
"2025-12-24 21:15:00","368.4248657"
"2025-12-24 21:30:00","56.64992","55.28239","55.27019","54.81536","53.56384"
"2025-12-24 21:30:00","368.4295938"
"2025-12-24 21:45:00","56.75828","55.27171","55.1954","54.79552","53.59436"
"2025-12-24 21:45:00","368.4288661"
"2025-12-24 22:00:00","56.74149","55.26255","55.25645","54.81536","53.62336"
"2025-12-24 22:00:00","368.4286851"
"2025-12-24 22:15:00","56.84528","55.27477","55.2885","54.88404","53.64931"
"2025-12-24 22:15:00","368.4243195"
"2025-12-24 22:30:00","56.92159","55.27324","55.2244","54.98019","53.58673"
"2025-12-24 22:30:00","368.4199556"
"2025-12-24 22:45:00","56.92006","55.21524","55.32819","54.96951","53.61573"
"2025-12-24 22:45:00","368.3937669"
"2025-12-24 23:00:00","56.68807","55.36481","55.41976","54.92678","53.64777"
"2025-12-24 23:00:00","368.4055876"
"2025-12-24 23:15:00","56.66823","55.42281","55.40755","54.90236","53.61725"
"2025-12-24 23:15:00","368.4079522"
"2025-12-24 23:30:00","56.6026","55.42281","55.45333","54.92219","53.58215"
"2025-12-24 23:30:00","368.4159541"
"2025-12-24 23:45:00","56.54308","55.42281","55.45639","54.91304","53.49363"
"2025-12-24 23:45:00","368.3990406"
"2025-12-25 00:00:00","56.54308","55.4045","55.48233","54.93441","53.53178"
"2025-12-25 00:00:00","368.4110439"
"2025-12-25 00:15:00","56.52477","55.40755","55.48844","54.89014","53.54247"
"2025-12-25 00:15:00","368.4201371"
"2025-12-25 00:30:00","56.53392","55.34039","55.41823","54.8993","53.60657"
"2025-12-25 00:30:00","368.4068609"
"2025-12-25 00:45:00","56.53087","55.34497","55.43349","54.81841","53.457"
"2025-12-25 00:45:00","368.3984955"
"2025-12-25 01:00:00","56.5736","55.4106","55.40602","54.93898","53.43868"
"2025-12-25 01:00:00","368.4026785"
"2025-12-25 01:15:00","56.55987","55.45486","55.47623","54.8932","53.40358"
"2025-12-25 01:15:00","368.409407"
"2025-12-25 01:30:00","56.55834","55.38313","55.40602","54.84283","53.42648"
"2025-12-25 01:30:00","368.3970407"
"2025-12-25 01:45:00","56.5034","55.37091","55.41518","54.80468","53.428"
"2025-12-25 01:45:00","368.4041333"
"2025-12-25 02:00:00","56.47898","55.36634","55.2473","54.62","53.41426"
"2025-12-25 02:00:00","368.4034057"
"2025-12-25 02:15:00","56.51713","55.33124","55.40907","54.45059","53.44784"
"2025-12-25 02:15:00","368.4019508"
"2025-12-25 02:30:00","56.54002","55.2473","55.42587","54.40785","53.49973"
"2025-12-25 02:30:00","368.4046784"
"2025-12-25 02:45:00","56.54766","55.39381","55.43349","54.43533","53.51041"
"2025-12-25 02:45:00","368.4019508"
"2025-12-25 03:00:00","56.52934","55.35108","55.36786","54.43533","53.53484"
"2025-12-25 03:00:00","368.3992227"
"2025-12-25 03:15:00","56.4805","55.29308","55.41823","54.45974","53.52721"
"2025-12-25 03:15:00","368.3979493"
"2025-12-25 03:30:00","56.45303","55.31139","55.36481","54.44143","53.56536"
"2025-12-25 03:30:00","368.4046784"
"2025-12-25 03:45:00","56.43472","55.27171","55.35566","54.52232","53.60199"
"2025-12-25 03:45:00","368.4035877"
"2025-12-25 04:00:00","56.43472","55.25492","55.3175","54.54827","53.67525"
"2025-12-25 04:00:00","368.3968586"
"2025-12-25 04:15:00","56.40419","55.27629","55.32971","54.62916","53.59589"
"2025-12-25 04:15:00","368.393949"
"2025-12-25 04:30:00","56.37825","55.26255","55.30834","54.75126","53.62793"
"2025-12-25 04:30:00","368.3990406"
"2025-12-25 04:45:00","56.37672","55.24881","55.19998","54.67189","53.71188"
"2025-12-25 04:45:00","368.396313"
"2025-12-25 05:00:00","56.36145","55.23813","55.30529","54.68258","53.76072"
"2025-12-25 05:00:00","368.3908572"
"2025-12-25 05:15:00","56.34772","55.24576","55.30987","54.71615","53.75919"
"2025-12-25 05:15:00","368.39213"
"2025-12-25 05:30:00","56.37825","55.24271","55.28392","54.62153","53.7653"
"2025-12-25 05:30:00","368.3946761"
"2025-12-25 05:45:00","56.32635","55.19234","55.2595","54.71157","53.75308"
"2025-12-25 05:45:00","368.3919479"
"2025-12-25 06:00:00","56.36298","55.20151","55.27019","54.71005","53.75156"
"2025-12-25 06:00:00","368.4001319"
"2025-12-25 06:15:00","56.35077","55.1725","55.30223","54.73599","53.8004"
"2025-12-25 06:15:00","368.4070425"
"2025-12-25 06:30:00","56.32941","55.20914","55.27324","54.84893","53.79124"
"2025-12-25 06:30:00","368.3864922"
"2025-12-25 06:45:00","56.32025","55.16335","55.2534","54.8413","53.79735"
"2025-12-25 06:45:00","368.3995868"
"2025-12-25 07:00:00","56.34314","55.20303","55.30071","54.83215","53.84619"
"2025-12-25 07:00:00","368.3881291"
"2025-12-25 07:15:00","56.32178","55.19693","55.26408","54.88251","53.62793"
"2025-12-25 07:15:00","368.3863107"
"2025-12-25 07:30:00","56.31567","55.12061","55.25492","54.86115","53.78667"
"2025-12-25 07:30:00","368.3961309"
"2025-12-25 07:45:00","56.30956","55.17403","55.24881","54.88404","53.82177"
"2025-12-25 07:45:00","368.3917664"
"2025-12-25 08:00:00","56.34772","55.1725","55.25492","54.89014","53.83703"
"2025-12-25 08:00:00","1375054.25251824"
"2025-12-25 08:00:00","368.3975858"
"2025-12-25 08:15:00","56.32025","55.18624","55.24576","54.89777","53.82329"
"2025-12-25 08:15:00","368.3959494"
"2025-12-25 08:30:00","56.32483","55.17098","55.21982","54.93746","53.83245"
"2025-12-25 08:30:00","368.3890388"
"2025-12-25 08:45:00","56.32635","55.05803","55.24424","54.92067","53.82024"
"2025-12-25 08:45:00","368.3961309"
"2025-12-25 09:00:00","56.27293","55.15572","55.23661","54.91304","53.75919"
"2025-12-25 09:00:00","368.3948582"
"2025-12-25 09:15:00","56.32025","55.17556","55.25492","54.89472","53.80346"
"2025-12-25 09:15:00","368.3906752"
"2025-12-25 09:30:00","56.31414","55.15114","55.23661","54.8062","53.80498"
"2025-12-25 09:30:00","368.3992227"
"2025-12-25 09:45:00","56.29736","55.12825","55.20151","54.82299","53.80498"
"2025-12-25 09:45:00","368.3884926"
"2025-12-25 10:00:00","56.26377","55.14656","55.2305","54.80773","53.81261"
"2025-12-25 10:00:00","368.3877655"
"2025-12-25 10:15:00","56.13251","55.15877","55.23813","54.81078","53.80956"
"2025-12-25 10:15:00","368.3952217"
"2025-12-25 10:30:00","56.26072","55.12825","55.24576","54.73294","53.79735"
"2025-12-25 10:30:00","368.3943125"
"2025-12-25 10:45:00","56.12336","55.16182","55.23966","54.67647","53.81719"
"2025-12-25 10:45:00","368.3868563"
"2025-12-25 11:00:00","56.25157","55.08092","55.21219","54.36054","53.81566"
"2025-12-25 11:00:00","368.3974043"
"2025-12-25 11:15:00","56.26377","55.14045","55.21524","54.41701","53.71493"
"2025-12-25 11:15:00","368.3906752"
"2025-12-25 11:30:00","56.23935","55.0855","55.19234","54.31017","53.73477"
"2025-12-25 11:30:00","368.4017688"
"2025-12-25 11:45:00","56.24088","55.13893","55.17403","54.1545","53.68441"
"2025-12-25 11:45:00","368.3895839"
"2025-12-25 12:00:00","56.23935","55.0855","55.18624","54.15297","53.61725"
"2025-12-25 12:00:00","368.385583"
"2025-12-25 12:15:00","56.21646","55.06261","55.12519","54.14991","53.63557"
"2025-12-25 12:15:00","368.3926756"
"2025-12-25 12:30:00","56.21494","55.04734","55.10687","54.05986","53.68135"
"2025-12-25 12:30:00","368.3915844"
"2025-12-25 12:45:00","56.19357","55.02445","55.1374","54.13465","53.65541"
"2025-12-25 12:45:00","368.3881291"
"2025-12-25 13:00:00","56.19204","55.0153","55.10535","54.11023","53.62946"
"2025-12-25 13:00:00","368.3937669"
"2025-12-25 13:15:00","55.99667","55.05498","55.1145","54.12855","53.64777"
"2025-12-25 13:15:00","368.3932213"
"2025-12-25 13:30:00","56.19204","55.04429","54.99393","54.16671","53.74393"
"2025-12-25 13:30:00","368.3988591"
"2025-12-25 13:45:00","56.18288","55.03209","55.12671","54.27964","53.7424"
"2025-12-25 13:45:00","368.3859471"
"2025-12-25 14:00:00","56.12641","55.04429","54.98019","54.34222","53.65999"
"2025-12-25 14:00:00","368.3819456"
"2025-12-25 14:15:00","56.10809","54.99241","55.13893","54.33154","53.73019"
"2025-12-25 14:15:00","368.393949"
"2025-12-25 14:30:00","56.15541","55.00156","55.1084","54.25523","53.74088"
"2025-12-25 14:30:00","368.3915844"
"2025-12-25 14:45:00","56.10962","54.98172","55.01682","54.60779","53.69967"
"2025-12-25 14:45:00","368.3941305"
"2025-12-25 15:00:00","56.11572","54.97409","55.03666","54.54369","53.78209"
"2025-12-25 15:00:00","368.37157972"
"2025-12-25 15:15:00","56.11115","54.98782","55.04888","54.72531","53.77446"
"2025-12-25 15:15:00","368.3935854"
"2025-12-25 15:30:00","56.12641","54.96798","55.05956","54.79705","53.77293"
"2025-12-25 15:30:00","368.3859471"
"2025-12-25 15:45:00","56.10046","54.96951","55.06414","54.76347","53.87977"
"2025-12-25 15:45:00","368.3843096"
"2025-12-25 16:00:00","56.10809","54.96951","55.01987","54.78331","53.89503"
"2025-12-25 16:00:00","368.37867238"
"2025-12-25 16:15:00","56.10809","54.97714","55.00767","54.77415","53.95455"
"2025-12-25 16:15:00","368.3946761"
"2025-12-25 16:30:00","56.08062","54.93898","55.03666","54.78026","53.96371"
"2025-12-25 16:30:00","368.3895839"
"2025-12-25 16:45:00","56.07146","54.97104","55.0153","54.76499","54.09039"
"2025-12-25 16:45:00","368.39213"
"2025-12-25 17:00:00","56.09741","54.96341","54.92373","54.77415","54.22623"
"2025-12-25 17:00:00","368.394494"
"2025-12-25 17:15:00","56.1142","54.98325","55.02598","54.77873","54.55743"
"2025-12-25 17:15:00","368.3894024"
"2025-12-25 17:30:00","56.10657","54.94967","55.04124","54.77415","54.60932"
"2025-12-25 17:30:00","368.3959494"
"2025-12-25 17:45:00","56.10657","54.9573","55.03514","54.77567","54.50401"
"2025-12-25 17:45:00","368.4154084"
"2025-12-25 18:00:00","56.09131","54.98325","54.94814","54.79247","54.61848"
"2025-12-25 18:00:00","368.4128623"
"2025-12-25 18:15:00","56.15541","54.98477","55.0504","54.78026","54.65357"
"2025-12-25 18:15:00","368.415772"
"2025-12-25 18:30:00","56.14778","54.97256","55.02598","54.76194","54.649"
"2025-12-25 18:30:00","368.4090435"
"2025-12-25 18:45:00","56.12183","55.01072","54.97867","54.78789","54.61848"
"2025-12-25 18:45:00","368.4146807"
"2025-12-25 19:00:00","56.15693","54.99546","55.02903","54.77415","54.66731"
"2025-12-25 19:00:00","368.4234103"
"2025-12-25 19:15:00","56.12183","55.00614","55.05193","54.75584","54.63068"
"2025-12-25 19:15:00","368.4245021"
"2025-12-25 19:30:00","56.16763","54.9863","55.06566","54.76194","54.43075"
"2025-12-25 19:30:00","368.4259569"
"2025-12-25 19:45:00","56.12641","55.01682","55.02293","54.77567","54.42617"
"2025-12-25 19:45:00","368.4172274"
"2025-12-25 20:00:00","56.08367","54.95883","55.03666","54.80162","54.42007"
"2025-12-25 20:00:00","368.4154084"
"2025-12-25 20:15:00","56.11115","54.97562","55.01225","54.79857","54.50248"
"2025-12-25 20:15:00","368.4163182"
"2025-12-25 20:30:00","56.08062","54.94662","55.03056","54.75736","54.49027"
"2025-12-25 20:30:00","368.4032241"
"2025-12-25 20:45:00","56.08825","54.93898","55.02903","54.77721","54.54674"
"2025-12-25 20:45:00","368.3881291"
"2025-12-25 21:00:00","56.12031","54.92983","54.9863","54.78789","54.591"
"2025-12-25 21:00:00","368.3995868"
"2025-12-25 21:15:00","56.10352","54.94509","54.99088","54.80773","54.60779"
"2025-12-25 21:15:00","368.4084978"
"2025-12-25 21:30:00","56.0852","54.97104","55.04277","54.78484","54.54522"
"2025-12-25 21:30:00","368.4050425"
"2025-12-25 21:45:00","56.10504","54.93135","55.02445","54.72073","54.55285"
"2025-12-25 21:45:00","368.4034057"
"2025-12-25 22:00:00","56.11115","54.94967","55.03514","54.76804","54.58947"
"2025-12-25 22:00:00","368.3959494"
"2025-12-25 22:15:00","56.06841","54.96341","54.98325","54.80162","54.37733"
"2025-12-25 22:15:00","368.4015872"
"2025-12-25 22:30:00","56.08825","54.95425","55.00309","54.75889","54.05376"
"2025-12-25 22:30:00","368.3903116"
"2025-12-25 22:45:00","56.06231","54.94051","54.97867","54.81689","54.01408"
"2025-12-25 22:45:00","368.4068609"
"2025-12-25 23:00:00","56.07299","54.90693","55.01225","54.76652","54.05376"
"2025-12-25 23:00:00","368.3970407"
"2025-12-25 23:15:00","56.0852","54.91761","55.0153","54.76347","54.03086"
"2025-12-25 23:15:00","368.3954038"
"2025-12-25 23:30:00","56.04246","54.94356","55.01835","54.74057","54.08581"
"2025-12-25 23:30:00","368.3843096"
"2025-12-25 23:45:00","56.06078","54.91304","54.96493","54.73447","54.04307"
"2025-12-25 23:45:00","368.3932213"
"2025-12-26 00:00:00","56.02415","54.85352","54.97867","54.76347","54.0034"
"2025-12-26 00:00:00","368.3961309"
"2025-12-26 00:15:00","56.01652","54.91761","54.98019","54.75584","54.00034"
"2025-12-26 00:15:00","368.3961309"
"2025-12-26 00:30:00","56.0562","54.90693","54.9863","54.78178","54.0095"
"2025-12-26 00:30:00","368.36357786"
"2025-12-26 00:45:00","55.92495","54.91456","54.97867","54.75278","53.99423"
"2025-12-26 00:45:00","368.3804908"
"2025-12-26 01:00:00","56.01957","54.91456","54.98477","54.75126","53.91487"
"2025-12-26 01:00:00","368.3906752"
"2025-12-26 01:15:00","56.03636","54.90388","54.97256","54.75278","53.91029"
"2025-12-26 01:15:00","368.3928577"
"2025-12-26 01:30:00","56.03331","54.90236","55.01072","54.75126","53.87366"
"2025-12-26 01:30:00","368.3803093"
"2025-12-26 01:45:00","56.01805","54.87641","54.97714","54.71463","53.8645"
"2025-12-26 01:45:00","368.3839461"
"2025-12-26 02:00:00","55.98752","54.87794","54.95578","54.71768","53.88282"
"2025-12-26 02:00:00","368.3915844"
"2025-12-26 02:15:00","55.99362","54.86115","54.93898","54.71615","53.88282"
"2025-12-26 02:15:00","368.3814005"
"2025-12-26 02:30:00","55.99362","54.87794","54.97562","54.72989","53.84314"
"2025-12-26 02:30:00","368.3832189"
"2025-12-26 02:45:00","55.98447","54.88709","54.96035","54.72226","53.92097"
"2025-12-26 02:45:00","368.3823097"
"2025-12-26 03:00:00","55.95547","54.87183","54.97867","54.77721","53.83703"
"2025-12-26 03:00:00","368.3910387"
"2025-12-26 03:15:00","56.00126","54.87641","54.96798","54.70547","53.87061"
"2025-12-26 03:15:00","368.3817641"
"2025-12-26 03:30:00","55.99057","54.87641","54.96646","54.72379","53.85382"
"2025-12-26 03:30:00","368.3844923"
"2025-12-26 03:45:00","56.02262","54.88404","54.94662","54.69173","53.87977"
"2025-12-26 03:45:00","368.3932213"
"2025-12-26 04:00:00","56.02262","54.86572","54.96188","54.68258","53.89655"
"2025-12-26 04:00:00","368.3830369"
"2025-12-26 04:15:00","55.99973","54.8642","54.97256","54.65052","53.94692"
"2025-12-26 04:15:00","368.3870378"
"2025-12-26 04:30:00","56.03331","54.78331","54.95119","54.68868","53.87977"
"2025-12-26 04:30:00","368.3823097"
"2025-12-26 04:45:00","55.98447","54.86267","54.93593","54.67495","53.90113"
"2025-12-26 04:45:00","368.3952217"
"2025-12-26 05:00:00","55.99667","54.86572","54.96493","54.69631","53.86755"
"2025-12-26 05:00:00","368.3915844"
"2025-12-26 05:15:00","55.98141","54.85962","54.93288","54.69479","53.84314"
"2025-12-26 05:15:00","368.37921746"
"2025-12-26 05:30:00","55.97836","54.83825","54.94967","54.67036","53.86145"
"2025-12-26 05:30:00","368.37958213"
"2025-12-26 05:45:00","55.96921","54.8413","54.95119","54.6841","53.85535"
"2025-12-26 05:45:00","368.3908572"
"2025-12-26 06:00:00","55.97378","54.8291","54.93746","54.73447","53.8874"
"2025-12-26 06:00:00","368.3928577"
"2025-12-26 06:15:00","55.94479","54.83215","54.90846","54.63526","53.88282"
"2025-12-26 06:15:00","368.3955853"
"2025-12-26 06:30:00","55.98141","54.83673","54.93288","54.65052","53.91182"
"2025-12-26 06:30:00","368.3850373"
"2025-12-26 06:45:00","55.9631","54.8062","54.8993","54.66884","53.95303"
"2025-12-26 06:45:00","368.37667191"
"2025-12-26 07:00:00","55.94479","54.8413","54.9283","54.66121","53.97439"
"2025-12-26 07:00:00","368.3801272"
"2025-12-26 07:15:00","55.94937","54.83673","54.91151","54.61848","53.93776"
"2025-12-26 07:15:00","368.3799457"
"2025-12-26 07:30:00","55.97226","54.84588","54.81078","54.65968","54.0095"
"2025-12-26 07:30:00","368.3863107"
"2025-12-26 07:45:00","55.93105","54.77262","54.87031","54.649","54.12702"
"2025-12-26 07:45:00","368.3804908"
"2025-12-26 08:00:00","55.95395","54.8001","54.86725","54.63221","54.07513"
"2025-12-26 08:00:00","1385269.83418417"
"2025-12-26 08:00:00","368.37794468"
"2025-12-26 08:15:00","55.95089","54.79552","54.89472","54.649","54.06902"
"2025-12-26 08:15:00","368.37903595"
"2025-12-26 08:30:00","55.91731","54.78789","54.88251","54.62916","54.22318"
"2025-12-26 08:30:00","368.37776317"
"2025-12-26 08:45:00","55.94937","54.82299","54.87031","54.62611","54.33765"
"2025-12-26 08:45:00","368.3817641"
"2025-12-26 09:00:00","55.87763","54.75584","54.84436","54.64594","54.40022"
"2025-12-26 09:00:00","368.3841287"
"2025-12-26 09:15:00","55.89747","54.78484","54.88709","54.58947","54.4689"
"2025-12-26 09:15:00","368.3812185"
"2025-12-26 09:30:00","55.90816","54.78636","54.88099","54.62","54.47959"
"2025-12-26 09:30:00","368.3832189"
"2025-12-26 09:45:00","55.90663","54.76499","54.84741","54.62611","54.50553"
"2025-12-26 09:45:00","368.37867238"
"2025-12-26 10:00:00","55.92647","54.80773","54.87794","54.62305","54.49638"
"2025-12-26 10:00:00","368.3846738"
"2025-12-26 10:15:00","55.88679","54.79705","54.8642","54.60627","54.50095"
"2025-12-26 10:15:00","368.3799457"
"2025-12-26 10:30:00","55.90205","54.74821","54.85046","54.58337","54.475"
"2025-12-26 10:30:00","368.3799457"
"2025-12-26 10:45:00","55.88068","54.74667","54.8352","54.54369","54.4689"
"2025-12-26 10:45:00","368.37758111"
"2025-12-26 11:00:00","55.88526","54.72684","54.83978","54.5849","54.45822"
"2025-12-26 11:00:00","368.3808544"
"2025-12-26 11:15:00","55.8349","54.74362","54.82757","54.60627","54.49638"
"2025-12-26 11:15:00","368.36994283"
"2025-12-26 11:30:00","55.87152","54.74973","54.8413","54.60015","54.47959"
"2025-12-26 11:30:00","368.3841287"
"2025-12-26 11:45:00","55.83948","54.73294","54.82146","54.57269","54.45669"
"2025-12-26 11:45:00","368.3846738"
"2025-12-26 12:00:00","55.83337","54.7421","54.82299","54.57421","54.46432"
"2025-12-26 12:00:00","368.3823097"
"2025-12-26 12:15:00","55.85168","54.75126","54.80468","54.54674","54.39869"
"2025-12-26 12:15:00","368.3814005"
"2025-12-26 12:30:00","55.85168","54.73294","54.80162","54.56811","54.36969"
"2025-12-26 12:30:00","368.3832189"
"2025-12-26 12:45:00","55.85168","54.73141","54.80773","54.56048","54.37275"
"2025-12-26 12:45:00","368.37794468"
"2025-12-26 13:00:00","55.8181","54.69784","54.8001","54.59253","54.41396"
"2025-12-26 13:00:00","368.381582"
"2025-12-26 13:15:00","55.82269","54.71157","54.77567","54.53758","54.37428"
"2025-12-26 13:15:00","368.37903595"
"2025-12-26 13:30:00","55.80895","54.68105","54.76652","54.54522","54.38954"
"2025-12-26 13:30:00","368.3808544"
"2025-12-26 13:45:00","55.81505","54.60169","54.79247","54.5269","54.36512"
"2025-12-26 13:45:00","368.37358019"
"2025-12-26 14:00:00","55.79369","54.68563","54.73752","54.52843","54.33307"
"2025-12-26 14:00:00","368.3806728"
"2025-12-26 14:15:00","55.79521","54.66579","54.77873","54.51774","54.32543"
"2025-12-26 14:15:00","368.3835825"
"2025-12-26 14:30:00","55.82421","54.70852","54.74821","54.49638","54.29948"
"2025-12-26 14:30:00","368.3835825"
"2025-12-26 14:45:00","55.80132","54.68105","54.74667","54.51469","54.32391"
"2025-12-26 14:45:00","368.3808544"
"2025-12-26 15:00:00","55.82421","54.68258","54.81078","54.53758","54.29797"
"2025-12-26 15:00:00","368.37903595"
"2025-12-26 15:15:00","55.78148","54.68715","54.76652","54.5498","54.32543"
"2025-12-26 15:15:00","368.3877655"
"2025-12-26 15:30:00","55.87611","54.6902","54.76804","54.4979","54.1896"
"2025-12-26 15:30:00","368.3834004"
"2025-12-26 15:45:00","55.82574","54.69631","54.75584","54.49332","54.24455"
"2025-12-26 15:45:00","368.37230741"
"2025-12-26 16:00:00","55.79674","54.66121","54.74057","54.50706","54.20639"
"2025-12-26 16:00:00","368.3824912"
"2025-12-26 16:15:00","55.75553","54.69631","54.7421","54.50706","54.17281"
"2025-12-26 16:15:00","368.37939952"
"2025-12-26 16:30:00","55.80285","54.65205","54.74973","54.47195","54.16213"
"2025-12-26 16:30:00","368.3846738"
"2025-12-26 16:45:00","55.73722","54.63374","54.73141","54.47348","54.11786"
"2025-12-26 16:45:00","368.36539626"
"2025-12-26 17:00:00","55.8181","54.65663","54.7421","54.50706","54.22623"
"2025-12-26 17:00:00","368.4023144"
"2025-12-26 17:15:00","55.66853","54.64289","54.74973","54.50706","54.22165"
"2025-12-26 17:15:00","368.400496"
"2025-12-26 17:30:00","55.80285","54.64594","54.71463","54.47195","54.14381"
"2025-12-26 17:30:00","368.4188637"
"2025-12-26 17:45:00","55.70364","54.67647","54.71005","54.49332","54.30254"
"2025-12-26 17:45:00","368.3979493"
"2025-12-26 18:00:00","55.82269","54.67036","54.72379","54.51927","54.25523"
"2025-12-26 18:00:00","368.4035877"
"2025-12-26 18:15:00","55.80285","54.64747","54.72073","54.52232","54.17587"
"2025-12-26 18:15:00","368.3926756"
"2025-12-26 18:30:00","55.79979","54.67036","54.74973","54.48722","54.19876"
"2025-12-26 18:30:00","368.4017688"
"2025-12-26 18:45:00","55.82879","54.66426","54.73447","54.4628","54.20181"
"2025-12-26 18:45:00","368.37903595"
"2025-12-26 19:00:00","55.812","54.70242","54.75126","54.45059","54.18197"
"2025-12-26 19:00:00","368.3966766"
"2025-12-26 19:15:00","55.83795","54.69479","54.75584","54.46585","54.21402"
"2025-12-26 19:15:00","368.4017688"
"2025-12-26 19:30:00","55.80895","54.68258","54.74667","54.475","54.23386"
"2025-12-26 19:30:00","368.4099527"
"2025-12-26 19:45:00","55.82574","54.69784","54.74973","54.48569","54.27964"
"2025-12-26 19:45:00","368.3979493"
"2025-12-26 20:00:00","55.81047","54.6841","54.74362","54.47195","54.25065"
"2025-12-26 20:00:00","368.4088614"
"2025-12-26 20:15:00","55.82727","54.66731","54.76499","54.46585","54.23539"
"2025-12-26 20:15:00","368.3877655"
"2025-12-26 20:30:00","55.78911","54.69326","54.73752","54.50553","54.26591"
"2025-12-26 20:30:00","368.3937669"
"2025-12-26 20:45:00","55.79674","54.67495","54.72836","54.48111","54.32238"
"2025-12-26 20:45:00","368.3866742"
"2025-12-26 21:00:00","55.82727","54.64442","54.75431","54.49179","54.29491"
"2025-12-26 21:00:00","368.3970407"
"2025-12-26 21:15:00","55.89442","54.69784","54.72226","54.47654","54.29033"
"2025-12-26 21:15:00","368.398677"
"2025-12-26 21:30:00","55.88221","54.68105","54.72989","54.47654","54.3117"
"2025-12-26 21:30:00","368.393949"
"2025-12-26 21:45:00","55.83642","54.67342","54.73141","54.46737","54.28423"
"2025-12-26 21:45:00","368.3959494"
"2025-12-26 22:00:00","55.80895","54.69631","54.73141","54.48417","54.22928"
"2025-12-26 22:00:00","368.3890388"
"2025-12-26 22:15:00","55.82269","54.678","54.76957","54.49638","54.22165"
"2025-12-26 22:15:00","368.3823097"
"2025-12-26 22:30:00","55.81047","54.65968","54.74057","54.42007","54.08428"
"2025-12-26 22:30:00","368.3968586"
"2025-12-26 22:45:00","55.78911","54.69936","54.7421","54.48111","54.12091"
"2025-12-26 22:45:00","368.393949"
"2025-12-26 23:00:00","55.78453","54.66121","54.73752","54.45822","54.10718"
"2025-12-26 23:00:00","368.3957674"
"2025-12-26 23:15:00","55.76011","54.65968","54.71615","54.48111","53.88892"
"2025-12-26 23:15:00","368.3872199"
"2025-12-26 23:30:00","55.79979","54.67036","54.72073","54.48722","53.82024"
"2025-12-26 23:30:00","368.3863107"
"2025-12-26 23:45:00","55.77843","54.64594","54.6902","54.49485","53.81261"
"2025-12-26 23:45:00","368.3961309"
"2025-12-27 00:00:00","55.76774","54.65052","54.707","54.50858","53.79887"
"2025-12-27 00:00:00","368.3952217"
"2025-12-27 00:15:00","55.77232","54.67036","54.75278","54.46127","53.81414"
"2025-12-27 00:15:00","368.383764"
"2025-12-27 00:30:00","55.79979","54.65663","54.71463","54.45974","53.98355"
"2025-12-27 00:30:00","368.3934028"
"2025-12-27 00:45:00","55.79826","54.65511","54.75278","54.43685","53.90113"
"2025-12-27 00:45:00","368.3850373"
"2025-12-27 01:00:00","55.8059","54.60169","54.65205","54.45974","53.85382"
"2025-12-27 01:00:00","368.3861286"
"2025-12-27 01:15:00","55.75553","54.66426","54.71157","54.47348","53.8294"
"2025-12-27 01:15:00","368.3799457"
"2025-12-27 01:30:00","55.74179","54.60627","54.71157","54.47654","53.86603"
"2025-12-27 01:30:00","368.3848558"
"2025-12-27 01:45:00","55.7769","54.61084","54.7192","54.47959","53.83856"
"2025-12-27 01:45:00","368.3846738"
"2025-12-27 02:00:00","55.73569","54.62","54.69326","54.50248","53.8874"
"2025-12-27 02:00:00","368.3828548"
"2025-12-27 02:15:00","55.74485","54.60169","54.65052","54.44296","53.93166"
"2025-12-27 02:15:00","368.3844923"
"2025-12-27 02:30:00","55.75095","54.62458","54.68258","54.45364","54.04155"
"2025-12-27 02:30:00","368.3875834"
"2025-12-27 02:45:00","55.80437","54.63068","54.76041","54.47348","54.04613"
"2025-12-27 02:45:00","368.3881291"
"2025-12-27 03:00:00","55.78148","54.62458","54.70395","54.475","53.98965"
"2025-12-27 03:00:00","368.383764"
"2025-12-27 03:15:00","55.72348","54.61542","54.72684","54.45364","54.0797"
"2025-12-27 03:15:00","368.3803093"
"2025-12-27 03:30:00","55.74027","54.62305","54.70242","54.45822","53.88892"
"2025-12-27 03:30:00","368.3821277"
"2025-12-27 03:45:00","55.78606","54.60932","54.69479","54.49332","53.89503"
"2025-12-27 03:45:00","368.3819456"
"2025-12-27 04:00:00","55.73417","54.59253","54.67647","54.50401","53.8645"
"2025-12-27 04:00:00","368.37976309"
"2025-12-27 04:15:00","55.73264","54.62","54.6902","54.45211","53.88892"
"2025-12-27 04:15:00","368.3806728"
"2025-12-27 04:30:00","55.696","54.61848","54.69631","54.40785","53.8645"
"2025-12-27 04:30:00","368.36994283"
"2025-12-27 04:45:00","55.66701","54.59405","54.66731","54.45669","53.89808"
"2025-12-27 04:45:00","368.37776317"
"2025-12-27 05:00:00","55.73722","54.57574","54.65968","54.4628","53.86755"
"2025-12-27 05:00:00","368.37285249"
"2025-12-27 05:15:00","55.70822","54.57574","54.66273","54.43685","53.84619"
"2025-12-27 05:15:00","368.36994283"
"2025-12-27 05:30:00","55.70059","54.55437","54.66579","54.44601","53.76987"
"2025-12-27 05:30:00","368.37430733"
"2025-12-27 05:45:00","55.65022","54.51927","54.67189","54.43075","53.78056"
"2025-12-27 05:45:00","368.37358019"
"2025-12-27 06:00:00","55.67616","54.58337","54.66273","54.4338","53.78209"
"2025-12-27 06:00:00","368.3746709"
"2025-12-27 06:15:00","55.7189","54.5498","54.66121","54.43075","53.7943"
"2025-12-27 06:15:00","368.37212535"
"2025-12-27 06:30:00","55.66548","54.56506","54.67495","54.39869","53.79735"
"2025-12-27 06:30:00","368.37539914"
"2025-12-27 06:45:00","55.59528","54.5498","54.63984","54.38191","53.83551"
"2025-12-27 06:45:00","368.35212015"
"2025-12-27 07:00:00","55.70211","54.55132","54.649","54.4048","53.81566"
"2025-12-27 07:00:00","368.36466857"
"2025-12-27 07:15:00","55.67311","54.51163","54.63374","54.41853","53.81414"
"2025-12-27 07:15:00","368.36885156"
"2025-12-27 07:30:00","55.60138","54.53606","54.62","54.40785","53.75462"
"2025-12-27 07:30:00","368.36194096"
"2025-12-27 07:45:00","55.68532","54.54674","54.60015","54.39106","53.82483"
"2025-12-27 07:45:00","368.36485063"
"2025-12-27 08:00:00","55.67006","54.533","54.5559","54.39412","53.99728"
"2025-12-27 08:00:00","1392186.26299267"
"2025-12-27 08:00:00","368.36121327"
"2025-12-27 08:15:00","55.65175","54.58032","54.63221","54.35901","54.02324"
"2025-12-27 08:15:00","368.35866772"
"2025-12-27 08:30:00","55.63801","54.55437","54.64289","54.4277","54.15602"
"2025-12-27 08:30:00","368.35539394"
"2025-12-27 08:45:00","55.58612","54.47805","54.61695","54.32543","54.21097"
"2025-12-27 08:45:00","368.36048613"
"2025-12-27 09:00:00","55.70211","54.48722","54.60321","54.33307","54.26896"
"2025-12-27 09:00:00","368.35921281"
"2025-12-27 09:15:00","55.67616","54.54522","54.62305","54.33765","54.24607"
"2025-12-27 09:15:00","368.36030407"
"2025-12-27 09:30:00","55.57544","54.50553","54.56506","54.35291","54.19265"
"2025-12-27 09:30:00","368.37285249"
"2025-12-27 09:45:00","55.65785","54.48569","54.58947","54.34375","54.22928"
"2025-12-27 09:45:00","368.36194096"
"2025-12-27 10:00:00","55.62428","54.4979","54.58795","54.3056","54.25523"
"2025-12-27 10:00:00","368.36521421"
"2025-12-27 10:15:00","55.57544","54.47348","54.54674","54.29797","54.24607"
"2025-12-27 10:15:00","368.36848799"
"2025-12-27 10:30:00","55.59222","54.46737","54.55437","54.36664","54.18044"
"2025-12-27 10:30:00","368.36812442"
"2025-12-27 10:45:00","55.55254","54.46737","54.55437","54.33765","54.26591"
"2025-12-27 10:45:00","368.36412349"
"2025-12-27 11:00:00","55.57696","54.49485","54.57269","54.26286","54.24302"
"2025-12-27 11:00:00","368.36666904"
"2025-12-27 11:15:00","55.60749","54.4628","54.55895","54.31475","54.2186"
"2025-12-27 11:15:00","368.35975844"
"2025-12-27 11:30:00","55.57238","54.49943","54.54674","54.35138","54.2186"
"2025-12-27 11:30:00","368.35775798"
"2025-12-27 11:45:00","55.56322","54.31475","54.55285","54.32391","54.20486"
"2025-12-27 11:45:00","368.36139534"
"2025-12-27 12:00:00","55.61206","54.40022","54.49332","54.26896","54.16824"
"2025-12-27 12:00:00","368.35539394"
"2025-12-27 12:15:00","55.56781","54.42007","54.49027","54.2827","54.1484"
"2025-12-27 12:15:00","368.35302935"
"2025-12-27 12:30:00","55.55712","54.42464","54.52079","54.24455","54.21097"
"2025-12-27 12:30:00","368.34920993"
"2025-12-27 12:45:00","55.52354","54.42464","54.49027","54.29338","54.20639"
"2025-12-27 12:45:00","368.36139534"
"2025-12-27 13:00:00","55.57544","54.44448","54.54217","54.31017","54.2247"
"2025-12-27 13:00:00","368.35521188"
"2025-12-27 13:15:00","55.49759","54.4277","54.49943","54.33002","54.1957"
"2025-12-27 13:15:00","368.35084738"
"2025-12-27 13:30:00","55.52965","54.4277","54.49943","54.27507","54.25065"
"2025-12-27 13:30:00","368.35212015"
"2025-12-27 13:45:00","55.47623","54.38801","54.50248","54.23539","54.24607"
"2025-12-27 13:45:00","368.3504838"
"2025-12-27 14:00:00","55.52812","54.40633","54.47348","54.27354","54.17739"
"2025-12-27 14:00:00","368.3599405"
"2025-12-27 14:15:00","55.56017","54.44448","54.50706","54.23539","54.15297"
"2025-12-27 14:15:00","368.36284961"
"2025-12-27 14:30:00","55.54643","54.4399","54.48722","54.29797","54.18044"
"2025-12-27 14:30:00","368.35157452"
"2025-12-27 14:45:00","55.56933","54.45822","54.34528","54.27201","54.20181"
"2025-12-27 14:45:00","368.35775798"
"2025-12-27 15:00:00","55.53423","54.28117","54.49485","54.27049","54.16671"
"2025-12-27 15:00:00","368.34939254"
"2025-12-27 15:15:00","55.5388","54.42464","54.49943","54.24607","54.14228"
"2025-12-27 15:15:00","368.35466625"
"2025-12-27 15:30:00","55.52354","54.44143","54.47959","54.26286","54.18044"
"2025-12-27 15:30:00","368.35139301"
"2025-12-27 15:45:00","55.51286","54.42312","54.48569","54.23996","54.1896"
"2025-12-27 15:45:00","368.34229988"
"2025-12-27 16:00:00","55.56475","54.40938","54.49179","54.26744","54.19418"
"2025-12-27 16:00:00","368.33411596"
"2025-12-27 16:15:00","55.52965","54.42922","54.49179","54.26896","54.16365"
"2025-12-27 16:15:00","368.34630082"
"2025-12-27 16:30:00","55.53575","54.41396","54.49943","54.21555","54.17892"
"2025-12-27 16:30:00","368.35921281"
"2025-12-27 16:45:00","55.53117","54.39412","54.49332","54.22012","54.18807"
"2025-12-27 16:45:00","368.36703261"
"2025-12-27 17:00:00","55.54797","54.41701","54.49943","54.13313","54.18807"
"2025-12-27 17:00:00","368.37921746"
"2025-12-27 17:15:00","55.59222","54.48722","54.4979","54.25828","54.13923"
"2025-12-27 17:15:00","368.385765"
"2025-12-27 17:30:00","55.54491","54.42464","54.50553","54.25523","54.1896"
"2025-12-27 17:30:00","368.3904937"
"2025-12-27 17:45:00","55.54491","54.48569","54.52843","54.25523","54.15908"
"2025-12-27 17:45:00","368.3928577"
"2025-12-27 18:00:00","55.56628","54.4628","54.50248","54.22012","54.16365"
"2025-12-27 18:00:00","368.3964945"
"2025-12-27 18:15:00","55.56628","54.48874","54.35291","54.23539","54.15297"
"2025-12-27 18:15:00","368.3988591"
"2025-12-27 18:30:00","55.62733","54.48417","54.51469","54.23233","54.16365"
"2025-12-27 18:30:00","368.409407"
"2025-12-27 18:45:00","55.56017","54.47348","54.45669","54.23844","53.98203"
"2025-12-27 18:45:00","368.4101342"
"2025-12-27 19:00:00","55.63953","54.4628","54.5498","54.17434","54.15145"
"2025-12-27 19:00:00","368.4095891"
"2025-12-27 19:15:00","55.59528","54.49027","54.50248","54.23539","54.14534"
"2025-12-27 19:15:00","368.417773"
"2025-12-27 19:30:00","55.50217","54.44296","54.42159","54.27049","54.17587"
"2025-12-27 19:30:00","368.417773"
"2025-12-27 19:45:00","55.72959","54.54369","54.54827","54.22623","54.13618"
"2025-12-27 19:45:00","368.4161356"
"2025-12-27 20:00:00","55.90358","54.57726","54.5849","54.22012","54.14228"
"2025-12-27 20:00:00","368.4190458"
"2025-12-27 20:15:00","55.87","54.5971","54.57879","54.29033","54.16213"
"2025-12-27 20:15:00","368.4243195"
"2025-12-27 20:30:00","55.90053","54.42922","54.51469","54.24149","54.18197"
"2025-12-27 20:30:00","368.411589"
"2025-12-27 20:45:00","55.88221","54.51774","54.51011","54.25676","54.16976"
"2025-12-27 20:45:00","368.4064974"
"2025-12-27 21:00:00","55.90053","54.55437","54.51621","54.28728","54.1606"
"2025-12-27 21:00:00","368.421774"
"2025-12-27 21:15:00","56.20578","54.65357","54.63526","54.23233","54.16976"
"2025-12-27 21:15:00","368.4243195"
"2025-12-27 21:30:00","56.3233","54.75126","54.63679","54.24149","54.17281"
"2025-12-27 21:30:00","368.4023144"
"2025-12-27 21:45:00","56.21341","54.78636","54.5971","54.26439","54.14991"
"2025-12-27 21:45:00","368.4097706"
"2025-12-27 22:00:00","56.38588","54.78026","54.60932","54.24149","54.17739"
"2025-12-27 22:00:00","368.4106804"
"2025-12-27 22:15:00","56.37061","54.78484","54.59558","54.24302","54.15755"
"2025-12-27 22:15:00","368.4099527"
"2025-12-27 22:30:00","56.49424","54.73752","54.533","54.24302","54.11176"
"2025-12-27 22:30:00","368.4128623"
"2025-12-27 22:45:00","56.49424","54.81689","54.69631","54.22776","54.17281"
"2025-12-27 22:45:00","368.3983129"
"2025-12-27 23:00:00","56.39198","54.89167","54.69631","54.25523","54.15602"
"2025-12-27 23:00:00","368.3968586"
"2025-12-27 23:15:00","56.33398","55.09772","54.62305","54.26439","54.1484"
"2025-12-27 23:15:00","368.3990406"
"2025-12-27 23:30:00","56.29124","55.10229","54.74667","54.26133","54.03239"
"2025-12-27 23:30:00","368.3997683"
"2025-12-27 23:45:00","56.27751","55.09618","54.79552","54.22623","54.13618"
"2025-12-27 23:45:00","368.3912208"
"2025-12-28 00:00:00","56.27751","55.09618","54.79552","54.22623","54.13618"
"2025-12-28 00:00:00","368.3917664"
"2025-12-28 00:15:00","56.22409","55.13435","55.09467","54.27049","54.12245"
"2025-12-28 00:15:00","368.3941305"
"2025-12-28 00:30:00","56.2424","55.10077","55.05346","54.23386","54.14534"
"2025-12-28 00:30:00","368.389766"
"2025-12-28 00:45:00","56.28514","55.07787","55.0504","54.23081","54.1545"
"2025-12-28 00:45:00","368.3848558"
"2025-12-28 01:00:00","56.19509","55.04583","54.98172","54.30712","54.17739"
"2025-12-28 01:00:00","368.3872199"
"2025-12-28 01:15:00","56.18746","55.05956","55.08092","54.26744","54.14076"
"2025-12-28 01:15:00","368.3850373"
"2025-12-28 01:30:00","56.10199","54.99088","55.0504","54.25676","54.12091"
"2025-12-28 01:30:00","368.37358019"
"2025-12-28 01:45:00","56.09588","54.98019","55.06108","54.2827","54.13923"
"2025-12-28 01:45:00","368.37448939"
"2025-12-28 02:00:00","56.05162","54.97256","55.0153","54.29491","54.07818"
"2025-12-28 02:00:00","368.37739906"
"2025-12-28 02:15:00","56.04552","54.98325","55.00767","54.26591","54.11023"
"2025-12-28 02:15:00","368.36939719"
"2025-12-28 02:30:00","56.08215","54.91761","55.01377","54.27964","54.12397"
"2025-12-28 02:30:00","368.36248605"
"2025-12-28 02:45:00","56.05009","54.89777","54.93288","54.29033","54.12091"
"2025-12-28 02:45:00","368.35866772"
"2025-12-28 03:00:00","56.03941","54.90388","54.96798","54.2476","54.03849"
"2025-12-28 03:00:00","368.36121327"
"2025-12-28 03:15:00","55.9921","54.86877","54.9863","54.27507","54.13008"
"2025-12-28 03:15:00","368.3573944"
"2025-12-28 03:30:00","55.97836","54.85046","54.99241","54.29797","54.14381"
"2025-12-28 03:30:00","368.36485063"
"2025-12-28 03:45:00","55.957","54.84893","54.95883","54.33917","54.15297"
"2025-12-28 03:45:00","368.35921281"
"2025-12-28 04:00:00","55.99973","54.82757","54.92678","54.40327","54.1545"
"2025-12-28 04:00:00","368.35593957"
"2025-12-28 04:15:00","55.91731","54.85046","54.91761","54.37122","54.19876"
"2025-12-28 04:15:00","368.35521188"
"2025-12-28 04:30:00","55.92189","54.79247","54.84588","54.20486","54.22012"
"2025-12-28 04:30:00","368.36139534"
"2025-12-28 04:45:00","55.81964","54.76499","54.8413","54.42159","54.17892"
"2025-12-28 04:45:00","368.35412061"
"2025-12-28 05:00:00","55.91731","54.76804","54.87183","54.38343","54.16671"
"2025-12-28 05:00:00","368.34993762"
"2025-12-28 05:15:00","55.812","54.74973","54.8001","54.38496","54.16365"
"2025-12-28 05:15:00","368.34993762"
"2025-12-28 05:30:00","55.84558","54.73447","54.79552","54.37428","54.19876"
"2025-12-28 05:30:00","368.34902897"
"2025-12-28 05:45:00","55.87152","54.7421","54.77567","54.39412","54.1896"
"2025-12-28 05:45:00","368.36103121"
"2025-12-28 06:00:00","55.81964","54.72073","54.83825","54.39259","54.18655"
"2025-12-28 06:00:00","368.35030174"
"2025-12-28 06:15:00","55.78148","54.70089","54.76041","54.36817","54.19418"
"2025-12-28 06:15:00","368.35266578"
"2025-12-28 06:30:00","55.8181","54.71463","54.78331","54.40633","54.16213"
"2025-12-28 06:30:00","368.34193576"
"2025-12-28 06:45:00","55.70059","54.591","54.73294","54.34833","54.17434"
"2025-12-28 06:45:00","368.32884171"
"2025-12-28 07:00:00","55.8059","54.65052","54.76499","54.35138","54.16976"
"2025-12-28 07:00:00","368.35812209"
"2025-12-28 07:15:00","55.7708","54.64594","54.71463","54.38801","54.19876"
"2025-12-28 07:15:00","368.3573944"
"2025-12-28 07:30:00","55.75095","54.5498","54.73447","54.36359","54.15602"
"2025-12-28 07:30:00","368.35466625"
"2025-12-28 07:45:00","55.68837","54.63374","54.75736","54.33459","54.16824"
"2025-12-28 07:45:00","368.34520955"
"2025-12-28 08:00:00","55.77232","54.64747","54.67952","54.34222","54.1545"
"2025-12-28 08:00:00","1394944.51091256"
"2025-12-28 08:00:00","368.35193809"
"2025-12-28 08:15:00","55.64259","54.62305","54.67647","54.3758","54.1255"
"2025-12-28 08:15:00","368.35212015"
"2025-12-28 08:30:00","55.72348","54.40174","54.66273","54.39106","54.18044"
"2025-12-28 08:30:00","368.3573944"
"2025-12-28 08:45:00","55.7189","54.60627","54.68258","54.38343","54.19723"
"2025-12-28 08:45:00","368.35575751"
"2025-12-28 09:00:00","55.73264","54.58184","54.649","54.39869","54.14534"
"2025-12-28 09:00:00","368.35648465"
"2025-12-28 09:15:00","55.65175","54.57879","54.66426","54.30254","54.14686"
"2025-12-28 09:15:00","368.36794236"
"2025-12-28 09:30:00","55.64717","54.48874","54.64747","54.36969","54.17281"
"2025-12-28 09:30:00","368.35830305"
"2025-12-28 09:45:00","55.68685","54.55437","54.63068","54.20333","54.18197"
"2025-12-28 09:45:00","368.34593724"
"2025-12-28 10:00:00","55.60596","54.56048","54.63374","54.37885","54.14534"
"2025-12-28 10:00:00","368.35357553"
"2025-12-28 10:15:00","55.66396","54.55743","54.60779","54.35596","54.15908"
"2025-12-28 10:15:00","368.34884636"
"2025-12-28 10:30:00","55.64564","54.48417","54.61084","54.33459","54.17434"
"2025-12-28 10:30:00","368.34593724"
"2025-12-28 10:45:00","55.45944","54.48569","54.55895","54.35291","54.12855"
"2025-12-28 10:45:00","368.34793771"
"2025-12-28 11:00:00","55.60749","54.4979","54.5849","54.37275","54.1484"
"2025-12-28 11:00:00","368.35393911"
"2025-12-28 11:15:00","55.62428","54.49179","54.55132","54.36817","54.14381"
"2025-12-28 11:15:00","368.35284784"
"2025-12-28 11:30:00","55.58612","54.38801","54.56963","54.34986","54.17129"
"2025-12-28 11:30:00","368.35321141"
"2025-12-28 11:45:00","55.62885","54.48874","54.51011","54.34528","54.1606"
"2025-12-28 11:45:00","368.35030174"
"2025-12-28 12:00:00","55.58917","54.45822","54.57574","54.32849","54.14076"
"2025-12-28 12:00:00","368.34702796"
"2025-12-28 12:15:00","55.51286","54.47195","54.562","54.29491","54.11481"
"2025-12-28 12:15:00","368.35030174"
"2025-12-28 12:30:00","55.60596","54.47654","54.52538","54.29338","54.11329"
"2025-12-28 12:30:00","368.34830128"
"2025-12-28 12:45:00","55.5266","54.4689","54.56658","54.32391","54.11786"
"2025-12-28 12:45:00","368.3442998"
"2025-12-28 13:00:00","55.60443","54.46585","54.5269","54.34986","54.09801"
"2025-12-28 13:00:00","368.34848279"
"2025-12-28 13:15:00","55.53423","54.45364","54.562","54.29185","54.13618"
"2025-12-28 13:15:00","368.34630082"
"2025-12-28 13:30:00","55.58307","54.47042","54.54217","54.27964","54.11786"
"2025-12-28 13:30:00","368.34757358"
"2025-12-28 13:45:00","55.58764","54.45822","54.52232","54.27964","54.09801"
"2025-12-28 13:45:00","368.3390261"
"2025-12-28 14:00:00","55.5388","54.4338","54.51316","54.27201","54.12855"
"2025-12-28 14:00:00","368.3295694"
"2025-12-28 14:15:00","55.54949","54.42922","54.49027","54.26286","54.10871"
"2025-12-28 14:15:00","368.34939254"
"2025-12-28 14:30:00","55.53423","54.40938","54.4979","54.27201","54.06902"
"2025-12-28 14:30:00","368.34739153"
"2025-12-28 14:45:00","55.49759","54.44448","54.50706","54.26286","54.06139"
"2025-12-28 14:45:00","368.33575286"
"2025-12-28 15:00:00","55.49912","54.41853","54.51011","54.25065","54.07207"
"2025-12-28 15:00:00","368.3339339"
"2025-12-28 15:15:00","55.47623","54.3758","54.46737","54.24455","54.05529"
"2025-12-28 15:15:00","368.33938967"
"2025-12-28 15:30:00","55.51591","54.40174","54.47959","54.21707","54.04155"
"2025-12-28 15:30:00","368.33611643"
"2025-12-28 15:45:00","55.48539","54.38496","54.45822","54.22318","54.05223"
"2025-12-28 15:45:00","368.33338827"
"2025-12-28 16:00:00","55.45791","54.39564","54.45211","54.25828","54.06749"
"2025-12-28 16:00:00","368.36048613"
"2025-12-28 16:15:00","55.42739","54.35749","54.46585","54.2186","54.05986"
"2025-12-28 16:15:00","368.34320909"
"2025-12-28 16:30:00","55.47776","54.39106","54.45822","54.18655","54.0736"
"2025-12-28 16:30:00","368.35503036"
"2025-12-28 16:45:00","55.45486","54.38649","54.45822","54.21097","54.10718"
"2025-12-28 16:45:00","368.36375937"
"2025-12-28 17:00:00","55.45486","54.38649","54.45822","54.21097","54.10718"
"2025-12-28 17:00:00","368.3633958"
"2025-12-28 17:15:00","55.4747","54.37428","54.45364","54.18044","54.13618"
"2025-12-28 17:15:00","368.37830826"
"2025-12-28 17:30:00","55.46707","54.42159","54.44906","54.22318","54.08123"
"2025-12-28 17:30:00","368.385765"
"2025-12-28 17:45:00","55.47623","54.42617","54.48569","54.16824","54.11023"
"2025-12-28 17:45:00","368.3888562"
"2025-12-28 18:00:00","55.48233","54.41396","54.50553","54.19265","54.08581"
"2025-12-28 18:00:00","368.3924941"
"2025-12-28 18:15:00","55.5037","54.43838","54.49179","54.20792","54.09801"
"2025-12-28 18:15:00","368.3824912"
"2025-12-28 18:30:00","55.54949","54.4338","54.46737","54.17587","54.04765"
"2025-12-28 18:30:00","368.4044969"
"2025-12-28 18:45:00","55.53575","54.44601","54.48264","54.1606","53.94081"
"2025-12-28 18:45:00","368.4081343"
"2025-12-28 19:00:00","55.54797","54.43838","54.47348","54.16213","54.09039"
"2025-12-28 19:00:00","368.4208648"
"2025-12-28 19:15:00","55.57238","54.4109","54.44601","54.15908","54.03392"
"2025-12-28 19:15:00","368.419592"
"2025-12-28 19:30:00","55.54338","54.4109","54.4628","54.17739","54.09039"
"2025-12-28 19:30:00","368.4185002"
"2025-12-28 19:45:00","55.70211","54.50553","54.50706","54.20639","54.07665"
"2025-12-28 19:45:00","368.4239559"
"2025-12-28 20:00:00","55.72654","54.38801","54.48722","54.18349","54.10718"
"2025-12-28 20:00:00","368.4254108"
"2025-12-28 20:15:00","55.80132","54.64137","54.57879","54.18349","54.05986"
"2025-12-28 20:15:00","368.4319578"
"2025-12-28 20:30:00","55.96005","54.62763","54.55285","54.18349","54.06139"
"2025-12-28 20:30:00","368.4357772"
"2025-12-28 20:45:00","56.0211","54.50401","54.51316","54.16365","54.05986"
"2025-12-28 20:45:00","368.4172274"
"2025-12-28 21:00:00","56.07452","54.50706","54.49179","54.15755","54.05681"
"2025-12-28 21:00:00","368.4319578"
"2025-12-28 21:15:00","56.32483","54.49638","54.56658","54.17587","54.08733"
"2025-12-28 21:15:00","368.4295938"
"2025-12-28 21:30:00","56.43319","54.72379","54.64137","54.17739","54.0736"
"2025-12-28 21:30:00","368.4223196"
"2025-12-28 21:45:00","56.36604","54.78789","54.65511","54.18655","54.06139"
"2025-12-28 21:45:00","368.4223196"
"2025-12-28 22:00:00","56.5034","54.85962","54.57269","54.17129","54.04613"
"2025-12-28 22:00:00","368.4228647"
"2025-12-28 22:15:00","56.58886","54.78484","54.56658","54.18349","54.0507"
"2025-12-28 22:15:00","368.4272297"
"2025-12-28 22:30:00","56.6255","54.7421","54.54369","54.16365","54.04307"
"2025-12-28 22:30:00","368.4159541"
"2025-12-28 22:45:00","56.52934","54.66273","54.47348","54.16518","54.0446"
"2025-12-28 22:45:00","368.4203191"
"2025-12-28 23:00:00","56.43014","54.67647","54.49943","54.0034","54.06139"
"2025-12-28 23:00:00","368.4037692"
"2025-12-28 23:15:00","56.45913","55.23966","54.63984","54.17739","54.0736"
"2025-12-28 23:15:00","368.4012231"
"2025-12-28 23:30:00","56.39351","55.21829","54.54827","54.14991","53.95608"
"2025-12-28 23:30:00","368.3903116"
"2025-12-28 23:45:00","56.20731","55.0275","54.57269","54.10566","54.05376"
"2025-12-28 23:45:00","368.3948582"
"2025-12-29 00:00:00","56.06231","54.92678","54.91456","54.11939","54.05529"
"2025-12-29 00:00:00","368.3886752"
"2025-12-29 00:15:00","56.12946","55.00309","54.8291","54.12702","54.05529"
"2025-12-29 00:15:00","368.3955853"
"2025-12-29 00:30:00","56.11267","54.95425","54.88404","54.13771","54.06597"
"2025-12-29 00:30:00","368.3874014"
"2025-12-29 00:45:00","56.0852","54.90846","54.89167","54.14228","54.05986"
"2025-12-29 00:45:00","368.3839461"
"2025-12-29 01:00:00","56.09436","54.96035","54.92067","54.14381","54.07818"
"2025-12-29 01:00:00","368.37594422"
"2025-12-29 01:15:00","56.03941","54.89625","54.78331","54.1316","54.06139"
"2025-12-29 01:15:00","368.3799457"
"2025-12-29 01:30:00","56.06536","54.93288","54.74973","54.16824","54.0797"
"2025-12-29 01:30:00","368.3810364"
"2025-12-29 01:45:00","56.05925","54.94051","54.59253","54.15297","54.04918"
"2025-12-29 01:45:00","368.36994283"
"2025-12-29 02:00:00","55.99667","54.89014","54.62","54.15755","54.08581"
"2025-12-29 02:00:00","368.37412581"
"2025-12-29 02:15:00","56.02415","54.81689","54.54063","54.16976","54.09955"
"2025-12-29 02:15:00","368.3633958"
"2025-12-29 02:30:00","56.02262","54.80315","54.51163","54.17281","54.05681"
"2025-12-29 02:30:00","368.37230741"
"2025-12-29 02:45:00","55.86237","54.80468","54.68868","54.18502","54.04155"
"2025-12-29 02:45:00","368.364305"
"2025-12-29 03:00:00","55.91426","54.76347","54.56963","54.16518","54.05986"
"2025-12-29 03:00:00","368.36503269"
"2025-12-29 03:15:00","55.86389","54.69479","54.6139","54.17129","54.07665"
"2025-12-29 03:15:00","368.3633958"
"2025-12-29 03:30:00","55.82727","54.64747","54.58337","54.13313","54.00491"
"2025-12-29 03:30:00","368.3617589"
"2025-12-29 03:45:00","55.77995","54.59864","54.62763","54.17281","54.03849"
"2025-12-29 03:45:00","368.35648465"
"2025-12-29 04:00:00","55.70517","54.6139","54.61848","54.15297","54.09955"
"2025-12-29 04:00:00","368.35248427"
"2025-12-29 04:15:00","55.65633","54.55895","54.66121","54.15602","54.05986"
"2025-12-29 04:15:00","368.35084738"
"2025-12-29 04:30:00","55.64259","54.5269","54.60474","54.14381","54.03239"
"2025-12-29 04:30:00","368.35648465"
"2025-12-29 04:45:00","55.65175","54.4979","54.61237","54.14991","54.07818"
"2025-12-29 04:45:00","368.33811689"
"2025-12-29 05:00:00","55.54949","54.48722","54.57726","54.18502","54.08276"
"2025-12-29 05:00:00","368.35175658"
"2025-12-29 05:15:00","55.64259","54.50095","54.54217","54.20486","54.07055"
"2025-12-29 05:15:00","368.35393911"
"2025-12-29 05:30:00","55.59069","54.44296","54.49179","54.18655","54.06902"
"2025-12-29 05:30:00","368.34684645"
"2025-12-29 05:45:00","55.5617","54.45974","54.4979","54.18197","54.07818"
"2025-12-29 05:45:00","368.34993762"
"2025-12-29 06:00:00","55.54491","54.43075","54.52995","54.16824","54.07665"
"2025-12-29 06:00:00","368.34757358"
"2025-12-29 06:15:00","55.57238","54.43838","54.45211","54.20944","54.06902"
"2025-12-29 06:15:00","368.35466625"
"2025-12-29 06:30:00","55.5617","54.41853","54.52232","54.12091","54.06597"
"2025-12-29 06:30:00","368.34884636"
"2025-12-29 06:45:00","55.54643","54.4338","54.48874","54.18807","54.05986"
"2025-12-29 06:45:00","368.34193576"
"2025-12-29 07:00:00","55.5327","54.39564","54.50706","54.22165","54.08276"
"2025-12-29 07:00:00","368.35193809"
"2025-12-29 07:15:00","55.51286","54.38343","54.44906","54.22012","54.06902"
"2025-12-29 07:15:00","368.34539106"
"2025-12-29 07:30:00","55.52354","54.38649","54.45059","54.20028","54.08428"
"2025-12-29 07:30:00","368.34575518"
"2025-12-29 07:45:00","55.51438","54.37428","54.51163","54.14076","54.06444"
"2025-12-29 07:45:00","368.34757358"
"2025-12-29 08:00:00","55.48539","54.39869","54.4628","54.21402","54.08123"
"2025-12-29 08:00:00","1396225.73525868"
"2025-12-29 08:00:00","368.35921281"
"2025-12-29 08:15:00","55.46555","54.36969","54.44906","54.22165","54.06902"
"2025-12-29 08:15:00","368.35830305"
"2025-12-29 08:30:00","55.48386","54.38038","54.45822","54.17434","54.09191"
"2025-12-29 08:30:00","368.35175658"
"2025-12-29 08:45:00","55.39228","54.32086","54.41853","54.20028","54.0797"
"2025-12-29 08:45:00","368.35393911"
"2025-12-29 09:00:00","55.43197","54.33612","54.42007","54.19265","54.06902"
"2025-12-29 09:00:00","368.33575286"
"2025-12-29 09:15:00","55.46555","54.36969","54.41243","54.15602","54.09496"
"2025-12-29 09:15:00","368.3408445"
"2025-12-29 09:30:00","55.42433","54.32697","54.42464","54.17892","54.04918"
"2025-12-29 09:30:00","368.3424814"
"2025-12-29 09:45:00","55.43044","54.34833","54.42464","54.20944","54.07665"
"2025-12-29 09:45:00","368.33938967"
"2025-12-29 10:00:00","55.45486","54.22012","54.41243","54.1896","54.07055"
"2025-12-29 10:00:00","368.34484598"
"2025-12-29 10:15:00","55.4686","54.33459","54.42007","54.17739","54.08123"
"2025-12-29 10:15:00","368.34029942"
"2025-12-29 10:30:00","55.40297","54.33002","54.42159","54.20333","54.03239"
"2025-12-29 10:30:00","368.34193576"
"2025-12-29 10:45:00","55.41518","54.30712","54.40327","54.15602","54.05223"
"2025-12-29 10:45:00","368.34211782"
"2025-12-29 11:00:00","55.38313","54.30712","54.38191","54.13771","54.07055"
"2025-12-29 11:00:00","368.34866485"
"2025-12-29 11:15:00","55.39687","54.31628","54.36969","54.16518","54.07055"
"2025-12-29 11:15:00","368.33266113"
"2025-12-29 11:30:00","55.40755","54.21707","54.40633","54.15602","54.09649"
"2025-12-29 11:30:00","368.33484311"
"2025-12-29 11:45:00","55.39839","54.27201","54.36664","54.15297","54.06139"
"2025-12-29 11:45:00","368.34339115"
"2025-12-29 12:00:00","55.41976","54.31322","54.36817","54.1255","54.06139"
"2025-12-29 12:00:00","368.34139068"
"2025-12-29 12:15:00","55.30376","54.32697","54.39717","54.14534","54.04765"
"2025-12-29 12:15:00","368.34011736"
"2025-12-29 12:30:00","55.4167","54.28575","54.39869","54.11481","54.03239"
"2025-12-29 12:30:00","368.34448241"
"2025-12-29 12:45:00","55.41976","54.26286","54.3758","54.14076","54.03086"
"2025-12-29 12:45:00","368.34139068"
"2025-12-29 13:00:00","55.45333","54.26133","54.32543","54.14534","54.04155"
"2025-12-29 13:00:00","368.34557313"
"2025-12-29 13:15:00","55.36634","54.27659","54.35596","54.11634","54.01713"
"2025-12-29 13:15:00","368.32938734"
"2025-12-29 13:30:00","55.3755","54.24149","54.37885","54.11786","54.04002"
"2025-12-29 13:30:00","368.34211782"
"2025-12-29 13:45:00","55.37703","54.29033","54.39106","54.12702","54.01102"
"2025-12-29 13:45:00","368.34011736"
"2025-12-29 14:00:00","55.40755","54.27201","54.37122","54.11786","54.03086"
"2025-12-29 14:00:00","368.34411829"
"2025-12-29 14:15:00","55.37397","54.31475","54.34833","54.11176","54.03849"
"2025-12-29 14:15:00","368.33993585"
"2025-12-29 14:30:00","55.36176","54.24912","54.35749","54.14686","54.02781"
"2025-12-29 14:30:00","368.34211782"
"2025-12-29 14:45:00","55.31902","54.26744","54.36512","54.09496","53.99881"
"2025-12-29 14:45:00","368.33029655"
"2025-12-29 15:00:00","55.39687","54.27507","54.32697","54.09649","54.03544"
"2025-12-29 15:00:00","368.33920761"
"2025-12-29 15:15:00","55.30834","54.25523","54.34833","54.1316","54.01865"
"2025-12-29 15:15:00","368.33957173"
"2025-12-29 15:30:00","55.32513","54.23691","54.32543","54.06902","54.01408"
"2025-12-29 15:30:00","368.35284784"
"2025-12-29 15:45:00","55.30834","54.25676","54.29185","54.03697","54.00645"
"2025-12-29 15:45:00","368.33957173"
"2025-12-29 16:00:00","55.30376","54.22318","54.34986","54.07055","53.99423"
"2025-12-29 16:00:00","368.33502572"
"2025-12-29 16:15:00","55.35871","54.2827","54.22165","54.09344","53.99728"
"2025-12-29 16:15:00","368.33775332"
"2025-12-29 16:30:00","55.26103","54.18807","54.27507","54.07665","53.96828"
"2025-12-29 16:30:00","368.35175658"
"2025-12-29 16:45:00","55.36634","54.24149","54.22165","54.0797","54.03544"
"2025-12-29 16:45:00","368.35666671"
"2025-12-29 17:00:00","55.34345","54.24607","54.30254","54.03086","54.00645"
"2025-12-29 17:00:00","368.36976077"
"2025-12-29 17:15:00","55.34955","54.30865","54.32238","54.06749","54.0095"
"2025-12-29 17:15:00","368.37285249"
"2025-12-29 17:30:00","55.38618","54.30407","54.32086","54.05834","53.96523"
"2025-12-29 17:30:00","368.3863107"
"2025-12-29 17:45:00","55.43349","54.32849","54.35443","54.02018","53.94692"
"2025-12-29 17:45:00","368.3895839"
"2025-12-29 18:00:00","55.43655","54.33002","54.37885","54.09344","53.92555"
"2025-12-29 18:00:00","368.4068609"
"2025-12-29 18:15:00","55.27629","54.40633","54.35443","54.07665","53.96828"
"2025-12-29 18:15:00","368.407406"
"2025-12-29 18:30:00","55.45944","54.37885","54.40174","54.08733","53.96828"
"2025-12-29 18:30:00","368.4119526"
"2025-12-29 18:45:00","55.43197","54.31628","54.34681","54.06444","53.96066"
"2025-12-29 18:45:00","368.415772"
"2025-12-29 19:00:00","55.49454","54.36664","54.3758","54.07818","54.01102"
"2025-12-29 19:00:00","368.4201371"
"2025-12-29 19:15:00","55.48844","54.28575","54.33307","53.93624","53.97134"
"2025-12-29 19:15:00","368.4144992"
"2025-12-29 19:30:00","55.39992","54.28117","54.33612","54.05223","53.99881"
"2025-12-29 19:30:00","368.4241385"
"2025-12-29 19:45:00","55.53117","54.32697","54.36512","54.09649","53.96982"
"2025-12-29 19:45:00","368.4219555"
"2025-12-29 20:00:00","55.70517","54.41853","54.39564","54.0736","53.97439"
"2025-12-29 20:00:00","368.4226832"
"2025-12-29 20:15:00","55.7189","54.4277","54.38954","54.09496","53.96371"
"2025-12-29 20:15:00","368.4275933"
"2025-12-29 20:30:00","55.98599","54.43838","54.36817","54.0797","53.97134"
"2025-12-29 20:30:00","368.4270477"
"2025-12-29 20:45:00","55.86084","54.4338","54.37122","53.95455","53.95913"
"2025-12-29 20:45:00","368.4268661"
"2025-12-29 21:00:00","55.74638","54.34222","54.36359","54.05681","53.94997"
"2025-12-29 21:00:00","368.4268661"
"2025-12-29 21:15:00","55.67616","54.39869","54.35443","54.08123","53.97439"
"2025-12-29 21:15:00","368.4257749"
"2025-12-29 21:30:00","55.68227","54.35138","54.38649","54.09191","53.95608"
"2025-12-29 21:30:00","368.4206827"
"2025-12-29 21:45:00","55.67769","54.38191","54.4109","54.0034","53.96371"
"2025-12-29 21:45:00","368.4159541"
"2025-12-29 22:00:00","55.72654","54.37733","54.39412","54.03544","53.94387"
"2025-12-29 22:00:00","368.4308671"
"2025-12-29 22:15:00","55.70211","54.35291","54.36969","54.07665","53.98355"
"2025-12-29 22:15:00","368.4290487"
"2025-12-29 22:30:00","55.696","54.34833","54.37275","54.08123","53.91792"
"2025-12-29 22:30:00","368.4114075"
"2025-12-29 22:45:00","55.696","54.33917","54.36512","54.09344","53.94234"
"2025-12-29 22:45:00","368.4154084"
"2025-12-29 23:00:00","55.60138","54.27964","54.33612","54.04765","53.96218"
"2025-12-29 23:00:00","368.4063153"
"2025-12-29 23:15:00","55.55712","54.3056","54.37885","54.05376","53.9515"
"2025-12-29 23:15:00","368.3999504"
"2025-12-29 23:30:00","55.4686","54.29797","54.32391","54.06444","53.96218"
"2025-12-29 23:30:00","368.4021323"
"2025-12-29 23:45:00","55.45333","54.28117","54.29948","54.00491","53.9576"
"2025-12-29 23:45:00","368.3908572"
"2025-12-30 00:00:00","55.41365","54.26896","54.31322","54.06139","53.9515"
"2025-12-30 00:00:00","368.3895839"
"2025-12-30 00:15:00","55.35566","54.23539","54.30254","54.01713","53.88282"
"2025-12-30 00:15:00","368.3879476"
"2025-12-30 00:30:00","55.38465","54.2186","54.32543","54.04918","53.94997"
"2025-12-30 00:30:00","368.3892203"
"2025-12-30 00:45:00","55.30682","54.20333","54.29033","54.05834","53.91945"
"2025-12-30 00:45:00","368.3875834"
"2025-12-30 01:00:00","55.30223","54.17892","54.31933","54.04307","53.94844"
"2025-12-30 01:00:00","368.3814005"
"2025-12-30 01:15:00","55.23966","54.14991","54.24912","54.03392","53.91029"
"2025-12-30 01:15:00","368.37685397"
"2025-12-30 01:30:00","55.24881","54.13313","54.23996","54.03239","53.94539"
"2025-12-30 01:30:00","368.37521653"
"2025-12-30 01:45:00","55.30071","54.2247","54.25828","54.0095","53.91945"
"2025-12-30 01:45:00","368.37558065"
"2025-12-30 02:00:00","55.24881","54.1896","54.22318","53.98813","53.91182"
"2025-12-30 02:00:00","368.36612341"
"2025-12-30 02:15:00","55.25035","54.14381","54.26133","53.91945","53.90724"
"2025-12-30 02:15:00","368.3668511"
"2025-12-30 02:30:00","55.30223","54.09801","54.2247","54.01865","53.90113"
"2025-12-30 02:30:00","368.35357553"
"2025-12-30 02:45:00","55.24576","54.15908","54.25523","53.95913","53.88587"
"2025-12-30 02:45:00","368.34302702"
"2025-12-30 03:00:00","55.23508","54.17434","54.22318","53.99728","53.92403"
"2025-12-30 03:00:00","368.3599405"
"2025-12-30 03:15:00","55.25187","54.13465","54.2247","54.01102","53.90113"
"2025-12-30 03:15:00","368.36575983"
"2025-12-30 03:30:00","55.29155","54.17434","54.23233","54.00186","53.90876"
"2025-12-30 03:30:00","368.35921281"
"2025-12-30 03:45:00","55.21982","54.12091","54.23539","54.01102","53.88892"
"2025-12-30 03:45:00","368.35102889"
"2025-12-30 04:00:00","55.31902","54.13618","54.24455","54.03239","53.91029"
"2025-12-30 04:00:00","368.35248427"
"2025-12-30 04:15:00","55.27171","54.18502","54.24149","53.97287","53.87977"
"2025-12-30 04:15:00","368.35157452"
"2025-12-30 04:30:00","55.30529","54.13465","54.26439","53.94539","53.86145"
"2025-12-30 04:30:00","368.34411829"
"2025-12-30 04:45:00","55.23203","54.1484","54.23996","53.96523","53.85687"
"2025-12-30 04:45:00","368.34120862"
"2025-12-30 05:00:00","55.27477","54.13923","54.23233","53.97439","53.85382"
"2025-12-30 05:00:00","368.34957405"
"2025-12-30 05:15:00","55.27324","54.14381","54.23081","53.95913","53.8874"
"2025-12-30 05:15:00","368.34484598"
"2025-12-30 05:30:00","55.18777","54.14228","54.22623","53.99576","53.90876"
"2025-12-30 05:30:00","368.34357266"
"2025-12-30 05:45:00","55.25645","54.16976","54.22623","53.97439","53.88892"
"2025-12-30 05:45:00","368.34375472"
"2025-12-30 06:00:00","55.21829","54.1026","54.1896","53.99728","53.8874"
"2025-12-30 06:00:00","368.35121094"
"2025-12-30 06:15:00","55.18624","54.11023","54.18197","53.96523","53.8874"
"2025-12-30 06:15:00","368.34866485"
"2025-12-30 06:30:00","55.2534","54.11786","54.20181","53.93166","53.9225"
"2025-12-30 06:30:00","368.34502749"
"2025-12-30 06:45:00","55.24881","54.07207","54.21402","53.97134","53.85077"
"2025-12-30 06:45:00","368.35030174"
"2025-12-30 07:00:00","55.25187","54.11329","54.21555","53.94387","53.80651"
"2025-12-30 07:00:00","368.34302702"
"2025-12-30 07:15:00","55.20303","54.07665","54.18807","53.96371","53.84161"
"2025-12-30 07:15:00","368.34811922"
"2025-12-30 07:30:00","55.20761","54.14381","54.20181","53.93319","53.86755"
"2025-12-30 07:30:00","368.33538929"
"2025-12-30 07:45:00","55.17098","54.07055","54.20944","53.97592","53.85687"
"2025-12-30 07:45:00","368.33848046"
"2025-12-30 08:00:00","55.22898","54.0736","54.13923","53.93624","53.8874"
"2025-12-30 08:00:00","1397114.05888537"
"2025-12-30 08:00:00","368.34157219"
"2025-12-30 08:15:00","55.21677","54.09649","54.18655","53.94234","53.80956"
"2025-12-30 08:15:00","368.33866253"
"2025-12-30 08:30:00","55.14504","54.09801","54.13771","53.93776","53.87824"
"2025-12-30 08:30:00","368.34448241"
"2025-12-30 08:45:00","55.20303","54.07513","54.16671","53.94692","53.79582"
"2025-12-30 08:45:00","368.34157219"
"2025-12-30 09:00:00","55.19234","54.02629","54.13771","53.95913","53.83093"
"2025-12-30 09:00:00","368.34739153"
"2025-12-30 09:15:00","55.14961","54.08123","54.17434","53.91029","53.85229"
"2025-12-30 09:15:00","368.34266346"
"2025-12-30 09:30:00","55.16488","54.06597","54.16365","53.77446","53.84161"
"2025-12-30 09:30:00","368.33193344"
"2025-12-30 09:45:00","55.1145","54.00797","54.12245","53.90419","53.83551"
"2025-12-30 09:45:00","368.3355708"
"2025-12-30 10:00:00","55.14656","54.00186","54.11786","53.91945","53.86755"
"2025-12-30 10:00:00","368.34139068"
"2025-12-30 10:15:00","55.05193","53.98965","54.1255","53.89198","53.83703"
"2025-12-30 10:15:00","368.34029942"
"2025-12-30 10:30:00","55.1603","54.02324","54.15297","53.8935","53.78514"
"2025-12-30 10:30:00","368.34211782"
"2025-12-30 10:45:00","55.19693","54.0797","54.09649","53.91487","53.82788"
"2025-12-30 10:45:00","368.33720769"
"2025-12-30 11:00:00","55.08092","54.04002","54.14381","53.90876","53.78056"
"2025-12-30 11:00:00","368.34520955"
"2025-12-30 11:15:00","55.07635","54.02476","54.12855","53.88282","53.81719"
"2025-12-30 11:15:00","368.34648233"
"2025-12-30 11:30:00","55.11145","54.02629","54.08581","53.86145","53.81414"
"2025-12-30 11:30:00","368.35011969"
"2025-12-30 11:45:00","55.11755","53.97439","54.11176","53.89198","53.76835"
"2025-12-30 11:45:00","368.33684412"
"2025-12-30 12:00:00","55.15572","54.02781","54.1545","53.86908","53.79887"
"2025-12-30 12:00:00","368.34557313"
"2025-12-30 12:15:00","55.12671","54.05529","54.07055","53.87061","53.80193"
"2025-12-30 12:15:00","368.3339339"
"2025-12-30 12:30:00","55.07329","54.0156","54.10107","53.8645","53.77141"
"2025-12-30 12:30:00","368.34811922"
"2025-12-30 12:45:00","55.10229","53.98813","54.10107","53.87366","53.8004"
"2025-12-30 12:45:00","368.33247907"
"2025-12-30 13:00:00","55.07635","54.01102","54.08886","53.88129","53.77598"
"2025-12-30 13:00:00","368.34102656"
"2025-12-30 13:15:00","55.09924","53.99728","54.0446","53.87824","53.75767"
"2025-12-30 13:15:00","368.33102424"
"2025-12-30 13:30:00","55.14961","54.0034","54.05681","53.88282","53.75614"
"2025-12-30 13:30:00","368.34684645"
"2025-12-30 13:45:00","55.15725","53.99728","54.06444","53.85535","53.76225"
"2025-12-30 13:45:00","368.34011736"
"2025-12-30 14:00:00","55.07024","53.96523","54.09801","53.84466","53.78056"
"2025-12-30 14:00:00","368.34793771"
"2025-12-30 14:15:00","55.00004","54.01255","54.08428","53.85535","53.78056"
"2025-12-30 14:15:00","368.3390261"
"2025-12-30 14:30:00","55.07635","53.96982","54.09955","53.84008","53.74698"
"2025-12-30 14:30:00","368.34448241"
"2025-12-30 14:45:00","55.03514","53.95303","54.09801","53.81108","53.76225"
"2025-12-30 14:45:00","368.34539106"
"2025-12-30 15:00:00","55.10382","54.0034","54.06292","53.84314","53.74698"
"2025-12-30 15:00:00","368.33538929"
"2025-12-30 15:15:00","55.1084","54.02629","54.06444","53.83093","53.73935"
"2025-12-30 15:15:00","368.34175425"
"2025-12-30 15:30:00","55.10535","53.97897","54.07055","53.80193","53.72867"
"2025-12-30 15:30:00","368.34357266"
"2025-12-30 15:45:00","55.11908","54.00797","54.07055","53.80956","53.72256"
"2025-12-30 15:45:00","368.34448241"
"2025-12-30 16:00:00","55.08398","53.9866","54.02629","53.83093","53.65388"
"2025-12-30 16:00:00","368.33357033"
"2025-12-30 16:15:00","55.02598","53.9576","54.03086","53.76682","53.73019"
"2025-12-30 16:15:00","368.34229988"
"2025-12-30 16:30:00","55.02903","53.91639","54.07665","53.80346","53.71951"
"2025-12-30 16:30:00","368.3442998"
"2025-12-30 16:45:00","55.00767","53.97745","54.04307","53.78819","53.72409"
"2025-12-30 16:45:00","368.33538929"
"2025-12-30 17:00:00","55.0855","53.96218","54.02018","53.79735","53.69051"
"2025-12-30 17:00:00","368.34775565"
"2025-12-30 17:15:00","55.00004","53.96218","54.02171","53.78819","53.70578"
"2025-12-30 17:15:00","368.34448241"
"2025-12-30 17:30:00","55.00919","53.96982","54.02934","53.78362","53.66609"
"2025-12-30 17:30:00","368.34666438"
"2025-12-30 17:45:00","55.00919","53.93471","54.01255","53.78514","53.67525"
"2025-12-30 17:45:00","368.3408445"
"2025-12-30 18:00:00","55.05956","53.95303","53.89198","53.79887","53.67372"
"2025-12-30 18:00:00","368.34466337"
"2025-12-30 18:15:00","55.06108","53.93929","54.03239","53.75767","53.6951"
"2025-12-30 18:15:00","368.35412061"
"2025-12-30 18:30:00","55.06108","53.94234","54.0034","53.75003","53.67067"
"2025-12-30 18:30:00","368.35830305"
"2025-12-30 18:45:00","55.01682","53.94081","54.01102","53.7653","53.68135"
"2025-12-30 18:45:00","368.34993762"
"2025-12-30 19:00:00","55.05803","53.93319","54.0156","53.79277","53.58978"
"2025-12-30 19:00:00","368.36212247"
"2025-12-30 19:15:00","54.99698","53.97897","54.03849","53.78514","53.62793"
"2025-12-30 19:15:00","368.37012433"
"2025-12-30 19:30:00","55.0214","53.95608","54.01865","53.71341","53.66762"
"2025-12-30 19:30:00","368.3659419"
"2025-12-30 19:45:00","55.04124","53.96066","54.02324","53.7073","53.6722"
"2025-12-30 19:45:00","368.36976077"
"2025-12-30 20:00:00","55.05193","53.94997","53.98813","53.7424","53.69661"
"2025-12-30 20:00:00","368.37612628"
"2025-12-30 20:15:00","55.05346","53.98355","54.02934","53.7424","53.67067"
"2025-12-30 20:15:00","368.36466857"
"2025-12-30 20:30:00","55.05498","53.96066","54.02476","53.57452","53.63404"
"2025-12-30 20:30:00","368.37703548"
"2025-12-30 20:45:00","55.09924","53.96828","54.00491","53.73325","53.67677"
"2025-12-30 20:45:00","368.37794468"
"2025-12-30 21:00:00","55.01987","53.93929","54.01255","53.7424","53.64777"
"2025-12-30 21:00:00","368.3824912"
"2025-12-30 21:15:00","55.05956","53.8645","54.00645","53.74088","53.66151"
"2025-12-30 21:15:00","368.383764"
"2025-12-30 21:30:00","55.06719","53.95913","53.98355","53.74851","53.6432"
"2025-12-30 21:30:00","368.381582"
"2025-12-30 21:45:00","55.04277","53.90876","54.03849","53.78972","53.59741"
"2025-12-30 21:45:00","368.3852194"
"2025-12-30 22:00:00","55.05193","53.94844","54.00797","53.75003","53.62488"
"2025-12-30 22:00:00","368.37958213"
"2025-12-30 22:15:00","55.04888","53.91334","53.99271","53.71035","53.65999"
"2025-12-30 22:15:00","368.3864922"
"2025-12-30 22:30:00","54.99851","53.8996","53.99881","53.67983","53.63404"
"2025-12-30 22:30:00","368.3859471"
"2025-12-30 22:45:00","55.05193","53.92097","53.95455","53.78056","53.6081"
"2025-12-30 22:45:00","368.3841287"
"2025-12-30 23:00:00","55.00156","53.87824","53.98203","53.73477","53.6081"
"2025-12-30 23:00:00","368.3817641"
"2025-12-30 23:15:00","55.01225","53.90724","53.93929","53.75462","53.62641"
"2025-12-30 23:15:00","368.3877655"
"2025-12-30 23:30:00","54.96646","53.87366","53.98203","53.75156","53.64014"
"2025-12-30 23:30:00","368.383764"
"2025-12-30 23:45:00","54.94051","53.92403","53.96218","53.6951","53.61573"
"2025-12-30 23:45:00","368.37394375"
"2025-12-31 00:00:00","55.01072","53.8935","53.97439","53.68898","53.61267"
"2025-12-31 00:00:00","368.3932213"
"2025-12-31 00:15:00","54.9863","53.8645","53.9225","53.7012","53.5913"
"2025-12-31 00:15:00","368.3839461"
"2025-12-31 00:30:00","55.00309","53.88587","53.93929","53.70578","53.65846"
"2025-12-31 00:30:00","368.3824912"
"2025-12-31 00:45:00","54.93593","53.87061","53.8935","53.71035","53.60657"
"2025-12-31 00:45:00","368.3806728"
"2025-12-31 01:00:00","55.00156","53.87824","53.94234","53.71188","53.62641"
"2025-12-31 01:00:00","368.3835825"
"2025-12-31 01:15:00","54.88251","53.81566","53.93471","53.70272","53.59436"
"2025-12-31 01:15:00","368.37685397"
"2025-12-31 01:30:00","55.00462","53.88282","53.93471","53.73935","53.6142"
"2025-12-31 01:30:00","368.37867238"
"2025-12-31 01:45:00","54.92373","53.86603","53.92555","53.75308","53.62793"
"2025-12-31 01:45:00","368.3806728"
"2025-12-31 02:00:00","55.00462","53.89503","53.94387","53.7012","53.61267"
"2025-12-31 02:00:00","368.36503269"
"2025-12-31 02:15:00","55.01835","53.90571","53.95303","53.68441","53.64014"
"2025-12-31 02:15:00","368.37157972"
"2025-12-31 02:30:00","54.97256","53.89045","53.9576","53.71951","53.6203"
"2025-12-31 02:30:00","368.37721754"
"2025-12-31 02:45:00","54.97104","53.85687","53.9286","53.71341","53.62641"
"2025-12-31 02:45:00","368.36575983"
"2025-12-31 03:00:00","54.96951","53.84466","53.93471","53.71951","53.61878"
"2025-12-31 03:00:00","368.36776085"
"2025-12-31 03:15:00","55.00004","53.87366","53.94081","53.6951","53.60046"
"2025-12-31 03:15:00","368.36666904"
"2025-12-31 03:30:00","55.00309","53.85077","53.92708","53.69661","53.61267"
"2025-12-31 03:30:00","368.36048613"
"2025-12-31 03:45:00","54.91761","53.84008","53.94692","53.6783","53.61115"
"2025-12-31 03:45:00","368.36485063"
"2025-12-31 04:00:00","54.96341","53.84466","53.93166","53.67983","53.62488"
"2025-12-31 04:00:00","368.34721002"
"2025-12-31 04:15:00","54.95272","53.82177","53.92097","53.67067","53.58978"
"2025-12-31 04:15:00","368.37103408"
"2025-12-31 04:30:00","54.97867","53.80651","53.89655","53.67983","53.60352"
"2025-12-31 04:30:00","368.3668511"
"2025-12-31 04:45:00","54.96188","53.86603","53.93166","53.66457","53.60657"
"2025-12-31 04:45:00","368.35957692"
"2025-12-31 05:00:00","54.90693","53.85077","53.88435","53.64625","53.59741"
"2025-12-31 05:00:00","368.36485063"
"2025-12-31 05:15:00","54.96951","53.79887","53.91029","53.69051","53.58825"
"2025-12-31 05:15:00","368.36284961"
"2025-12-31 05:30:00","54.91914","53.84619","53.88129","53.66609","53.47989"
"2025-12-31 05:30:00","368.36976077"
"2025-12-31 05:45:00","54.91761","53.83398","53.91792","53.67372","53.57757"
"2025-12-31 05:45:00","368.35448418"
"2025-12-31 06:00:00","54.93135","53.82634","53.91182","53.69661","53.57605"
"2025-12-31 06:00:00","368.36466857"
"2025-12-31 06:15:00","54.87488","53.79277","53.8874","53.62183","53.55467"
"2025-12-31 06:15:00","368.36357786"
"2025-12-31 06:30:00","54.95425","53.81566","53.87977","53.66762","53.49973"
"2025-12-31 06:30:00","368.36194096"
"2025-12-31 06:45:00","54.96341","53.83398","53.91182","53.65694","53.59589"
"2025-12-31 06:45:00","368.35848567"
"2025-12-31 07:00:00","54.94204","53.77904","53.91334","53.69356","53.60046"
"2025-12-31 07:00:00","368.36412349"
"2025-12-31 07:15:00","54.93898","53.81108","53.8996","53.67372","53.6081"
"2025-12-31 07:15:00","368.36721521"
"2025-12-31 07:30:00","54.96188","53.8294","53.85992","53.68441","53.59283"
"2025-12-31 07:30:00","368.37212535"
"2025-12-31 07:45:00","54.94509","53.79582","53.89503","53.63404","53.54704"
"2025-12-31 07:45:00","368.35321141"
"2025-12-31 08:00:00","54.94967","53.79582","53.87672","53.67525","53.56231"
"2025-12-31 08:00:00","1398151.37383669"
"2025-12-31 08:00:00","368.35575751"
"2025-12-31 08:15:00","54.95119","53.85687","53.8874","53.63099","53.60046"
"2025-12-31 08:15:00","368.36321429"
"2025-12-31 08:30:00","54.93288","53.79582","53.89198","53.6432","53.58978"
"2025-12-31 08:30:00","368.36284961"
"2025-12-31 08:45:00","54.96341","53.79124","53.90571","53.61267","53.57605"
"2025-12-31 08:45:00","368.3617589"
"2025-12-31 09:00:00","54.94509","53.78972","53.88892","53.60352","53.5501"
"2025-12-31 09:00:00","368.34975611"
"2025-12-31 09:15:00","54.91304","53.80498","53.85382","53.61573","53.58062"
"2025-12-31 09:15:00","368.35793948"
"2025-12-31 09:30:00","54.95425","53.77751","53.88129","53.63709","53.37915"
"2025-12-31 09:30:00","368.36139534"
"2025-12-31 09:45:00","54.89625","53.78819","53.86145","53.67983","53.52721"
"2025-12-31 09:45:00","368.36612341"
"2025-12-31 10:00:00","54.95578","53.76225","53.87518","53.63099","53.56384"
"2025-12-31 10:00:00","368.35793948"
"2025-12-31 10:15:00","54.90236","53.80651","53.89808","53.65236","53.5791"
"2025-12-31 10:15:00","368.35921281"
"2025-12-31 10:30:00","54.87336","53.78209","53.86145","53.62336","53.52872"
"2025-12-31 10:30:00","368.36448706"
"2025-12-31 10:45:00","54.86877","53.78514","53.88282","53.62183","53.54094"
"2025-12-31 10:45:00","368.34793771"
"2025-12-31 11:00:00","54.85504","53.76072","53.86298","53.64014","53.53178"
"2025-12-31 11:00:00","368.35757591"
"2025-12-31 11:15:00","54.85809","53.78972","53.86145","53.63099","53.54552"
"2025-12-31 11:15:00","368.3608497"
"2025-12-31 11:30:00","54.85504","53.76225","53.8645","53.62183","53.54094"
"2025-12-31 11:30:00","368.36375937"
"2025-12-31 11:45:00","54.89014","53.78362","53.83245","53.60352","53.57605"
"2025-12-31 11:45:00","368.36375937"
"2025-12-31 12:00:00","54.87641","53.75156","53.68288","53.62336","53.56536"
"2025-12-31 12:00:00","368.36303223"
"2025-12-31 12:15:00","54.81078","53.77904","53.83551","53.6203","53.53789"
"2025-12-31 12:15:00","368.36194096"
"2025-12-31 12:30:00","54.88709","53.78056","53.80803","53.61267","53.53331"
"2025-12-31 12:30:00","368.35684877"
"2025-12-31 12:45:00","54.86725","53.7363","53.83856","53.61267","53.55315"
"2025-12-31 12:45:00","368.36885156"
"2025-12-31 13:00:00","54.81231","53.72256","53.83093","53.5913","53.54399"
"2025-12-31 13:00:00","368.3608497"
"2025-12-31 13:15:00","54.85962","53.74698","53.82788","53.57299","53.54094"
"2025-12-31 13:15:00","368.36121327"
"2025-12-31 13:30:00","54.87946","53.74698","53.72104","53.58062","53.5211"
"2025-12-31 13:30:00","368.36357786"
"2025-12-31 13:45:00","54.89625","53.76225","53.81871","53.5852","53.54552"
"2025-12-31 13:45:00","368.36194096"
"2025-12-31 14:00:00","54.89625","53.76072","53.85229","53.6142","53.52262"
"2025-12-31 14:00:00","368.36539626"
"2025-12-31 14:15:00","54.88709","53.75462","53.85077","53.60199","53.52721"
"2025-12-31 14:15:00","368.36485063"
"2025-12-31 14:30:00","54.90083","53.77904","53.85077","53.60657","53.51347"
"2025-12-31 14:30:00","368.37176123"
"2025-12-31 14:45:00","54.74973","53.74545","53.85229","53.6142","53.54247"
"2025-12-31 14:45:00","368.36412349"
"2025-12-31 15:00:00","54.86725","53.74545","53.88129","53.58368","53.49973"
"2025-12-31 15:00:00","368.37230741"
"2025-12-31 15:15:00","54.93288","53.78514","53.85077","53.6203","53.53636"
"2025-12-31 15:15:00","368.36048613"
"2025-12-31 15:30:00","54.88557","53.79735","53.82634","53.6142","53.53178"
"2025-12-31 15:30:00","368.36976077"
"2025-12-31 15:45:00","54.92219","53.77904","53.84924","53.61878","53.52872"
"2025-12-31 15:45:00","368.36048613"
"2025-12-31 16:00:00","54.88862","53.76682","53.84466","53.58825","53.51499"
"2025-12-31 16:00:00","368.36248605"
"2025-12-31 16:15:00","54.94051","53.79124","53.86908","53.58215","53.53026"
"2025-12-31 16:15:00","368.36303223"
"2025-12-31 16:30:00","54.94509","53.81871","53.85382","53.61115","53.54094"
"2025-12-31 16:30:00","368.36357786"
"2025-12-31 16:45:00","54.8932","53.77293","53.87824","53.63404","53.54399"
"2025-12-31 16:45:00","368.35321141"
"2025-12-31 17:00:00","54.95272","53.82329","53.89808","53.62946","53.51347"
"2025-12-31 17:00:00","368.37212535"
"2025-12-31 17:15:00","54.97104","53.8645","53.8584","53.64625","53.53789"
"2025-12-31 17:15:00","368.37594422"
"2025-12-31 17:30:00","54.94051","53.84924","53.91792","53.59283","53.41884"
"2025-12-31 17:30:00","368.3806728"
"2025-12-31 17:45:00","54.74362","53.84314","53.91182","53.57757","53.56536"
"2025-12-31 17:45:00","368.383764"
"2025-12-31 18:00:00","54.95272","53.81566","53.89808","53.6203","53.56231"
"2025-12-31 18:00:00","368.37430733"
"2025-12-31 18:15:00","54.98782","53.82024","53.8996","53.60046","53.56231"
"2025-12-31 18:15:00","368.37394375"
"2025-12-31 18:30:00","54.94814","53.82177","53.8996","53.63862","53.55773"
"2025-12-31 18:30:00","368.37703548"
"2025-12-31 18:45:00","54.88251","53.79124","53.89503","53.63862","53.54552"
"2025-12-31 18:45:00","368.37903595"
"2025-12-31 19:00:00","54.90236","53.7943","53.89045","53.63709","53.55926"
"2025-12-31 19:00:00","368.36976077"
"2025-12-31 19:15:00","54.92219","53.77598","53.89045","53.62946","53.5791"
"2025-12-31 19:15:00","368.37394375"
"2025-12-31 19:30:00","54.90693","53.81108","53.90571","53.63099","53.55773"
"2025-12-31 19:30:00","368.37976309"
"2025-12-31 19:45:00","54.80925","53.78819","53.86298","53.62641","53.54399"
"2025-12-31 19:45:00","368.37867238"
"2025-12-31 20:00:00","54.91914","53.76377","53.87213","53.63404","53.55773"
"2025-12-31 20:00:00","368.3823097"
"2025-12-31 20:15:00","54.90388","53.78667","53.89808","53.65388","53.52262"
"2025-12-31 20:15:00","368.37703548"
"2025-12-31 20:30:00","54.90388","53.80651","53.86145","53.63709","53.53331"
"2025-12-31 20:30:00","368.37321661"
"2025-12-31 20:45:00","54.92067","53.8294","53.86755","53.65083","53.51804"
"2025-12-31 20:45:00","368.37667191"
"2025-12-31 21:00:00","54.94814","53.76835","53.86908","53.61573","53.55315"
"2025-12-31 21:00:00","368.3866742"
"2025-12-31 21:15:00","54.92525","53.76377","53.86755","53.62488","53.54857"
"2025-12-31 21:15:00","368.3821277"
"2025-12-31 21:30:00","54.90236","53.80498","53.85535","53.63404","53.54399"
"2025-12-31 21:30:00","368.3906752"
"2025-12-31 21:45:00","54.90693","53.77446","53.88892","53.62946","53.56689"
"2025-12-31 21:45:00","368.3832189"
"2025-12-31 22:00:00","54.91761","53.76835","53.85077","53.65236","53.55621"
"2025-12-31 22:00:00","368.389766"
"2025-12-31 22:15:00","54.90998","53.78514","53.88282","53.63099","53.54704"
"2025-12-31 22:15:00","368.3823097"
"2025-12-31 22:30:00","54.92678","53.81719","53.87977","53.63557","53.54857"
"2025-12-31 22:30:00","368.3839461"
"2025-12-31 22:45:00","54.91456","53.70425","53.91945","53.62641","53.52415"
"2025-12-31 22:45:00","368.37739906"
"2025-12-31 23:00:00","54.90541","53.75919","53.87061","53.64167","53.51652"
"2025-12-31 23:00:00","368.3926756"
"2025-12-31 23:15:00","54.87794","53.80498","53.88892","53.64777","53.53636"
"2025-12-31 23:15:00","368.3895839"
"2025-12-31 23:30:00","54.91609","53.74545","53.85382","53.5501","53.53484"
"2025-12-31 23:30:00","368.3830369"
"2025-12-31 23:45:00","54.92067","53.77904","53.85535","53.61573","53.53484"
"2025-12-31 23:45:00","368.383764"
"2026-01-01 00:00:00","54.91914","53.76377","53.85687","53.63557","53.55621"
"2026-01-01 00:00:00","368.3835825"
"2026-01-01 00:15:00","54.92678","53.79887","53.88129","53.6142","53.50431"
"2026-01-01 00:15:00","368.3899475"
"2026-01-01 00:30:00","54.92373","53.77904","53.8645","53.63557","53.56384"
"2026-01-01 00:30:00","368.3904937"
"2026-01-01 00:45:00","54.90541","53.79124","53.88282","53.63099","53.58978"
"2026-01-01 00:45:00","368.383764"
"2026-01-01 01:00:00","54.91456","53.82329","53.87672","53.62183","53.55773"
"2026-01-01 01:00:00","368.3844923"
"2026-01-01 01:15:00","54.87946","53.76225","53.89045","53.54399","53.5211"
"2026-01-01 01:15:00","368.3895839"
"2026-01-01 01:30:00","54.86572","53.75767","53.83245","53.64625","53.52567"
"2026-01-01 01:30:00","368.3834004"
"2026-01-01 01:45:00","54.88862","53.75614","53.84314","53.61267","53.50889"
"2026-01-01 01:45:00","368.3821277"
"2026-01-01 02:00:00","54.87031","53.76835","53.82634","53.58825","53.51957"
"2026-01-01 02:00:00","368.3894024"
"2026-01-01 02:15:00","54.89472","53.79887","53.88129","53.61725","53.51347"
"2026-01-01 02:15:00","368.3868563"
"2026-01-01 02:30:00","54.87336","53.72867","53.80956","53.59436","53.56536"
"2026-01-01 02:30:00","368.3834004"
"2026-01-01 02:45:00","54.87183","53.77598","53.86908","53.61878","53.55162"
"2026-01-01 02:45:00","368.3839461"
"2026-01-01 03:00:00","54.88557","53.77141","53.79582","53.60046","53.49363"
"2026-01-01 03:00:00","368.3899475"
"2026-01-01 03:15:00","54.88099","53.79582","53.83856","53.59283","53.54094"
"2026-01-01 03:15:00","368.3906752"
"2026-01-01 03:30:00","54.88557","53.76682","53.83398","53.62488","53.51499"
"2026-01-01 03:30:00","368.3863107"
"2026-01-01 03:45:00","54.82452","53.75614","53.84466","53.59283","53.54552"
"2026-01-01 03:45:00","368.3904937"
"2026-01-01 04:00:00","54.90998","53.76835","53.84466","53.61878","53.52567"
"2026-01-01 04:00:00","368.3801272"
"2026-01-01 04:15:00","54.8932","53.73782","53.85535","53.60505","53.5501"
"2026-01-01 04:15:00","368.36557777"
"2026-01-01 04:30:00","54.85809","53.75614","53.83551","53.63709","53.52872"
"2026-01-01 04:30:00","368.3901295"
"2026-01-01 04:45:00","54.87794","53.75156","53.85535","53.59741","53.52872"
"2026-01-01 04:45:00","368.3888562"
"2026-01-01 05:00:00","54.85504","53.77293","53.86145","53.63557","53.56994"
"2026-01-01 05:00:00","368.3804908"
"2026-01-01 05:15:00","54.88099","53.79582","53.83551","53.56994","53.54704"
"2026-01-01 05:15:00","368.3844923"
"2026-01-01 05:30:00","54.90693","53.7943","53.84008","53.60657","53.50126"
"2026-01-01 05:30:00","368.3906752"
"2026-01-01 05:45:00","54.85962","53.77141","53.83856","53.55467","53.51652"
"2026-01-01 05:45:00","368.3892203"
"2026-01-01 06:00:00","54.84436","53.80803","53.83245","53.62336","53.52262"
"2026-01-01 06:00:00","368.3823097"
"2026-01-01 06:15:00","54.89777","53.7943","53.87366","53.57605","53.43716"
"2026-01-01 06:15:00","368.383764"
"2026-01-01 06:30:00","54.88404","53.75767","53.82634","53.60199","53.49057"
"2026-01-01 06:30:00","368.3874014"
"2026-01-01 06:45:00","54.84588","53.78056","53.83856","53.60046","53.53026"
"2026-01-01 06:45:00","368.3903116"
"2026-01-01 07:00:00","54.87641","53.78056","53.8294","53.62336","53.47989"
"2026-01-01 07:00:00","368.3901295"
"2026-01-01 07:15:00","54.8642","53.77141","53.85992","53.58978","53.53026"
"2026-01-01 07:15:00","368.3846738"
"2026-01-01 07:30:00","54.84436","53.75156","53.84772","53.62488","53.53331"
"2026-01-01 07:30:00","368.3899475"
"2026-01-01 07:45:00","54.89167","53.74088","53.87061","53.49515","53.54704"
"2026-01-01 07:45:00","368.37303455"
"2026-01-01 08:00:00","54.88099","53.77598","53.8645","53.5913","53.53941"
"2026-01-01 08:00:00","1400920.51182872"
"2026-01-01 08:00:00","368.3806728"
"2026-01-01 08:15:00","54.87031","53.78667","53.85687","53.5852","53.54094"
"2026-01-01 08:15:00","368.3915844"
"2026-01-01 08:30:00","54.92373","53.7943","53.83703","53.58673","53.51957"
"2026-01-01 08:30:00","368.3830369"
"2026-01-01 08:45:00","54.86877","53.76835","53.79887","53.56689","53.48752"
"2026-01-01 08:45:00","368.37612628"
"2026-01-01 09:00:00","54.86572","53.7073","53.82024","53.50889","53.51652"
"2026-01-01 09:00:00","368.3892203"
"2026-01-01 09:15:00","54.84283","53.7424","53.85077","53.57299","53.52567"
"2026-01-01 09:15:00","368.3886752"
"2026-01-01 09:30:00","54.86572","53.75462","53.84619","53.59589","53.53636"
"2026-01-01 09:30:00","368.383764"
"2026-01-01 09:45:00","54.86267","53.76072","53.85992","53.58978","53.51499"
"2026-01-01 09:45:00","368.3848558"
"2026-01-01 10:00:00","54.83978","53.7073","53.81566","53.62488","53.42953"
"2026-01-01 10:00:00","368.3874014"
"2026-01-01 10:15:00","54.89014","53.76682","53.83245","53.57146","53.53941"
"2026-01-01 10:15:00","368.3861286"
"2026-01-01 10:30:00","54.89777","53.7653","53.84008","53.62488","53.54094"
"2026-01-01 10:30:00","368.3806728"
"2026-01-01 10:45:00","54.72684","53.76225","53.82177","53.58062","53.52262"
"2026-01-01 10:45:00","368.37885389"
"2026-01-01 11:00:00","54.84283","53.73782","53.82024","53.57605","53.44021"
"2026-01-01 11:00:00","368.37939952"
"2026-01-01 11:15:00","54.8932","53.73172","53.79735","53.54399","53.50736"
"2026-01-01 11:15:00","368.37430733"
"2026-01-01 11:30:00","54.85046","53.73782","53.83551","53.6081","53.53331"
"2026-01-01 11:30:00","368.3866742"
"2026-01-01 11:45:00","54.85504","53.74698","53.82483","53.45395","53.52415"
"2026-01-01 11:45:00","368.37903595"
"2026-01-01 12:00:00","54.88862","53.76835","53.85992","53.57605","53.50431"
"2026-01-01 12:00:00","368.3814005"
"2026-01-01 12:15:00","54.84283","53.72867","53.79735","53.53026","53.52567"
"2026-01-01 12:15:00","368.3870378"
"2026-01-01 12:30:00","54.85657","53.72867","53.80193","53.56536","53.49973"
"2026-01-01 12:30:00","368.3828548"
"2026-01-01 12:45:00","54.83215","53.73019","53.66762","53.60657","53.47684"
"2026-01-01 12:45:00","368.3841287"
"2026-01-01 13:00:00","54.86572","53.73782","53.80498","53.57452","53.48447"
"2026-01-01 13:00:00","368.3861286"
"2026-01-01 13:15:00","54.76957","53.72256","53.83093","53.55467","53.48905"
"2026-01-01 13:15:00","368.3841287"
"2026-01-01 13:30:00","54.8413","53.74698","53.84314","53.5791","53.50584"
"2026-01-01 13:30:00","368.393949"
"2026-01-01 13:45:00","54.84741","53.75156","53.84466","53.57452","53.47226"
"2026-01-01 13:45:00","368.37867238"
"2026-01-01 14:00:00","54.84893","53.7424","53.82634","53.55773","53.52872"
"2026-01-01 14:00:00","368.37703548"
"2026-01-01 14:15:00","54.8291","53.74698","53.82177","53.56994","53.47684"
"2026-01-01 14:15:00","368.37358019"
"2026-01-01 14:30:00","54.86267","53.71493","53.82177","53.43258","53.51041"
"2026-01-01 14:30:00","368.3872199"
"2026-01-01 14:45:00","54.87336","53.76377","53.81566","53.55315","53.486"
"2026-01-01 14:45:00","368.37939952"
"2026-01-01 15:00:00","54.81994","53.7424","53.83398","53.59283","53.47684"
"2026-01-01 15:00:00","368.3859471"
"2026-01-01 15:15:00","54.83215","53.72562","53.79277","53.55926","53.49057"
"2026-01-01 15:15:00","368.37721754"
"2026-01-01 15:30:00","54.83215","53.7363","53.80956","53.53789","53.50126"
"2026-01-01 15:30:00","368.3799457"
"2026-01-01 15:45:00","54.85352","53.76835","53.74088","53.5501","53.44936"
"2026-01-01 15:45:00","368.3870378"
"2026-01-01 16:00:00","54.85504","53.71798","53.80803","53.58368","53.50278"
"2026-01-01 16:00:00","368.3814005"
"2026-01-01 16:15:00","54.88099","53.75767","53.83398","53.5913","53.4921"
"2026-01-01 16:15:00","368.3828548"
"2026-01-01 16:30:00","54.82757","53.77293","53.82329","53.59283","53.4631"
"2026-01-01 16:30:00","368.3819456"
"2026-01-01 16:45:00","54.83062","53.72714","53.77293","53.57299","53.4921"
"2026-01-01 16:45:00","368.3843096"
"2026-01-01 17:00:00","54.81078","53.69051","53.79124","53.58062","53.43258"
"2026-01-01 17:00:00","368.3830369"
"2026-01-01 17:15:00","54.87183","53.72256","53.80803","53.53484","53.50584"
"2026-01-01 17:15:00","368.3830369"
"2026-01-01 17:30:00","54.85657","53.77751","53.8004","53.58978","53.47379"
"2026-01-01 17:30:00","368.3854009"
"2026-01-01 17:45:00","54.85046","53.71798","53.79582","53.55467","53.45089"
"2026-01-01 17:45:00","368.3850373"
"2026-01-01 18:00:00","54.85046","53.71798","53.79582","53.55467","53.45089"
"2026-01-01 18:00:00","368.3875834"
"2026-01-01 18:15:00","54.85962","53.73935","53.8294","53.55773","53.50278"
"2026-01-01 18:15:00","368.3908572"
"2026-01-01 18:30:00","54.8642","53.71493","53.82177","53.5211","53.48142"
"2026-01-01 18:30:00","368.3888562"
"2026-01-01 18:45:00","54.83978","53.71341","53.79735","53.55621","53.44021"
"2026-01-01 18:45:00","368.3839461"
"2026-01-01 19:00:00","54.8413","53.7653","53.83245","53.55926","53.46005"
"2026-01-01 19:00:00","368.3870378"
"2026-01-01 19:15:00","54.8413","53.7653","53.83245","53.55926","53.46005"
"2026-01-01 19:15:00","368.3852194"
"2026-01-01 19:30:00","54.8642","53.71035","53.82329","53.56841","53.48752"
"2026-01-01 19:30:00","368.389766"
"2026-01-01 19:45:00","54.84436","53.7363","53.81719","53.59589","53.48752"
"2026-01-01 19:45:00","368.3941305"
"2026-01-01 20:00:00","54.85199","53.75308","53.82483","53.58368","53.50278"
"2026-01-01 20:00:00","368.3932213"
"2026-01-01 20:15:00","54.86267","53.72409","53.82634","53.55315","53.46005"
"2026-01-01 20:15:00","368.3895839"
"2026-01-01 20:30:00","54.94356","53.77751","53.83398","53.5913","53.48905"
"2026-01-01 20:30:00","368.3926756"
"2026-01-01 20:45:00","54.89167","53.75919","53.85992","53.5852","53.50889"
"2026-01-01 20:45:00","368.3955853"
"2026-01-01 21:00:00","54.92678","53.78056","53.79124","53.57452","53.47836"
"2026-01-01 21:00:00","368.3919479"
"2026-01-01 21:15:00","54.98477","53.8294","53.83093","53.47073","53.51652"
"2026-01-01 21:15:00","368.4023144"
"2026-01-01 21:30:00","54.97409","53.82634","53.8874","53.53941","53.49057"
"2026-01-01 21:30:00","368.3950402"
"2026-01-01 21:45:00","55.03056","53.84466","53.86908","53.57757","53.4982"
"2026-01-01 21:45:00","368.3843096"
"2026-01-01 22:00:00","55.06108","53.85535","53.87977","53.54552","53.486"
"2026-01-01 22:00:00","368.4001319"
"2026-01-01 22:15:00","55.10077","53.8935","53.91639","53.59894","53.49363"
"2026-01-01 22:15:00","368.37830826"
"2026-01-01 22:30:00","55.12519","53.93013","53.95608","53.58215","53.457"
"2026-01-01 22:30:00","368.39213"
"2026-01-01 22:45:00","55.02445","53.88282","53.94387","53.5852","53.457"
"2026-01-01 22:45:00","368.37921746"
"2026-01-01 23:00:00","55.11298","53.90724","53.96523","53.57605","53.48294"
"2026-01-01 23:00:00","368.4086799"
"2026-01-01 23:15:00","55.10687","53.94081","53.9225","53.57757","53.52415"
"2026-01-01 23:15:00","368.3968586"
"2026-01-01 23:30:00","55.09008","53.93624","53.91487","53.59894","53.51499"
"2026-01-01 23:30:00","368.3995868"
"2026-01-01 23:45:00","55.08245","53.93166","53.94234","53.55926","53.53331"
"2026-01-01 23:45:00","368.3970407"
"2026-01-02 00:00:00","55.08398","53.89808","53.94234","53.63862","53.52721"
"2026-01-02 00:00:00","368.3952217"
"2026-01-02 00:15:00","55.07329","53.87672","53.93471","53.55315","53.56841"
"2026-01-02 00:15:00","368.3995868"
"2026-01-02 00:30:00","55.09772","53.88129","53.92708","53.6722","53.53178"
"2026-01-02 00:30:00","368.3959494"
"2026-01-02 00:45:00","55.04734","53.86908","53.97592","53.64014","53.58673"
"2026-01-02 00:45:00","368.3957674"
"2026-01-02 01:00:00","55.05498","53.89045","53.94692","53.73172","53.55926"
"2026-01-02 01:00:00","368.3981319"
"2026-01-02 01:15:00","54.99241","53.86755","53.87061","53.73019","53.59741"
"2026-01-02 01:15:00","368.3912208"
"2026-01-02 01:30:00","55.07635","53.93624","53.97439","53.72409","53.56231"
"2026-01-02 01:30:00","368.3959494"
"2026-01-02 01:45:00","55.06108","53.94844","53.97287","53.64625","53.57757"
"2026-01-02 01:45:00","368.3844923"
"2026-01-02 02:00:00","55.1084","53.91639","53.97287","53.66151","53.60199"
"2026-01-02 02:00:00","368.4017688"
"2026-01-02 02:15:00","54.94356","53.91334","53.93929","53.67372","53.59436"
"2026-01-02 02:15:00","368.4050425"
"2026-01-02 02:30:00","55.01987","53.84466","53.91029","53.70578","53.54552"
"2026-01-02 02:30:00","368.3934028"
"2026-01-02 02:45:00","55.06261","53.83398","53.92097","53.69967","53.60046"
"2026-01-02 02:45:00","368.3888562"
"2026-01-02 03:00:00","55.05193","53.90724","53.97134","53.66304","53.60199"
"2026-01-02 03:00:00","368.3964945"
"2026-01-02 03:15:00","55.02445","53.91182","54.00797","53.73325","53.60657"
"2026-01-02 03:15:00","368.4034057"
"2026-01-02 03:30:00","55.13435","53.93319","54.00186","53.74088","53.56231"
"2026-01-02 03:30:00","368.3990406"
"2026-01-02 03:45:00","55.09467","53.9576","54.00645","53.72256","53.59741"
"2026-01-02 03:45:00","368.3915844"
"2026-01-02 04:00:00","55.10992","53.95608","53.97592","53.70425","53.62641"
"2026-01-02 04:00:00","368.3910387"
"2026-01-02 04:15:00","55.07482","53.91945","54.00491","53.71035","53.65541"
"2026-01-02 04:15:00","368.393949"
"2026-01-02 04:30:00","55.09008","53.95608","54.0156","53.72104","53.4341"
"2026-01-02 04:30:00","368.3924941"
"2026-01-02 04:45:00","55.00919","53.95608","54.01713","53.7073","53.63404"
"2026-01-02 04:45:00","368.4039513"
"2026-01-02 05:00:00","55.10535","53.94387","53.97592","53.75919","53.60505"
"2026-01-02 05:00:00","368.3952217"
"2026-01-02 05:15:00","55.08398","53.96218","53.99728","53.76835","53.56536"
"2026-01-02 05:15:00","368.3915844"
"2026-01-02 05:30:00","55.0794","53.91639","54.04765","53.74088","53.62183"
"2026-01-02 05:30:00","368.3983129"
"2026-01-02 05:45:00","55.0855","53.94387","53.99881","53.71035","53.60505"
"2026-01-02 05:45:00","368.4003139"
"2026-01-02 06:00:00","55.0855","53.91945","54.0034","53.72409","53.59589"
"2026-01-02 06:00:00","368.3968586"
"2026-01-02 06:15:00","55.09313","53.91792","53.97745","53.65236","53.60505"
"2026-01-02 06:15:00","368.3995868"
"2026-01-02 06:30:00","55.1084","53.94997","54.02476","53.72562","53.6142"
"2026-01-02 06:30:00","368.4006775"
"2026-01-02 06:45:00","55.05956","53.9225","54.02629","53.71798","53.60962"
"2026-01-02 06:45:00","368.394494"
"2026-01-02 07:00:00","55.04583","53.91182","54.0095","53.71035","53.59894"
"2026-01-02 07:00:00","368.3954038"
"2026-01-02 07:15:00","55.03819","53.93013","53.97745","53.69967","53.51499"
"2026-01-02 07:15:00","368.3968586"
"2026-01-02 07:30:00","55.04734","53.91792","53.91487","53.71798","53.59741"
"2026-01-02 07:30:00","368.4048605"
"2026-01-02 07:45:00","55.03361","53.91639","53.99728","53.72409","53.61725"
"2026-01-02 07:45:00","368.3906752"
"2026-01-02 08:00:00","55.05651","53.95913","54.01865","53.71341","53.58215"
"2026-01-02 08:00:00","1405795.1340864"
"2026-01-02 08:00:00","368.3984955"
"2026-01-02 08:15:00","55.0794","53.93319","53.99728","53.71798","53.60352"
"2026-01-02 08:15:00","368.3975858"
"2026-01-02 08:30:00","55.07482","53.94081","53.99423","53.70578","53.63404"
"2026-01-02 08:30:00","368.3961309"
"2026-01-02 08:45:00","55.0794","53.9576","54.00797","53.6783","53.59436"
"2026-01-02 08:45:00","368.3954038"
"2026-01-02 09:00:00","55.0504","53.93319","54.0034","53.72256","53.60046"
"2026-01-02 09:00:00","368.3999504"
"2026-01-02 09:15:00","55.03971","53.89198","53.97134","53.64931","53.6081"
"2026-01-02 09:15:00","368.4003139"
"2026-01-02 09:30:00","55.06719","53.93166","54.03544","53.69967","53.63251"
"2026-01-02 09:30:00","368.37503557"
"2026-01-02 09:45:00","55.04734","53.91487","53.99576","53.70272","53.59436"
"2026-01-02 09:45:00","368.3932213"
"2026-01-02 10:00:00","55.05651","53.90571","53.98508","53.72714","53.49515"
"2026-01-02 10:00:00","368.3877655"
"2026-01-02 10:15:00","55.05346","53.91334","53.86908","53.69051","53.6142"
"2026-01-02 10:15:00","368.4035877"
"2026-01-02 10:30:00","55.04429","53.94997","53.98203","53.7424","53.58673"
"2026-01-02 10:30:00","368.3964945"
"2026-01-02 10:45:00","55.06719","53.89045","53.98508","53.6203","53.60962"
"2026-01-02 10:45:00","368.3961309"
"2026-01-02 11:00:00","55.08398","53.91334","53.98203","53.70578","53.5852"
"2026-01-02 11:00:00","368.3975858"
"2026-01-02 11:15:00","55.04734","53.92708","53.95303","53.71798","53.61267"
"2026-01-02 11:15:00","368.396313"
"2026-01-02 11:30:00","55.05651","53.91334","54.0095","53.70578","53.63709"
"2026-01-02 11:30:00","368.3835825"
"2026-01-02 11:45:00","55.03514","53.91487","53.98355","53.72104","53.63099"
"2026-01-02 11:45:00","368.3917664"
"2026-01-02 12:00:00","55.04734","53.86603","53.98813","53.71798","53.58673"
"2026-01-02 12:00:00","368.396313"
"2026-01-02 12:15:00","54.99393","53.89045","53.96982","53.72714","53.6142"
"2026-01-02 12:15:00","368.3984955"
"2026-01-02 12:30:00","55.03819","53.91334","53.96676","53.69356","53.61573"
"2026-01-02 12:30:00","368.4037692"
"2026-01-02 12:45:00","55.02293","53.90113","53.97134","53.69356","53.62336"
"2026-01-02 12:45:00","368.3932213"
"2026-01-02 13:00:00","55.01072","53.89045","53.97745","53.6951","53.60962"
"2026-01-02 13:00:00","368.3910387"
"2026-01-02 13:15:00","55.03514","53.88587","53.96828","53.6203","53.61115"
"2026-01-02 13:15:00","368.3886752"
"2026-01-02 13:30:00","55.03209","53.90724","53.98508","53.65999","53.61573"
"2026-01-02 13:30:00","368.3848558"
"2026-01-02 13:45:00","55.00309","53.90266","53.9576","53.6951","53.6203"
"2026-01-02 13:45:00","368.3964945"
"2026-01-02 14:00:00","54.98935","53.90266","53.95303","53.67983","53.59283"
"2026-01-02 14:00:00","368.396313"
"2026-01-02 14:15:00","55.00919","53.8935","53.94081","53.68746","53.5791"
"2026-01-02 14:15:00","368.3924941"
"2026-01-02 14:30:00","55.04583","53.90876","54.0034","53.68746","53.59589"
"2026-01-02 14:30:00","368.3999504"
"2026-01-02 14:45:00","55.03209","53.90266","53.99576","53.65541","53.61725"
"2026-01-02 14:45:00","368.3970407"
"2026-01-02 15:00:00","54.99546","53.91639","53.95303","53.66609","53.46615"
"2026-01-02 15:00:00","368.396313"
"2026-01-02 15:15:00","55.01072","53.8874","53.94539","53.66151","53.61878"
"2026-01-02 15:15:00","368.393949"
"2026-01-02 15:30:00","55.00004","53.88129","53.98508","53.68441","53.58978"
"2026-01-02 15:30:00","368.394494"
"2026-01-02 15:45:00","54.98782","53.86298","53.93624","53.68288","53.5791"
"2026-01-02 15:45:00","368.3917664"
"2026-01-02 16:00:00","55.00156","53.87672","53.94387","53.7073","53.53484"
"2026-01-02 16:00:00","368.3919479"
"2026-01-02 16:15:00","54.91609","53.89655","53.83093","53.68441","53.6432"
"2026-01-02 16:15:00","368.39213"
"2026-01-02 16:30:00","54.9863","53.87366","53.95608","53.69815","53.59589"
"2026-01-02 16:30:00","368.3879476"
"2026-01-02 16:45:00","55.00004","53.8935","53.96676","53.69815","53.58368"
"2026-01-02 16:45:00","368.400496"
"2026-01-02 17:00:00","55.01987","53.88587","53.95608","53.68288","53.60046"
"2026-01-02 17:00:00","368.3948582"
"2026-01-02 17:15:00","55.01377","53.87977","53.95608","53.69356","53.62336"
"2026-01-02 17:15:00","368.3901295"
"2026-01-02 17:30:00","55.0855","53.87977","53.93929","53.72867","53.60046"
"2026-01-02 17:30:00","368.3935854"
"2026-01-02 17:45:00","55.10992","53.91029","53.97439","53.69356","53.62183"
"2026-01-02 17:45:00","368.3924941"
"2026-01-02 18:00:00","55.11908","53.9286","53.9576","53.68135","53.61115"
"2026-01-02 18:00:00","368.4021323"
"2026-01-02 18:15:00","55.1084","53.89503","53.94387","53.68593","53.59589"
"2026-01-02 18:15:00","368.4006775"
"2026-01-02 18:30:00","55.1725","53.96218","53.99881","53.56994","53.6081"
"2026-01-02 18:30:00","368.4032241"
"2026-01-02 18:45:00","55.00462","53.91639","53.93624","53.71188","53.61878"
"2026-01-02 18:45:00","368.4108619"
"2026-01-02 19:00:00","55.19693","53.92555","53.98203","53.68593","53.55926"
"2026-01-02 19:00:00","368.4099527"
"2026-01-02 19:15:00","55.13588","53.9515","54.00645","53.53636","53.62793"
"2026-01-02 19:15:00","368.4221375"
"2026-01-02 19:30:00","55.21371","53.96828","54.03086","53.68288","53.64625"
"2026-01-02 19:30:00","368.3955853"
"2026-01-02 19:45:00","55.25798","54.02324","53.97897","53.72562","53.60352"
"2026-01-02 19:45:00","368.409225"
"2026-01-02 20:00:00","55.30987","54.06444","53.98203","53.6783","53.62641"
"2026-01-02 20:00:00","368.4059518"
"2026-01-02 20:15:00","55.36176","54.07818","54.09649","53.70578","53.58062"
"2026-01-02 20:15:00","368.4052241"
"2026-01-02 20:30:00","55.49607","54.05986","54.07055","53.67372","53.61573"
"2026-01-02 20:30:00","368.4117716"
"2026-01-02 20:45:00","55.39687","54.00797","54.03849","53.71188","53.63709"
"2026-01-02 20:45:00","368.4141357"
"2026-01-02 21:00:00","55.33124","54.02781","54.01408","53.72409","53.60962"
"2026-01-02 21:00:00","368.4185002"
"2026-01-02 21:15:00","55.23203","54.05223","54.03392","53.74851","53.61573"
"2026-01-02 21:15:00","368.4228647"
"2026-01-02 21:30:00","55.23813","54.02629","54.00034","53.69815","53.60199"
"2026-01-02 21:30:00","368.411589"
"2026-01-02 21:45:00","55.15572","53.92403","53.95455","53.71341","53.59589"
"2026-01-02 21:45:00","368.4108619"
"2026-01-02 22:00:00","55.11145","53.92555","53.97134","53.53789","53.6142"
"2026-01-02 22:00:00","368.4128623"
"2026-01-02 22:15:00","55.06566","53.91334","53.96828","53.6432","53.62793"
"2026-01-02 22:15:00","368.4095891"
"2026-01-02 22:30:00","55.05346","53.90876","53.9576","53.6951","53.63099"
"2026-01-02 22:30:00","368.4061338"
"2026-01-02 22:45:00","55.04124","53.88129","53.97287","53.7073","53.59283"
"2026-01-02 22:45:00","368.4079522"
"2026-01-02 23:00:00","55.01225","53.83703","53.93013","53.70883","53.58062"
"2026-01-02 23:00:00","368.4055876"
"2026-01-02 23:15:00","55.01682","53.89655","53.95913","53.65388","53.62793"
"2026-01-02 23:15:00","368.4081343"
"2026-01-02 23:30:00","55.03666","53.87977","53.95608","53.65999","53.55773"
"2026-01-02 23:30:00","368.4017688"
"2026-01-02 23:45:00","55.02903","53.88129","53.93624","53.72104","53.59283"
"2026-01-02 23:45:00","368.3975858"
"2026-01-03 00:00:00","55.0214","53.86298","53.91487","53.6722","53.62183"
"2026-01-03 00:00:00","368.409225"
"2026-01-03 00:15:00","54.92525","53.89503","53.95303","53.63557","53.61725"
"2026-01-03 00:15:00","368.4041333"
"2026-01-03 00:30:00","55.00919","53.87824","53.94692","53.67677","53.61878"
"2026-01-03 00:30:00","368.3997683"
"2026-01-03 00:45:00","55.0153","53.85077","53.93624","53.68593","53.62488"
"2026-01-03 00:45:00","368.3908572"
"2026-01-03 01:00:00","54.97867","53.87366","53.94081","53.67525","53.62183"
"2026-01-03 01:00:00","368.3974043"
"2026-01-03 01:15:00","54.98172","53.87518","53.9225","53.67525","53.60199"
"2026-01-03 01:15:00","368.4072251"
"2026-01-03 01:30:00","55.00919","53.86908","53.82024","53.71035","53.6142"
"2026-01-03 01:30:00","368.3906752"
"2026-01-03 01:45:00","55.0153","53.81871","53.9225","53.72409","53.60046"
"2026-01-03 01:45:00","368.3866742"
"2026-01-03 02:00:00","55.00309","53.84619","53.93471","53.69815","53.63404"
"2026-01-03 02:00:00","368.3910387"
"2026-01-03 02:15:00","54.83215","53.82177","53.92555","53.66151","53.61573"
"2026-01-03 02:15:00","368.3981319"
"2026-01-03 02:30:00","54.99393","53.8004","53.9576","53.72256","53.6081"
"2026-01-03 02:30:00","368.3884926"
"2026-01-03 02:45:00","54.99241","53.84466","53.88587","53.7073","53.5852"
"2026-01-03 02:45:00","368.3932213"
"2026-01-03 03:00:00","54.99851","53.85229","53.91945","53.6951","53.6142"
"2026-01-03 03:00:00","368.3941305"
"2026-01-03 03:15:00","54.99546","53.85229","53.94539","53.7073","53.59741"
"2026-01-03 03:15:00","368.3970407"
"2026-01-03 03:30:00","55.03209","53.81566","53.92708","53.68898","53.62946"
"2026-01-03 03:30:00","368.3999504"
"2026-01-03 03:45:00","54.95883","53.85992","53.88892","53.7073","53.56689"
"2026-01-03 03:45:00","368.3955853"
"2026-01-03 04:00:00","55.0153","53.82634","53.87672","53.68441","53.58825"
"2026-01-03 04:00:00","368.3954038"
"2026-01-03 04:15:00","55.00156","53.84772","53.94234","53.66304","53.60046"
"2026-01-03 04:15:00","368.3954038"
"2026-01-03 04:30:00","55.01682","53.84772","53.94539","53.68898","53.61725"
"2026-01-03 04:30:00","368.3964945"
"2026-01-03 04:45:00","54.94051","53.86145","53.91334","53.66762","53.63709"
"2026-01-03 04:45:00","368.3977678"
"2026-01-03 05:00:00","54.98782","53.85229","53.95303","53.67677","53.61725"
"2026-01-03 05:00:00","368.3959494"
"2026-01-03 05:15:00","54.89777","53.82634","53.8996","53.67372","53.62488"
"2026-01-03 05:15:00","368.3890388"
"2026-01-03 05:30:00","54.98782","53.85535","53.90113","53.66151","53.60199"
"2026-01-03 05:30:00","368.3952217"
"2026-01-03 05:45:00","55.02293","53.87366","53.93624","53.69967","53.60046"
"2026-01-03 05:45:00","368.394494"
"2026-01-03 06:00:00","54.97867","53.83093","53.92708","53.64625","53.62183"
"2026-01-03 06:00:00","368.3948582"
"2026-01-03 06:15:00","54.98325","53.83856","53.91182","53.67067","53.57452"
"2026-01-03 06:15:00","368.3968586"
"2026-01-03 06:30:00","54.98325","53.82177","53.93929","53.68746","53.58215"
"2026-01-03 06:30:00","368.4024959"
"2026-01-03 06:45:00","54.96341","53.85229","53.95913","53.69204","53.64167"
"2026-01-03 06:45:00","368.3923121"
"2026-01-03 07:00:00","54.97714","53.86145","53.88587","53.66304","53.61573"
"2026-01-03 07:00:00","368.3912208"
"2026-01-03 07:15:00","54.99088","53.81871","53.89808","53.66151","53.60505"
"2026-01-03 07:15:00","368.4023144"
"2026-01-03 07:30:00","54.98019","53.84008","53.90876","53.7012","53.59283"
"2026-01-03 07:30:00","368.3970407"
"2026-01-03 07:45:00","54.99698","53.82788","53.90724","53.65999","53.61115"
"2026-01-03 07:45:00","368.3975858"
"2026-01-03 08:00:00","54.98782","53.83398","53.90571","53.6951","53.59283"
"2026-01-03 08:00:00","1416232.37365427"
"2026-01-03 08:00:00","368.3926756"
"2026-01-03 08:15:00","54.96798","53.84008","53.90724","53.65999","53.60657"
"2026-01-03 08:15:00","368.4050425"
"2026-01-03 08:30:00","54.9863","53.82634","53.90419","53.63557","53.58215"
"2026-01-03 08:30:00","368.3952217"
"2026-01-03 08:45:00","54.96646","53.8294","53.91639","53.68898","53.60657"
"2026-01-03 08:45:00","368.3930392"
"2026-01-03 09:00:00","54.95883","53.84008","53.91945","53.69967","53.46768"
"2026-01-03 09:00:00","368.3972222"
"2026-01-03 09:15:00","54.99393","53.85382","53.90571","53.69204","53.57605"
"2026-01-03 09:15:00","368.4037692"
"2026-01-03 09:30:00","54.98935","53.82634","53.91792","53.6951","53.5913"
"2026-01-03 09:30:00","368.3928577"
"2026-01-03 09:45:00","54.99393","53.82634","53.89655","53.66304","53.64014"
"2026-01-03 09:45:00","368.4003139"
"2026-01-03 10:00:00","54.98782","53.86298","53.8996","53.66762","53.60352"
"2026-01-03 10:00:00","368.3881291"
"2026-01-03 10:15:00","54.97714","53.82788","53.8874","53.66762","53.6081"
"2026-01-03 10:15:00","368.396313"
"2026-01-03 10:30:00","54.97562","53.82329","53.8935","53.67677","53.63709"
"2026-01-03 10:30:00","368.36703261"
"2026-01-03 10:45:00","54.98477","53.83398","53.91487","53.7073","53.57146"
"2026-01-03 10:45:00","368.4008596"
"2026-01-03 11:00:00","54.95578","53.84772","53.91182","53.70883","53.6142"
"2026-01-03 11:00:00","368.3888562"
"2026-01-03 11:15:00","54.98325","53.79735","53.90724","53.68898","53.61267"
"2026-01-03 11:15:00","368.3974043"
"2026-01-03 11:30:00","55.00156","53.83551","53.92097","53.68593","53.57299"
"2026-01-03 11:30:00","368.3937669"
"2026-01-03 11:45:00","55.00156","53.82483","53.89808","53.66914","53.56536"
"2026-01-03 11:45:00","368.4017688"
"2026-01-03 12:00:00","54.9573","53.84314","53.91487","53.65083","53.60962"
"2026-01-03 12:00:00","368.3895839"
"2026-01-03 12:15:00","54.94509","53.85535","53.90724","53.6722","53.56994"
"2026-01-03 12:15:00","368.4028595"
"2026-01-03 12:30:00","54.97256","53.84008","53.89503","53.68441","53.56689"
"2026-01-03 12:30:00","368.3999504"
"2026-01-03 12:45:00","54.95272","53.83245","53.91334","53.66151","53.56994"
"2026-01-03 12:45:00","368.3932213"
"2026-01-03 13:00:00","54.92067","53.8294","53.90724","53.66151","53.56231"
"2026-01-03 13:00:00","368.3904937"
"2026-01-03 13:15:00","54.94967","53.82329","53.89045","53.67067","53.57757"
"2026-01-03 13:15:00","368.3937669"
"2026-01-03 13:30:00","54.95119","53.83245","53.91639","53.62946","53.58062"
"2026-01-03 13:30:00","368.37776317"
"2026-01-03 13:45:00","54.93593","53.82634","53.87824","53.65846","53.57757"
"2026-01-03 13:45:00","368.3935854"
"2026-01-03 14:00:00","54.97256","53.82024","53.90876","53.62488","53.60962"
"2026-01-03 14:00:00","368.3899475"
"2026-01-03 14:15:00","54.91761","53.82177","53.89655","53.67677","53.55621"
"2026-01-03 14:15:00","368.3966766"
"2026-01-03 14:30:00","54.94967","53.82024","53.91487","53.65694","53.56841"
"2026-01-03 14:30:00","368.3874014"
"2026-01-03 14:45:00","54.98782","53.82483","53.86755","53.66304","53.58673"
"2026-01-03 14:45:00","368.3948582"
"2026-01-03 15:00:00","54.94509","53.79124","53.90419","53.63251","53.59436"
"2026-01-03 15:00:00","368.3992227"
"2026-01-03 15:15:00","54.94967","53.75614","53.87977","53.65083","53.59741"
"2026-01-03 15:15:00","368.3934028"
"2026-01-03 15:30:00","54.93898","53.78209","53.86145","53.68288","53.56841"
"2026-01-03 15:30:00","368.393949"
"2026-01-03 15:45:00","54.93898","53.80651","53.91639","53.67525","53.57757"
"2026-01-03 15:45:00","368.3972222"
"2026-01-03 16:00:00","54.94051","53.8294","53.87366","53.66609","53.56994"
"2026-01-03 16:00:00","368.3959494"
"2026-01-03 16:15:00","54.97562","53.79887","53.90724","53.64931","53.59589"
"2026-01-03 16:15:00","368.4030421"
"2026-01-03 16:30:00","54.97714","53.78362","53.88587","53.64625","53.58368"
"2026-01-03 16:30:00","368.3932213"
"2026-01-03 16:45:00","54.96951","53.83551","53.88129","53.66151","53.61115"
"2026-01-03 16:45:00","368.3999504"
"2026-01-03 17:00:00","54.98325","53.84772","53.84008","53.64777","53.59436"
"2026-01-03 17:00:00","368.3886752"
"2026-01-03 17:15:00","54.96798","53.81566","53.93471","53.64777","53.60352"
"2026-01-03 17:15:00","368.3919479"
"2026-01-03 17:30:00","55.06414","53.87213","53.90571","53.65694","53.5852"
"2026-01-03 17:30:00","368.4052241"
"2026-01-03 17:45:00","55.01835","53.84466","53.91487","53.62183","53.58673"
"2026-01-03 17:45:00","368.3972222"
"2026-01-03 18:00:00","55.03209","53.75614","53.90266","53.67067","53.56078"
"2026-01-03 18:00:00","368.396313"
"2026-01-03 18:15:00","54.98019","53.81871","53.8874","53.6722","53.59741"
"2026-01-03 18:15:00","368.3859471"
"2026-01-03 18:30:00","55.00156","53.83245","53.91487","53.6783","53.58215"
"2026-01-03 18:30:00","368.3859471"
"2026-01-03 18:45:00","54.93288","53.8584","53.87061","53.64931","53.55621"
"2026-01-03 18:45:00","368.4012231"
"2026-01-03 19:00:00","54.99546","53.87061","53.9225","53.67677","53.57605"
"2026-01-03 19:00:00","368.3970407"
"2026-01-03 19:15:00","54.98935","53.82177","53.86908","53.66457","53.57146"
"2026-01-03 19:15:00","368.3901295"
"2026-01-03 19:30:00","54.9863","53.86145","53.82024","53.6722","53.54704"
"2026-01-03 19:30:00","368.3892203"
"2026-01-03 19:45:00","54.98477","53.88129","53.92403","53.69204","53.60352"
"2026-01-03 19:45:00","368.3948582"
"2026-01-03 20:00:00","55.03056","53.84466","53.96828","53.70272","53.54857"
"2026-01-03 20:00:00","368.3981319"
"2026-01-03 20:15:00","55.0504","53.74851","53.96371","53.66762","53.6142"
"2026-01-03 20:15:00","368.3975858"
"2026-01-03 20:30:00","55.07329","53.8935","53.98355","53.70578","53.48294"
"2026-01-03 20:30:00","368.3904937"
"2026-01-03 20:45:00","55.05193","53.89808","53.94081","53.71341","53.5913"
"2026-01-03 20:45:00","368.417773"
"2026-01-03 21:00:00","55.12825","53.92555","53.9576","53.68898","53.61115"
"2026-01-03 21:00:00","368.4152269"
"2026-01-03 21:15:00","55.12671","53.93624","53.97287","53.69967","53.59589"
"2026-01-03 21:15:00","368.4101342"
"2026-01-03 21:30:00","55.10687","53.94387","53.98203","53.66762","53.6142"
"2026-01-03 21:30:00","368.4239559"
"2026-01-03 21:45:00","55.12519","53.99423","54.04307","53.6951","53.63099"
"2026-01-03 21:45:00","368.4141357"
"2026-01-03 22:00:00","55.10077","53.96371","54.02476","53.7363","53.61725"
"2026-01-03 22:00:00","368.4215919"
"2026-01-03 22:15:00","55.1084","53.96066","53.96982","53.7424","53.68135"
"2026-01-03 22:15:00","368.4201371"
"2026-01-03 22:30:00","55.10992","53.98965","54.04155","53.7943","53.67067"
"2026-01-03 22:30:00","368.4155905"
"2026-01-03 22:45:00","55.12366","53.98813","54.05834","53.78056","53.73477"
"2026-01-03 22:45:00","368.4128623"
"2026-01-03 23:00:00","55.11298","53.9866","54.00797","53.78972","53.71798"
"2026-01-03 23:00:00","368.4124988"
"2026-01-03 23:15:00","55.15419","54.01255","54.09344","53.7943","53.67983"
"2026-01-03 23:15:00","368.4057697"
"2026-01-03 23:30:00","55.18777","54.01713","54.08733","53.84772","53.71646"
"2026-01-03 23:30:00","368.4072251"
"2026-01-03 23:45:00","55.07177","53.99118","54.10718","53.84619","53.77293"
"2026-01-03 23:45:00","368.4008596"
"2026-01-04 00:00:00","55.14809","54.02476","54.10871","53.87061","53.79124"
"2026-01-04 00:00:00","368.4021323"
"2026-01-04 00:15:00","55.15877","54.00797","54.12245","53.91182","53.76835"
"2026-01-04 00:15:00","368.3981319"
"2026-01-04 00:30:00","55.19388","54.0507","54.14686","53.87824","53.82634"
"2026-01-04 00:30:00","368.4030421"
"2026-01-04 00:45:00","55.18319","54.04002","54.14534","53.87518","53.78362"
"2026-01-04 00:45:00","368.4014052"
"2026-01-04 01:00:00","55.20914","54.06139","54.11634","53.8874","53.77904"
"2026-01-04 01:00:00","368.3997683"
"2026-01-04 01:15:00","55.19693","54.07207","54.15908","53.90571","53.77141"
"2026-01-04 01:15:00","368.3874014"
"2026-01-04 01:30:00","55.17861","54.07207","54.14076","53.86755","53.76225"
"2026-01-04 01:30:00","368.393949"
"2026-01-04 01:45:00","55.20303","54.07665","54.13923","53.8935","53.77293"
"2026-01-04 01:45:00","368.3870378"
"2026-01-04 02:00:00","55.18929","54.07207","54.11786","53.8584","53.78972"
"2026-01-04 02:00:00","368.3983129"
"2026-01-04 02:15:00","55.16945","54.0446","54.13465","53.85382","53.77904"
"2026-01-04 02:15:00","368.3979493"
"2026-01-04 02:30:00","55.21219","54.07207","54.1026","53.82024","53.75614"
"2026-01-04 02:30:00","368.3941305"
"2026-01-04 02:45:00","55.17709","54.07207","54.17281","53.90571","53.78056"
"2026-01-04 02:45:00","368.3808544"
"2026-01-04 03:00:00","55.25492","54.05681","54.16976","53.86908","53.75308"
"2026-01-04 03:00:00","368.3924941"
"2026-01-04 03:15:00","55.20609","54.0736","54.11176","53.88435","53.77598"
"2026-01-04 03:15:00","368.3926756"
"2026-01-04 03:30:00","55.21219","54.04613","54.13313","53.89808","53.79735"
"2026-01-04 03:30:00","368.3968586"
"2026-01-04 03:45:00","55.17098","54.06292","54.11329","53.87213","53.80651"
"2026-01-04 03:45:00","368.400496"
"2026-01-04 04:00:00","55.2244","54.03697","54.11023","53.88129","53.73935"
"2026-01-04 04:00:00","368.3961309"
"2026-01-04 04:15:00","55.16335","54.03849","54.14686","53.87213","53.79887"
"2026-01-04 04:15:00","368.3997683"
"2026-01-04 04:30:00","54.99393","54.03697","54.14076","53.87672","53.83551"
"2026-01-04 04:30:00","368.3908572"
"2026-01-04 04:45:00","55.16488","54.03544","54.14686","53.85382","53.77446"
"2026-01-04 04:45:00","368.394494"
"2026-01-04 05:00:00","55.20151","54.06597","54.12397","53.88282","53.66609"
"2026-01-04 05:00:00","368.3997683"
"2026-01-04 05:15:00","55.17861","54.02476","54.17129","53.84619","53.73935"
"2026-01-04 05:15:00","368.4028595"
"2026-01-04 05:30:00","55.15419","54.02324","54.11329","53.86755","53.74698"
"2026-01-04 05:30:00","368.4026785"
"2026-01-04 05:45:00","55.15419","54.02629","54.11786","53.92555","53.74698"
"2026-01-04 05:45:00","368.3917664"
"2026-01-04 06:00:00","55.18472","54.04002","54.11176","53.85077","53.75767"
"2026-01-04 06:00:00","368.3955853"
"2026-01-04 06:15:00","55.16945","54.03239","54.09801","53.89045","53.76072"
"2026-01-04 06:15:00","368.3988591"
"2026-01-04 06:30:00","55.20303","54.07207","54.0736","53.88892","53.76682"
"2026-01-04 06:30:00","368.3879476"
"2026-01-04 06:45:00","55.17861","54.04002","54.15145","53.85535","53.72562"
"2026-01-04 06:45:00","368.385765"
"2026-01-04 07:00:00","55.20609","54.05529","54.11329","53.85382","53.7424"
"2026-01-04 07:00:00","368.4017688"
"2026-01-04 07:15:00","55.15572","54.04002","54.1026","53.8294","53.78514"
"2026-01-04 07:15:00","368.3997683"
"2026-01-04 07:30:00","55.16488","53.99728","54.11176","53.84314","53.76072"
"2026-01-04 07:30:00","368.3997683"
"2026-01-04 07:45:00","55.19083","54.00491","54.05986","53.81719","53.7363"
"2026-01-04 07:45:00","368.39213"
"2026-01-04 08:00:00","55.15114","54.02934","54.10412","53.8645","53.73477"
"2026-01-04 08:00:00","1432977.58622306"
"2026-01-04 08:00:00","368.3999504"
"2026-01-04 08:15:00","55.16488","54.0095","54.10107","53.86908","53.72409"
"2026-01-04 08:15:00","368.4035877"
"2026-01-04 08:30:00","55.18472","54.02324","54.07818","53.84924","53.71951"
"2026-01-04 08:30:00","368.3924941"
"2026-01-04 08:45:00","55.09161","54.0156","54.0736","53.85077","53.74851"
"2026-01-04 08:45:00","368.3977678"
"2026-01-04 09:00:00","55.12977","54.03849","54.09801","53.81261","53.75614"
"2026-01-04 09:00:00","368.4030421"
"2026-01-04 09:15:00","55.1313","54.0446","54.07665","53.83703","53.74088"
"2026-01-04 09:15:00","368.3937669"
"2026-01-04 09:30:00","55.15114","54.00186","54.10412","53.83551","53.71493"
"2026-01-04 09:30:00","368.3966766"
"2026-01-04 09:45:00","55.03056","53.97592","54.0736","53.84008","53.75462"
"2026-01-04 09:45:00","368.3955853"
"2026-01-04 10:00:00","55.14198","54.01865","54.07207","53.82177","53.59283"
"2026-01-04 10:00:00","368.4017688"
"2026-01-04 10:15:00","55.19693","54.0034","54.05681","53.8294","53.73019"
"2026-01-04 10:15:00","368.3928577"
"2026-01-04 10:30:00","55.15267","54.0034","54.08276","53.79887","53.69967"
"2026-01-04 10:30:00","368.3930392"
"2026-01-04 10:45:00","55.1145","53.97745","54.07665","53.8294","53.70272"
"2026-01-04 10:45:00","368.3977678"
"2026-01-04 11:00:00","55.14961","54.01865","54.09191","53.82177","53.72256"
"2026-01-04 11:00:00","368.4034057"
"2026-01-04 11:15:00","55.11145","53.97745","54.07818","53.80651","53.72409"
"2026-01-04 11:15:00","368.398677"
"2026-01-04 11:30:00","55.11603","54.01102","54.07055","53.80346","53.67677"
"2026-01-04 11:30:00","368.3835825"
"2026-01-04 11:45:00","55.10687","54.01102","54.07207","53.75767","53.72256"
"2026-01-04 11:45:00","368.3892203"
"2026-01-04 12:00:00","55.12061","54.00645","54.06597","53.81871","53.69204"
"2026-01-04 12:00:00","368.3912208"
"2026-01-04 12:15:00","55.05651","53.97897","54.09955","53.81261","53.73935"
"2026-01-04 12:15:00","368.4044969"
"2026-01-04 12:30:00","55.12061","53.9805","54.05834","53.84008","53.69815"
"2026-01-04 12:30:00","368.3924941"
"2026-01-04 12:45:00","55.09772","53.9805","54.05681","53.80651","53.71951"
"2026-01-04 12:45:00","368.3970407"
"2026-01-04 13:00:00","55.09467","53.98965","54.0736","53.81566","53.73019"
"2026-01-04 13:00:00","368.3977678"
"2026-01-04 13:15:00","55.08092","53.96218","54.05986","53.80803","53.69661"
"2026-01-04 13:15:00","368.3881291"
"2026-01-04 13:30:00","55.0794","53.96523","54.06139","53.7943","53.68746"
"2026-01-04 13:30:00","368.3859471"
"2026-01-04 13:45:00","55.06719","53.93929","54.02476","53.83398","53.71798"
"2026-01-04 13:45:00","368.3901295"
"2026-01-04 14:00:00","55.03056","53.93624","54.05376","53.80346","53.71188"
"2026-01-04 14:00:00","368.3901295"
"2026-01-04 14:15:00","55.10687","53.92708","54.0095","53.80193","53.70272"
"2026-01-04 14:15:00","368.3868563"
"2026-01-04 14:30:00","55.08092","53.94234","54.02171","53.78819","53.73019"
"2026-01-04 14:30:00","368.393949"
"2026-01-04 14:45:00","54.94509","53.94234","54.02324","53.79735","53.67525"
"2026-01-04 14:45:00","368.37885389"
"2026-01-04 15:00:00","55.0855","53.98508","54.04765","53.80803","53.68441"
"2026-01-04 15:00:00","368.3894024"
"2026-01-04 15:15:00","55.0214","53.97897","53.99271","53.83398","53.71341"
"2026-01-04 15:15:00","368.3821277"
"2026-01-04 15:30:00","55.10992","53.97592","54.02934","53.78362","53.71798"
"2026-01-04 15:30:00","368.3892203"
"2026-01-04 15:45:00","55.02293","53.95455","54.02324","53.79887","53.68593"
"2026-01-04 15:45:00","368.3808544"
"2026-01-04 16:00:00","55.03361","53.96371","53.90876","53.79735","53.60352"
"2026-01-04 16:00:00","368.3934028"
"2026-01-04 16:15:00","55.08398","53.97287","54.02629","53.78667","53.72714"
"2026-01-04 16:15:00","368.393949"
"2026-01-04 16:30:00","55.08703","53.93013","54.03086","53.77751","53.67067"
"2026-01-04 16:30:00","368.3881291"
"2026-01-04 16:45:00","55.09313","53.96066","54.06444","53.77446","53.70425"
"2026-01-04 16:45:00","368.3846738"
"2026-01-04 17:00:00","55.10992","53.96066","54.05376","53.67525","53.69356"
"2026-01-04 17:00:00","368.3937669"
"2026-01-04 17:15:00","55.07482","53.9515","54.04613","53.79582","53.72256"
"2026-01-04 17:15:00","368.3941305"
"2026-01-04 17:30:00","55.14809","53.97287","54.04765","53.77904","53.71951"
"2026-01-04 17:30:00","368.3908572"
"2026-01-04 17:45:00","55.05193","53.9515","54.04765","53.78362","53.74851"
"2026-01-04 17:45:00","368.3950402"
"2026-01-04 18:00:00","55.1084","53.98203","54.04765","53.76682","53.71341"
"2026-01-04 18:00:00","368.3908572"
"2026-01-04 18:15:00","55.18014","54.00645","54.02171","53.78362","53.70425"
"2026-01-04 18:15:00","368.4081343"
"2026-01-04 18:30:00","55.1725","53.99881","54.03697","53.75462","53.71188"
"2026-01-04 18:30:00","368.4023144"
"2026-01-04 18:45:00","55.18319","53.99881","54.08581","53.78514","53.64472"
"2026-01-04 18:45:00","368.39213"
"2026-01-04 19:00:00","55.19693","54.01713","54.07207","53.7943","53.71646"
"2026-01-04 19:00:00","368.4012231"
"2026-01-04 19:15:00","55.20456","54.01255","54.03392","53.78667","53.66151"
"2026-01-04 19:15:00","368.3959494"
"2026-01-04 19:30:00","55.18929","54.00797","54.03544","53.7363","53.62488"
"2026-01-04 19:30:00","368.4043149"
"2026-01-04 19:45:00","55.20914","53.99423","54.05834","53.7424","53.70272"
"2026-01-04 19:45:00","368.3888562"
"2026-01-04 20:00:00","55.21219","54.03544","53.99423","53.77904","53.68441"
"2026-01-04 20:00:00","368.3994047"
"2026-01-04 20:15:00","55.04734","54.02476","54.04155","53.76682","53.68593"
"2026-01-04 20:15:00","368.400496"
"2026-01-04 20:30:00","55.20914","53.97897","54.04307","53.76835","53.68746"
"2026-01-04 20:30:00","368.4072251"
"2026-01-04 20:45:00","55.1603","54.02476","54.06902","53.78667","53.73477"
"2026-01-04 20:45:00","368.4008596"
"2026-01-04 21:00:00","55.19846","54.01102","54.06749","53.78819","53.67983"
"2026-01-04 21:00:00","368.3892203"
"2026-01-04 21:15:00","55.19234","54.0034","54.08123","53.77293","53.66914"
"2026-01-04 21:15:00","368.3946761"
"2026-01-04 21:30:00","55.20151","54.01102","54.04002","53.77446","53.69356"
"2026-01-04 21:30:00","368.3946761"
"2026-01-04 21:45:00","55.05651","54.02629","54.04613","53.77141","53.65388"
"2026-01-04 21:45:00","368.37030639"
"2026-01-04 22:00:00","55.19846","53.99271","54.06292","53.77598","53.6722"
"2026-01-04 22:00:00","368.3848558"
"2026-01-04 22:15:00","55.21677","53.99728","54.04155","53.75003","53.72409"
"2026-01-04 22:15:00","368.3917664"
"2026-01-04 22:30:00","55.26866","54.02324","54.07055","53.75462","53.68441"
"2026-01-04 22:30:00","368.3935854"
"2026-01-04 22:45:00","55.09467","54.01102","54.06902","53.79735","53.68135"
"2026-01-04 22:45:00","368.3932213"
"2026-01-04 23:00:00","55.17556","53.99118","54.02171","53.78514","53.68593"
"2026-01-04 23:00:00","368.4028595"
"2026-01-04 23:15:00","55.15877","53.99271","54.05376","53.73325","53.67983"
"2026-01-04 23:15:00","368.3934028"
"2026-01-04 23:30:00","55.18929","54.02781","54.03392","53.7653","53.61725"
"2026-01-04 23:30:00","368.3946761"
"2026-01-04 23:45:00","55.1145","54.0095","54.04765","53.78056","53.70272"
"2026-01-04 23:45:00","368.3941305"
"2026-01-05 00:00:00","55.09313","54.02934","54.07055","53.77446","53.70425"
"2026-01-05 00:00:00","368.3904937"
"2026-01-05 00:15:00","55.0214","54.02171","54.10107","53.77293","53.67983"
"2026-01-05 00:15:00","368.4064974"
"2026-01-05 00:30:00","55.08855","53.9805","54.06597","53.77904","53.72409"
"2026-01-05 00:30:00","368.3930392"
"2026-01-05 00:45:00","55.15419","53.99271","54.0797","53.76987","53.6783"
"2026-01-05 00:45:00","368.3852194"
"2026-01-05 01:00:00","55.10229","53.99423","54.0507","53.77598","53.65083"
"2026-01-05 01:00:00","368.3964945"
"2026-01-05 01:15:00","55.10687","54.0095","54.04155","53.7653","53.7073"
"2026-01-05 01:15:00","368.3910387"
"2026-01-05 01:30:00","55.09313","53.99576","54.01865","53.73325","53.67983"
"2026-01-05 01:30:00","368.3886752"
"2026-01-05 01:45:00","55.13893","53.96066","54.06749","53.7653","53.67372"
"2026-01-05 01:45:00","368.3919479"
"2026-01-05 02:00:00","55.06566","53.94539","54.0156","53.78514","53.66609"
"2026-01-05 02:00:00","368.393949"
"2026-01-05 02:15:00","55.05956","53.9225","54.00797","53.75462","53.67372"
"2026-01-05 02:15:00","368.383764"
"2026-01-05 02:30:00","55.0794","53.96218","54.0156","53.76377","53.68135"
"2026-01-05 02:30:00","368.3888562"
"2026-01-05 02:45:00","55.03666","53.96828","54.04155","53.78209","53.69051"
"2026-01-05 02:45:00","368.3932213"
"2026-01-05 03:00:00","55.06872","53.93624","54.03086","53.76377","53.66151"
"2026-01-05 03:00:00","368.3886752"
"2026-01-05 03:15:00","55.07635","54.00034","53.99423","53.75767","53.68898"
"2026-01-05 03:15:00","368.385583"
"2026-01-05 03:30:00","55.10382","53.94844","54.02629","53.77446","53.67067"
"2026-01-05 03:30:00","368.3844923"
"2026-01-05 03:45:00","55.00462","53.94234","54.01408","53.77751","53.65694"
"2026-01-05 03:45:00","368.37503557"
"2026-01-05 04:00:00","54.97714","53.9225","53.98355","53.71493","53.65541"
"2026-01-05 04:00:00","368.37867238"
"2026-01-05 04:15:00","55.06108","53.9576","53.99728","53.7424","53.67067"
"2026-01-05 04:15:00","368.37521653"
"2026-01-05 04:30:00","55.03666","53.97439","54.02018","53.75767","53.64625"
"2026-01-05 04:30:00","368.37448939"
"2026-01-05 04:45:00","55.08398","53.91334","54.00186","53.73477","53.71341"
"2026-01-05 04:45:00","368.37558065"
"2026-01-05 05:00:00","55.04888","53.91639","54.03544","53.7653","53.66457"
"2026-01-05 05:00:00","368.36721521"
"2026-01-05 05:15:00","55.03514","53.9576","54.0156","53.77446","53.63862"
"2026-01-05 05:15:00","368.3823097"
"2026-01-05 05:30:00","55.06261","53.9225","53.99423","53.75614","53.64931"
"2026-01-05 05:30:00","368.37976309"
"2026-01-05 05:45:00","55.01072","53.90113","53.91334","53.74698","53.66762"
"2026-01-05 05:45:00","368.3801272"
"2026-01-05 06:00:00","55.00767","53.8935","54.02324","53.73935","53.64931"
"2026-01-05 06:00:00","368.3826733"
"2026-01-05 06:15:00","55.01835","53.85687","53.97897","53.73325","53.6432"
"2026-01-05 06:15:00","368.37867238"
"2026-01-05 06:30:00","55.02903","53.90571","53.99576","53.74088","53.63557"
"2026-01-05 06:30:00","368.37412581"
"2026-01-05 06:45:00","54.99241","53.94081","54.01255","53.72867","53.6142"
"2026-01-05 06:45:00","368.3835825"
"2026-01-05 07:00:00","55.02293","53.92403","53.98508","53.74851","53.66914"
"2026-01-05 07:00:00","368.3823097"
"2026-01-05 07:15:00","55.01072","53.91945","53.97897","53.72409","53.66914"
"2026-01-05 07:15:00","368.3801272"
"2026-01-05 07:30:00","55.04124","53.8996","53.98355","53.78514","53.67525"
"2026-01-05 07:30:00","368.37721754"
"2026-01-05 07:45:00","55.00004","53.88282","53.96676","53.74851","53.66457"
"2026-01-05 07:45:00","368.37667191"
"2026-01-05 08:00:00","55.05193","53.8996","53.98203","53.74545","53.65388"
"2026-01-05 08:00:00","1445740.68588649"
"2026-01-05 08:00:00","368.37558065"
"2026-01-05 08:15:00","54.99546","53.90266","53.96371","53.71188","53.63557"
"2026-01-05 08:15:00","368.37212535"
"2026-01-05 08:30:00","55.01682","53.91029","53.95303","53.75308","53.63251"
"2026-01-05 08:30:00","368.37285249"
"2026-01-05 08:45:00","54.99088","53.90266","53.99118","53.75767","53.63099"
"2026-01-05 08:45:00","368.3801272"
"2026-01-05 09:00:00","55.03819","53.87518","53.96523","53.70883","53.62641"
"2026-01-05 09:00:00","368.37776317"
"2026-01-05 09:15:00","55.05803","53.92403","53.94692","53.72714","53.66914"
"2026-01-05 09:15:00","368.37885389"
"2026-01-05 09:30:00","55.0153","53.86603","53.93776","53.72256","53.65388"
"2026-01-05 09:30:00","368.36575983"
"2026-01-05 09:45:00","54.9863","53.92403","53.9805","53.7363","53.64625"
"2026-01-05 09:45:00","368.37157972"
"2026-01-05 10:00:00","55.03514","53.8874","53.95455","53.70272","53.64472"
"2026-01-05 10:00:00","368.37867238"
"2026-01-05 10:15:00","54.98325","53.89503","53.97287","53.64014","53.63709"
"2026-01-05 10:15:00","368.37176123"
"2026-01-05 10:30:00","54.96188","53.87672","53.8874","53.71035","53.55467"
"2026-01-05 10:30:00","368.37849031"
"2026-01-05 10:45:00","54.92219","53.82483","53.9286","53.71646","53.65236"
"2026-01-05 10:45:00","368.37521653"
"2026-01-05 11:00:00","54.95425","53.85992","53.92708","53.71951","53.64625"
"2026-01-05 11:00:00","368.37958213"
"2026-01-05 11:15:00","54.87488","53.84466","53.9286","53.68746","53.62641"
"2026-01-05 11:15:00","368.37521653"
"2026-01-05 11:30:00","54.96798","53.74088","53.96523","53.71646","53.57146"
"2026-01-05 11:30:00","368.3810364"
"2026-01-05 11:45:00","54.97714","53.83093","53.94387","53.70578","53.64167"
"2026-01-05 11:45:00","368.37739906"
"2026-01-05 12:00:00","54.97714","53.84008","53.9286","53.72714","53.59741"
"2026-01-05 12:00:00","368.37648985"
"2026-01-05 12:15:00","54.95578","53.87213","53.94997","53.71188","53.62336"
"2026-01-05 12:15:00","368.3812185"
"2026-01-05 12:30:00","54.98172","53.8584","53.9576","53.71646","53.61115"
"2026-01-05 12:30:00","368.3875834"
"2026-01-05 12:45:00","54.97562","53.8645","53.92403","53.73325","53.63099"
"2026-01-05 12:45:00","368.37867238"
"2026-01-05 13:00:00","54.98172","53.85382","53.90113","53.71341","53.61878"
"2026-01-05 13:00:00","368.3817641"
"2026-01-05 13:15:00","54.96035","53.84466","53.9225","53.66457","53.64014"
"2026-01-05 13:15:00","368.3852194"
"2026-01-05 13:30:00","55.0275","53.84924","53.9576","53.74393","53.59283"
"2026-01-05 13:30:00","368.37794468"
"2026-01-05 13:45:00","54.9863","53.87366","53.94997","53.67372","53.59741"
"2026-01-05 13:45:00","368.3826733"
"2026-01-05 14:00:00","54.97562","53.87824","53.94539","53.72256","53.63404"
"2026-01-05 14:00:00","368.37794468"
"2026-01-05 14:15:00","54.98019","53.82788","53.93624","53.6783","53.60962"
"2026-01-05 14:15:00","368.37794468"
"2026-01-05 14:30:00","55.00614","53.89045","53.92555","53.68441","53.62488"
"2026-01-05 14:30:00","368.3830369"
"2026-01-05 14:45:00","54.98172","53.85077","53.93166","53.67983","53.54857"
"2026-01-05 14:45:00","368.3823097"
"2026-01-05 15:00:00","54.95883","53.85077","53.94539","53.71493","53.62946"
"2026-01-05 15:00:00","368.3830369"
"2026-01-05 15:15:00","54.94662","53.84314","53.8935","53.70883","53.56689"
"2026-01-05 15:15:00","368.3843096"
"2026-01-05 15:30:00","54.98019","53.82177","53.93166","53.67677","53.56994"
"2026-01-05 15:30:00","368.3808544"
"2026-01-05 15:45:00","54.85352","53.82634","53.96066","53.68593","53.60352"
"2026-01-05 15:45:00","368.37958213"
"2026-01-05 16:00:00","54.92067","53.8004","53.90113","53.67983","53.57299"
"2026-01-05 16:00:00","368.3854009"
"2026-01-05 16:15:00","54.95272","53.83398","53.89808","53.66304","53.57605"
"2026-01-05 16:15:00","368.37721754"
"2026-01-05 16:30:00","54.98325","53.83245","53.93776","53.71035","53.59283"
"2026-01-05 16:30:00","368.3852194"
"2026-01-05 16:45:00","54.96951","53.82483","53.88587","53.67525","53.61115"
"2026-01-05 16:45:00","368.3835825"
"2026-01-05 17:00:00","54.97409","53.84466","53.87213","53.66457","53.6081"
"2026-01-05 17:00:00","368.3848558"
"2026-01-05 17:15:00","54.98325","53.82024","53.93319","53.68593","53.57146"
"2026-01-05 17:15:00","368.3844923"
"2026-01-05 17:30:00","54.96646","53.80651","53.9225","53.69967","53.56689"
"2026-01-05 17:30:00","368.3954038"
"2026-01-05 17:45:00","55.00156","53.86145","53.93166","53.68898","53.48905"
"2026-01-05 17:45:00","368.4070425"
"2026-01-05 18:00:00","55.00156","53.87824","53.94692","53.68593","53.60199"
"2026-01-05 18:00:00","368.3934028"
"2026-01-05 18:15:00","54.99546","53.82788","53.92555","53.66914","53.58978"
"2026-01-05 18:15:00","368.3950402"
"2026-01-05 18:30:00","55.00767","53.87824","53.93929","53.7012","53.62336"
"2026-01-05 18:30:00","368.37321661"
"2026-01-05 18:45:00","54.96646","53.84772","53.94997","53.67677","53.59589"
"2026-01-05 18:45:00","368.4037692"
"2026-01-05 19:00:00","55.01987","53.88435","53.94539","53.69356","53.61878"
"2026-01-05 19:00:00","368.3884926"
"2026-01-05 19:15:00","54.84283","53.86145","53.95913","53.62488","53.61573"
"2026-01-05 19:15:00","368.3912208"
"2026-01-05 19:30:00","55.00767","53.87061","53.90266","53.63404","53.58368"
"2026-01-05 19:30:00","368.3946761"
"2026-01-05 19:45:00","55.01377","53.8584","53.92708","53.67677","53.59436"
"2026-01-05 19:45:00","368.3854009"
"2026-01-05 20:00:00","55.00309","53.84619","53.90724","53.69204","53.60046"
"2026-01-05 20:00:00","368.3903116"
"2026-01-05 20:15:00","54.97104","53.85687","53.94387","53.68593","53.57757"
"2026-01-05 20:15:00","368.3941305"
"2026-01-05 20:30:00","54.96798","53.87213","53.9576","53.6951","53.5791"
"2026-01-05 20:30:00","368.3959494"
"2026-01-05 20:45:00","54.90236","53.83703","53.92708","53.67372","53.60505"
"2026-01-05 20:45:00","368.39213"
"2026-01-05 21:00:00","55.00309","53.87213","53.91792","53.62336","53.59894"
"2026-01-05 21:00:00","368.3999504"
"2026-01-05 21:15:00","54.78484","53.83245","53.94692","53.64777","53.58368"
"2026-01-05 21:15:00","368.3941305"
"2026-01-05 21:30:00","55.01987","53.78514","53.90113","53.68288","53.56384"
"2026-01-05 21:30:00","368.3924941"
"2026-01-05 21:45:00","55.00919","53.85382","53.91792","53.66304","53.5852"
"2026-01-05 21:45:00","368.393949"
"2026-01-05 22:00:00","54.91914","53.84772","53.88892","53.65541","53.60657"
"2026-01-05 22:00:00","368.3854009"
"2026-01-05 22:15:00","54.94814","53.87213","53.86908","53.66609","53.58215"
"2026-01-05 22:15:00","368.3926756"
"2026-01-05 22:30:00","54.97867","53.82177","53.88129","53.57605","53.5913"
"2026-01-05 22:30:00","368.37776317"
"2026-01-05 22:45:00","54.96951","53.79277","53.93776","53.66304","53.56841"
"2026-01-05 22:45:00","368.3866742"
"2026-01-05 23:00:00","54.89472","53.84924","53.88129","53.67372","53.56536"
"2026-01-05 23:00:00","368.3886752"
"2026-01-05 23:15:00","54.8932","53.77598","53.8935","53.65846","53.5852"
"2026-01-05 23:15:00","368.383764"
"2026-01-05 23:30:00","54.91914","53.81566","53.88129","53.6722","53.42342"
"2026-01-05 23:30:00","368.3930392"
"2026-01-05 23:45:00","54.91609","53.84314","53.91487","53.60505","53.5913"
"2026-01-05 23:45:00","368.3915844"
"2026-01-06 00:00:00","54.94509","53.80193","53.90724","53.66762","53.56994"
"2026-01-06 00:00:00","368.3870378"
"2026-01-06 00:15:00","54.90998","53.81566","53.90266","53.67983","53.55926"
"2026-01-06 00:15:00","368.3894024"
"2026-01-06 00:30:00","54.93288","53.81261","53.8935","53.63709","53.54247"
"2026-01-06 00:30:00","368.3992227"
"2026-01-06 00:45:00","54.95883","53.84466","53.89503","53.65236","53.54094"
"2026-01-06 00:45:00","368.3859471"
"2026-01-06 01:00:00","54.92525","53.80498","53.87366","53.6432","53.59283"
"2026-01-06 01:00:00","368.3846738"
"2026-01-06 01:15:00","54.92678","53.83398","53.89503","53.66457","53.60046"
"2026-01-06 01:15:00","368.3874014"
"2026-01-06 01:30:00","54.94509","53.80193","53.86603","53.67983","53.55467"
"2026-01-06 01:30:00","368.39213"
"2026-01-06 01:45:00","54.92525","53.83551","53.86603","53.66609","53.54857"
"2026-01-06 01:45:00","368.3872199"
"2026-01-06 02:00:00","54.91151","53.79582","53.87824","53.65541","53.6081"
"2026-01-06 02:00:00","368.3919479"
"2026-01-06 02:15:00","54.81383","53.85535","53.89198","53.67677","53.61878"
"2026-01-06 02:15:00","368.39213"
"2026-01-06 02:30:00","54.95119","53.81414","53.89045","53.66914","53.58215"
"2026-01-06 02:30:00","368.396313"
"2026-01-06 02:45:00","54.91761","53.80346","53.90266","53.65236","53.57146"
"2026-01-06 02:45:00","368.3984955"
"2026-01-06 03:00:00","54.91914","53.79124","53.89198","53.63709","53.56231"
"2026-01-06 03:00:00","368.37667191"
"2026-01-06 03:15:00","54.90693","53.78514","53.88282","53.60199","53.51652"
"2026-01-06 03:15:00","368.3919479"
"2026-01-06 03:30:00","54.93288","53.79124","53.85229","53.67372","53.56231"
"2026-01-06 03:30:00","368.3806728"
"2026-01-06 03:45:00","54.90541","53.82788","53.90419","53.65846","53.5913"
"2026-01-06 03:45:00","368.37594422"
"2026-01-06 04:00:00","54.98019","53.82329","53.83703","53.69051","53.58368"
"2026-01-06 04:00:00","368.3935854"
"2026-01-06 04:15:00","54.93898","53.78972","53.89503","53.63557","53.58825"
"2026-01-06 04:15:00","368.3864922"
"2026-01-06 04:30:00","54.92678","53.77904","53.88129","53.65694","53.5501"
"2026-01-06 04:30:00","368.3934028"
"2026-01-06 04:45:00","54.88557","53.79124","53.87518","53.63862","53.3639"
"2026-01-06 04:45:00","368.37939952"
"2026-01-06 05:00:00","54.92525","53.78514","53.86755","53.63099","53.55162"
"2026-01-06 05:00:00","368.3917664"
"2026-01-06 05:15:00","54.83062","53.80346","53.89045","53.60505","53.52721"
"2026-01-06 05:15:00","368.400496"
"2026-01-06 05:30:00","54.91609","53.78667","53.89198","53.59283","53.56841"
"2026-01-06 05:30:00","368.3881291"
"2026-01-06 05:45:00","54.91609","53.7943","53.86908","53.56689","53.58978"
"2026-01-06 05:45:00","368.3868563"
"2026-01-06 06:00:00","54.94051","53.78362","53.89045","53.6432","53.56536"
"2026-01-06 06:00:00","368.394494"
"2026-01-06 06:15:00","54.88251","53.8004","53.86755","53.6432","53.56384"
"2026-01-06 06:15:00","368.3910387"
"2026-01-06 06:30:00","54.89777","53.77904","53.89808","53.60352","53.53789"
"2026-01-06 06:30:00","368.3932213"
"2026-01-06 06:45:00","54.92525","53.79582","53.75919","53.64167","53.56689"
"2026-01-06 06:45:00","368.3874014"
"2026-01-06 07:00:00","54.90236","53.74698","53.87672","53.61573","53.53484"
"2026-01-06 07:00:00","368.3904937"
"2026-01-06 07:15:00","54.89014","53.78819","53.86145","53.63251","53.56536"
"2026-01-06 07:15:00","368.3861286"
"2026-01-06 07:30:00","54.95119","53.76377","53.88587","53.60046","53.58673"
"2026-01-06 07:30:00","368.36939719"
"2026-01-06 07:45:00","54.84588","53.76987","53.87518","53.63404","53.56689"
"2026-01-06 07:45:00","368.36921513"
"2026-01-06 08:00:00","54.90846","53.8004","53.78209","53.62488","53.56994"
"2026-01-06 08:00:00","1464780.89465354"
"2026-01-06 08:00:00","368.3968586"
"2026-01-06 08:15:00","54.9283","53.77293","53.85077","53.63862","53.51041"
"2026-01-06 08:15:00","368.389766"
"2026-01-06 08:30:00","54.90236","53.74545","53.87977","53.5913","53.53331"
"2026-01-06 08:30:00","368.3946761"
"2026-01-06 08:45:00","54.77567","53.77293","53.86755","53.61725","53.56536"
"2026-01-06 08:45:00","368.3823097"
"2026-01-06 09:00:00","54.89014","53.76072","53.83398","53.65388","53.52567"
"2026-01-06 09:00:00","368.3737617"
"2026-01-06 09:15:00","54.90236","53.80803","53.81108","53.64472","53.53789"
"2026-01-06 09:15:00","368.3828548"
"2026-01-06 09:30:00","54.91914","53.77751","53.84008","53.62641","53.56689"
"2026-01-06 09:30:00","368.3874014"
"2026-01-06 09:45:00","54.84588","53.75919","53.85992","53.61878","53.55315"
"2026-01-06 09:45:00","368.3866742"
"2026-01-06 10:00:00","54.91914","53.75003","53.85077","53.61878","53.52721"
"2026-01-06 10:00:00","368.3888562"
"2026-01-06 10:15:00","54.85809","53.78362","53.87366","53.62641","53.54399"
"2026-01-06 10:15:00","368.3917664"
"2026-01-06 10:30:00","54.92525","53.76987","53.87213","53.6203","53.54552"
"2026-01-06 10:30:00","368.3915844"
"2026-01-06 10:45:00","54.87031","53.78819","53.85535","53.6142","53.53331"
"2026-01-06 10:45:00","368.3848558"
"2026-01-06 11:00:00","54.87488","53.78514","53.80346","53.65541","53.5501"
"2026-01-06 11:00:00","368.3823097"
"2026-01-06 11:15:00","54.8993","53.76682","53.85382","53.63404","53.54399"
"2026-01-06 11:15:00","368.3854009"
"2026-01-06 11:30:00","54.91914","53.76072","53.84314","53.63404","53.56078"
"2026-01-06 11:30:00","368.3892203"
"2026-01-06 11:45:00","54.90236","53.77293","53.84466","53.62336","53.50278"
"2026-01-06 11:45:00","368.3903116"
"2026-01-06 12:00:00","54.90998","53.74393","53.8294","53.62946","53.55467"
"2026-01-06 12:00:00","368.3906752"
"2026-01-06 12:15:00","54.91761","53.75003","53.86298","53.60046","53.56841"
"2026-01-06 12:15:00","368.37812675"
"2026-01-06 12:30:00","54.90846","53.79582","53.85382","53.62793","53.57146"
"2026-01-06 12:30:00","368.3852194"
"2026-01-06 12:45:00","54.83368","53.77446","53.84772","53.61115","53.57757"
"2026-01-06 12:45:00","368.3854009"
"2026-01-06 13:00:00","54.91609","53.78056","53.8645","53.59589","53.53331"
"2026-01-06 13:00:00","368.37121615"
"2026-01-06 13:15:00","54.89167","53.73782","53.80498","53.63709","53.49057"
"2026-01-06 13:15:00","368.3808544"
"2026-01-06 13:30:00","54.87641","53.7653","53.82634","53.62946","53.428"
"2026-01-06 13:30:00","368.3877655"
"2026-01-06 13:45:00","54.88709","53.74545","53.85229","53.41273","53.53026"
"2026-01-06 13:45:00","368.3823097"
"2026-01-06 14:00:00","54.91761","53.75003","53.84619","53.62183","53.49973"
"2026-01-06 14:00:00","368.3844923"
"2026-01-06 14:15:00","54.90236","53.76072","53.84008","53.6081","53.54094"
"2026-01-06 14:15:00","368.3915844"
"2026-01-06 14:30:00","54.87641","53.74088","53.84314","53.6081","53.52262"
"2026-01-06 14:30:00","368.3824912"
"2026-01-06 14:45:00","54.76041","53.7943","53.84772","53.59283","53.53026"
"2026-01-06 14:45:00","368.3799457"
"2026-01-06 15:00:00","54.88557","53.75156","53.78056","53.62336","53.51804"
"2026-01-06 15:00:00","368.37667191"
"2026-01-06 15:15:00","54.8932","53.78819","53.8294","53.59741","53.53941"
"2026-01-06 15:15:00","368.37412581"
"2026-01-06 15:30:00","54.8993","53.76987","53.84161","53.58673","53.52872"
"2026-01-06 15:30:00","368.37121615"
"2026-01-06 15:45:00","54.75736","53.79124","53.7943","53.60505","53.54399"
"2026-01-06 15:45:00","368.37812675"
"2026-01-06 16:00:00","54.87031","53.74698","53.84619","53.60657","53.51194"
"2026-01-06 16:00:00","368.37321661"
"2026-01-06 16:15:00","54.88862","53.75919","53.82788","53.62183","53.53636"
"2026-01-06 16:15:00","368.3826733"
"2026-01-06 16:30:00","54.89777","53.78667","53.81719","53.59589","53.5501"
"2026-01-06 16:30:00","368.3994047"
"2026-01-06 16:45:00","54.84436","53.79735","53.8584","53.59894","53.50889"
"2026-01-06 16:45:00","368.3992227"
"2026-01-06 17:00:00","54.89625","53.76225","53.85229","53.63557","53.50736"
"2026-01-06 17:00:00","368.37503557"
"2026-01-06 17:15:00","54.87794","53.80193","53.81108","53.61878","53.53941"
"2026-01-06 17:15:00","368.3854009"
"2026-01-06 17:30:00","54.93898","53.77141","53.86908","53.60199","53.52415"
"2026-01-06 17:30:00","368.3955853"
"2026-01-06 17:45:00","54.91761","53.76377","53.83856","53.50889","53.5501"
"2026-01-06 17:45:00","368.3972222"
"2026-01-06 18:00:00","54.91151","53.76072","53.86755","53.61573","53.49515"
"2026-01-06 18:00:00","368.4035877"
"2026-01-06 18:15:00","54.95425","53.79887","53.84924","53.65236","53.50889"
"2026-01-06 18:15:00","368.4046784"
"2026-01-06 18:30:00","55.0153","53.86298","53.88129","53.57299","53.51041"
"2026-01-06 18:30:00","368.4008596"
"2026-01-06 18:45:00","55.0855","53.87672","53.88892","53.59741","53.5211"
"2026-01-06 18:45:00","368.4041333"
"2026-01-06 19:00:00","55.06108","53.87061","53.88129","53.62946","53.53026"
"2026-01-06 19:00:00","368.3966766"
"2026-01-06 19:15:00","55.03209","53.90419","53.8645","53.58062","53.54552"
"2026-01-06 19:15:00","368.4106804"
"2026-01-06 19:30:00","55.0794","53.9515","53.91182","53.61115","53.51194"
"2026-01-06 19:30:00","368.4086799"
"2026-01-06 19:45:00","55.12061","53.87518","53.89503","53.61573","53.52872"
"2026-01-06 19:45:00","368.3954038"
"2026-01-06 20:00:00","55.12977","53.88587","53.90266","53.62641","53.51957"
"2026-01-06 20:00:00","368.4181366"
"2026-01-06 20:15:00","55.20609","53.93471","53.96523","53.6081","53.53941"
"2026-01-06 20:15:00","368.4188637"
"2026-01-06 20:30:00","55.24271","54.00491","54.01255","53.60962","53.52262"
"2026-01-06 20:30:00","368.4254108"
"2026-01-06 20:45:00","55.39992","53.93776","53.95455","53.60657","53.50126"
"2026-01-06 20:45:00","368.4226832"
"2026-01-06 21:00:00","55.49607","53.91945","53.94997","53.6203","53.50431"
"2026-01-06 21:00:00","368.434868"
"2026-01-06 21:15:00","55.69754","54.01713","54.04918","53.6142","53.53636"
"2026-01-06 21:15:00","368.4172274"
"2026-01-06 21:30:00","55.8181","54.0095","53.99576","53.59589","53.52721"
"2026-01-06 21:30:00","368.4335952"
"2026-01-06 21:45:00","55.68532","54.02781","53.94844","53.62183","53.53026"
"2026-01-06 21:45:00","368.4375956"
"2026-01-06 22:00:00","55.81505","54.03544","54.05376","53.5913","53.54247"
"2026-01-06 22:00:00","368.4297758"
"2026-01-06 22:15:00","56.10046","54.0797","54.01255","53.6203","53.49057"
"2026-01-06 22:15:00","368.4314127"
"2026-01-06 22:30:00","56.24394","54.09039","53.98965","53.64931","53.52415"
"2026-01-06 22:30:00","368.4288661"
"2026-01-06 22:45:00","56.23935","54.11634","54.01102","53.61878","53.49668"
"2026-01-06 22:45:00","368.4237739"
"2026-01-06 23:00:00","56.54002","54.11481","54.01102","53.60657","53.50278"
"2026-01-06 23:00:00","368.417591"
"2026-01-06 23:15:00","56.51408","54.29033","54.07207","53.62336","53.51499"
"2026-01-06 23:15:00","368.4270477"
"2026-01-06 23:30:00","56.09283","54.31322","54.03849","53.60962","53.48905"
"2026-01-06 23:30:00","368.4023144"
"2026-01-06 23:45:00","55.96768","54.42159","54.02781","53.64777","53.5211"
"2026-01-06 23:45:00","368.4141357"
"2026-01-07 00:00:00","56.20578","54.34375","54.06292","53.64472","53.57452"
"2026-01-07 00:00:00","368.4057697"
"2026-01-07 00:15:00","56.22409","54.1896","54.09649","53.60199","53.51499"
"2026-01-07 00:15:00","368.4088614"
"2026-01-07 00:30:00","56.22257","54.25523","54.1026","53.64167","53.5501"
"2026-01-07 00:30:00","368.4090435"
"2026-01-07 00:45:00","56.28667","54.17739","54.08733","53.67525","53.5501"
"2026-01-07 00:45:00","368.3928577"
"2026-01-07 01:00:00","56.22104","54.09191","54.02934","53.60352","53.56689"
"2026-01-07 01:00:00","368.4003139"
"2026-01-07 01:15:00","56.08367","53.99271","54.04918","53.63099","53.53026"
"2026-01-07 01:15:00","368.4024959"
"2026-01-07 01:30:00","55.93105","54.0507","54.04918","53.60657","53.53026"
"2026-01-07 01:30:00","368.3934028"
"2026-01-07 01:45:00","55.64107","54.05223","53.95455","53.61115","53.57452"
"2026-01-07 01:45:00","368.3870378"
"2026-01-07 02:00:00","55.61206","54.03392","54.05529","53.59589","53.53789"
"2026-01-07 02:00:00","368.3950402"
"2026-01-07 02:15:00","55.46096","54.02476","54.01408","53.64472","53.51804"
"2026-01-07 02:15:00","368.3992227"
"2026-01-07 02:30:00","55.35413","54.0156","53.9576","53.60199","53.4921"
"2026-01-07 02:30:00","368.3895839"
"2026-01-07 02:45:00","55.27171","53.98355","53.91029","53.66151","53.51347"
"2026-01-07 02:45:00","368.3919479"
"2026-01-07 03:00:00","55.23813","54.06292","53.93471","53.62793","53.37305"
"2026-01-07 03:00:00","368.381582"
"2026-01-07 03:15:00","55.31292","54.10566","53.9805","53.57452","53.54247"
"2026-01-07 03:15:00","368.3901295"
"2026-01-07 03:30:00","55.35718","54.06444","53.84619","53.59894","53.52262"
"2026-01-07 03:30:00","368.3841287"
"2026-01-07 03:45:00","55.32666","54.04918","53.93166","53.59741","53.54552"
"2026-01-07 03:45:00","368.3874014"
"2026-01-07 04:00:00","55.20609","54.00797","53.95608","53.61267","53.51041"
"2026-01-07 04:00:00","368.3803093"
"2026-01-07 04:15:00","55.07482","54.04613","53.88587","53.61115","53.53636"
"2026-01-07 04:15:00","368.3870378"
"2026-01-07 04:30:00","55.10077","53.97897","53.92708","53.59741","53.52872"
"2026-01-07 04:30:00","368.3804908"
"2026-01-07 04:45:00","55.08245","53.96982","53.97439","53.62793","53.42648"
"2026-01-07 04:45:00","368.37503557"
"2026-01-07 05:00:00","55.00462","53.89808","53.96676","53.59436","53.49668"
"2026-01-07 05:00:00","368.3821277"
"2026-01-07 05:15:00","54.99546","53.89655","53.92097","53.61573","53.50889"
"2026-01-07 05:15:00","368.3830369"
"2026-01-07 05:30:00","55.00919","53.89655","53.97745","53.61115","53.51499"
"2026-01-07 05:30:00","368.3746709"
"2026-01-07 05:45:00","55.00462","53.85687","53.91334","53.62336","53.50126"
"2026-01-07 05:45:00","368.37576271"
"2026-01-07 06:00:00","54.97562","53.84466","53.84466","53.58825","53.457"
"2026-01-07 06:00:00","368.3835825"
"2026-01-07 06:15:00","54.87183","53.80651","53.88892","53.56689","53.51652"
"2026-01-07 06:15:00","368.37576271"
"2026-01-07 06:30:00","54.99698","53.84008","53.85992","53.64625","53.37764"
"2026-01-07 06:30:00","368.3835825"
"2026-01-07 06:45:00","54.98172","53.78667","53.8874","53.6142","53.52872"
"2026-01-07 06:45:00","368.37121615"
"2026-01-07 07:00:00","54.91914","53.82329","53.91182","53.60505","53.53331"
"2026-01-07 07:00:00","368.36812442"
"2026-01-07 07:15:00","54.96493","53.82329","53.89045","53.59283","53.54247"
"2026-01-07 07:15:00","368.37085257"
"2026-01-07 07:30:00","55.00767","53.83856","53.88282","53.62793","53.41273"
"2026-01-07 07:30:00","368.3746709"
"2026-01-07 07:45:00","54.95425","53.7943","53.87366","53.63251","53.52872"
"2026-01-07 07:45:00","368.36103121"
"2026-01-07 08:00:00","54.95119","53.80956","53.89503","53.64167","53.43105"
"2026-01-07 08:00:00","1472448.82613133"
"2026-01-07 08:00:00","368.37430733"
"2026-01-07 08:15:00","54.90693","53.75919","53.85229","53.61725","53.55621"
"2026-01-07 08:15:00","368.36976077"
"2026-01-07 08:30:00","54.92525","53.79277","53.87518","53.61573","53.42494"
"2026-01-07 08:30:00","368.37558065"
"2026-01-07 08:45:00","54.87031","53.7943","53.84314","53.5913","53.51499"
"2026-01-07 08:45:00","368.36612341"
"2026-01-07 09:00:00","54.88709","53.78514","53.8584","53.486","53.49057"
"2026-01-07 09:00:00","368.37194329"
"2026-01-07 09:15:00","54.89167","53.75003","53.79887","53.60657","53.53789"
"2026-01-07 09:15:00","368.37230741"
"2026-01-07 09:30:00","54.88404","53.73477","53.76835","53.65846","53.47226"
"2026-01-07 09:30:00","368.37103408"
"2026-01-07 09:45:00","54.90236","53.75308","53.86603","53.60199","53.52415"
"2026-01-07 09:45:00","368.3808544"
"2026-01-07 10:00:00","54.89777","53.75156","53.81261","53.61267","53.50736"
"2026-01-07 10:00:00","368.37157972"
"2026-01-07 10:15:00","54.78789","53.75462","53.82024","53.58978","53.5211"
"2026-01-07 10:15:00","368.36266865"
"2026-01-07 10:30:00","54.81841","53.77446","53.85535","53.60657","53.51194"
"2026-01-07 10:30:00","368.3737617"
"2026-01-07 10:45:00","54.85657","53.76835","53.77598","53.59283","53.54247"
"2026-01-07 10:45:00","368.37339812"
"2026-01-07 11:00:00","54.8642","53.74393","53.81414","53.6081","53.4982"
"2026-01-07 11:00:00","368.37576271"
"2026-01-07 11:15:00","54.87946","53.72562","53.85229","53.59436","53.58215"
"2026-01-07 11:15:00","368.36776085"
"2026-01-07 11:30:00","54.91151","53.74698","53.89045","53.5791","53.49363"
"2026-01-07 11:30:00","368.37667191"
"2026-01-07 11:45:00","54.89167","53.75919","53.82483","53.60352","53.50889"
"2026-01-07 11:45:00","368.37703548"
"2026-01-07 12:00:00","54.89625","53.74545","53.79582","53.5791","53.55621"
"2026-01-07 12:00:00","368.37485295"
"2026-01-07 12:15:00","54.89625","53.78056","53.73782","53.61267","53.54399"
"2026-01-07 12:15:00","368.37194329"
"2026-01-07 12:30:00","54.88251","53.75614","53.82788","53.61267","53.51499"
"2026-01-07 12:30:00","368.37066997"
"2026-01-07 12:45:00","54.88099","53.76835","53.80193","53.59894","53.53178"
"2026-01-07 12:45:00","368.3808544"
"2026-01-07 13:00:00","54.90693","53.7424","53.80956","53.63099","53.49057"
"2026-01-07 13:00:00","368.3801272"
"2026-01-07 13:15:00","54.80315","53.77751","53.82634","53.5791","53.49668"
"2026-01-07 13:15:00","368.37485295"
"2026-01-07 13:30:00","54.87183","53.72867","53.82483","53.57146","53.53789"
"2026-01-07 13:30:00","368.37230741"
"2026-01-07 13:45:00","54.8352","53.70272","53.8294","53.56078","53.47531"
"2026-01-07 13:45:00","368.37867238"
"2026-01-07 14:00:00","54.86267","53.72409","53.80803","53.58673","53.52415"
"2026-01-07 14:00:00","368.37267098"
"2026-01-07 14:15:00","54.8932","53.75919","53.83245","53.5791","53.51652"
"2026-01-07 14:15:00","368.37685397"
"2026-01-07 14:30:00","54.85199","53.71035","53.85382","53.59589","53.53636"
"2026-01-07 14:30:00","368.36757879"
"2026-01-07 14:45:00","54.8413","53.74088","53.82177","53.58825","53.50736"
"2026-01-07 14:45:00","368.37758111"
"2026-01-07 15:00:00","54.8352","53.71035","53.78209","53.57452","53.52415"
"2026-01-07 15:00:00","368.35321141"
"2026-01-07 15:15:00","54.88557","53.62641","53.82483","53.59589","53.52415"
"2026-01-07 15:15:00","368.37030639"
"2026-01-07 15:30:00","54.84741","53.76072","53.8004","53.60505","53.48142"
"2026-01-07 15:30:00","368.37812675"
"2026-01-07 15:45:00","54.85199","53.73935","53.85687","53.58368","53.53331"
"2026-01-07 15:45:00","368.36503269"
"2026-01-07 16:00:00","54.86572","53.71188","53.80498","53.57452","53.49057"
"2026-01-07 16:00:00","368.36121327"
"2026-01-07 16:15:00","54.83978","53.71646","53.80956","53.57757","53.49057"
"2026-01-07 16:15:00","368.36830593"
"2026-01-07 16:30:00","54.82452","53.71493","53.80956","53.59283","53.4921"
"2026-01-07 16:30:00","368.37430733"
"2026-01-07 16:45:00","54.81078","53.68746","53.80956","53.56841","53.51652"
"2026-01-07 16:45:00","368.37703548"
"2026-01-07 17:00:00","54.84436","53.74393","53.82634","53.57299","53.48142"
"2026-01-07 17:00:00","368.3832189"
"2026-01-07 17:15:00","54.86115","53.75767","53.80193","53.55926","53.50584"
"2026-01-07 17:15:00","368.3890388"
"2026-01-07 17:30:00","54.88099","53.77904","53.84924","53.54704","53.486"
"2026-01-07 17:30:00","368.3912208"
"2026-01-07 17:45:00","54.91151","53.79887","53.80803","53.54704","53.4982"
"2026-01-07 17:45:00","368.3990406"
"2026-01-07 18:00:00","54.92983","53.76987","53.84466","53.56536","53.50736"
"2026-01-07 18:00:00","368.4086799"
"2026-01-07 18:15:00","54.93288","53.75614","53.82024","53.5852","53.50278"
"2026-01-07 18:15:00","368.4064974"
"2026-01-07 18:30:00","54.91151","53.77751","53.81261","53.57299","53.50889"
"2026-01-07 18:30:00","368.4066789"
"2026-01-07 18:45:00","54.94662","53.80956","53.88892","53.59894","53.41731"
"2026-01-07 18:45:00","368.4143172"
"2026-01-07 19:00:00","54.96798","53.83856","53.84924","53.57146","53.47379"
"2026-01-07 19:00:00","368.4086799"
"2026-01-07 19:15:00","55.01072","53.83398","53.87977","53.57146","53.51041"
"2026-01-07 19:15:00","368.4041333"
"2026-01-07 19:30:00","55.04429","53.8645","53.86145","53.55773","53.4982"
"2026-01-07 19:30:00","368.4132265"
"2026-01-07 19:45:00","55.18472","53.91792","53.90419","53.60962","53.48752"
"2026-01-07 19:45:00","368.4168638"
"2026-01-07 20:00:00","55.12061","53.89808","53.92403","53.57452","53.49515"
"2026-01-07 20:00:00","368.4263205"
"2026-01-07 20:15:00","55.19083","53.94692","53.91487","53.55467","53.51041"
"2026-01-07 20:15:00","368.4315942"
"2026-01-07 20:30:00","55.37703","54.14076","53.94234","53.56384","53.49668"
"2026-01-07 20:30:00","368.4228647"
"2026-01-07 20:45:00","55.3694","54.22623","54.1255","53.56994","53.47684"
"2026-01-07 20:45:00","368.4263205"
"2026-01-07 21:00:00","55.4106","54.20181","54.10107","53.63099","53.51652"
"2026-01-07 21:00:00","368.4292302"
"2026-01-07 21:15:00","55.25035","54.13465","54.07055","53.58825","53.50736"
"2026-01-07 21:15:00","368.4121352"
"2026-01-07 21:30:00","55.3816","54.17434","54.04613","53.60352","53.47684"
"2026-01-07 21:30:00","368.4277754"
"2026-01-07 21:45:00","55.35566","54.17434","54.17587","53.59589","53.51041"
"2026-01-07 21:45:00","368.4163182"
"2026-01-07 22:00:00","55.32056","54.11329","54.18807","53.63404","53.48294"
"2026-01-07 22:00:00","368.4275933"
"2026-01-07 22:15:00","55.27171","54.14076","54.20944","53.78056","53.457"
"2026-01-07 22:15:00","368.4254108"
"2026-01-07 22:30:00","55.32819","54.12397","54.20181","53.82177","53.50431"
"2026-01-07 22:30:00","368.4270477"
"2026-01-07 22:45:00","55.26255","54.07207","54.11329","53.82483","53.57146"
"2026-01-07 22:45:00","368.4150449"
"2026-01-07 23:00:00","55.24118","54.11329","54.16824","53.86145","53.71493"
"2026-01-07 23:00:00","368.4121352"
"2026-01-07 23:15:00","55.30682","54.05529","54.16365","53.86145","53.72714"
"2026-01-07 23:15:00","368.4079522"
"2026-01-07 23:30:00","55.33887","54.16365","54.19723","53.87824","53.79124"
"2026-01-07 23:30:00","368.4043149"
"2026-01-07 23:45:00","55.36481","54.19112","54.24912","53.87518","53.77904"
"2026-01-07 23:45:00","368.407406"
"2026-01-08 00:00:00","55.35718","54.22318","54.27201","53.8935","53.75156"
"2026-01-08 00:00:00","368.4046784"
"2026-01-08 00:15:00","55.42739","54.20181","54.24455","53.91029","53.77293"
"2026-01-08 00:15:00","368.4070425"
"2026-01-08 00:30:00","55.36176","54.17739","54.24912","53.90419","53.78667"
"2026-01-08 00:30:00","368.4046784"
"2026-01-08 00:45:00","55.42739","54.26591","54.3407","53.97439","53.79277"
"2026-01-08 00:45:00","368.4057697"
"2026-01-08 01:00:00","55.30987","54.22012","54.30865","54.06292","53.75003"
"2026-01-08 01:00:00","368.3968586"
"2026-01-08 01:15:00","55.26714","54.20944","54.29643","54.01408","53.67525"
"2026-01-08 01:15:00","368.3932213"
"2026-01-08 01:30:00","55.27324","54.15755","54.2537","53.98203","53.87366"
"2026-01-08 01:30:00","368.394494"
"2026-01-08 01:45:00","55.23813","54.13923","54.22318","54.0034","53.86908"
"2026-01-08 01:45:00","368.3870378"
"2026-01-08 02:00:00","55.27782","54.18044","54.25676","54.00034","53.81261"
"2026-01-08 02:00:00","368.3961309"
"2026-01-08 02:15:00","55.24576","54.11176","54.20639","53.94844","53.80956"
"2026-01-08 02:15:00","368.385583"
"2026-01-08 02:30:00","55.28392","54.1606","54.1896","53.98508","53.77141"
"2026-01-08 02:30:00","368.383764"
"2026-01-08 02:45:00","55.25187","54.1484","54.05529","54.00645","53.81108"
"2026-01-08 02:45:00","368.383764"
"2026-01-08 03:00:00","55.23203","54.11939","54.22623","53.96828","53.76682"
"2026-01-08 03:00:00","368.3863107"
"2026-01-08 03:15:00","55.23508","54.10718","54.19418","53.96371","53.80956"
"2026-01-08 03:15:00","368.37339812"
"2026-01-08 03:30:00","55.22592","54.15908","54.21249","53.95455","53.81108"
"2026-01-08 03:30:00","368.3746709"
"2026-01-08 03:45:00","55.21524","54.07207","54.18807","53.95455","53.74545"
"2026-01-08 03:45:00","368.3850373"
"2026-01-08 04:00:00","55.24118","54.11786","54.22012","53.96371","53.71035"
"2026-01-08 04:00:00","368.381582"
"2026-01-08 04:15:00","55.21982","54.10871","54.21402","53.95608","53.75767"
"2026-01-08 04:15:00","368.3817641"
"2026-01-08 04:30:00","55.25187","54.07207","54.21249","53.95608","53.85382"
"2026-01-08 04:30:00","368.37667191"
"2026-01-08 04:45:00","55.17403","54.05681","54.15145","53.93013","53.84924"
"2026-01-08 04:45:00","368.3668511"
"2026-01-08 05:00:00","55.22898","54.11023","54.17739","53.92708","53.83245"
"2026-01-08 05:00:00","368.37048901"
"2026-01-08 05:15:00","55.2305","54.06444","54.14076","53.90266","53.82024"
"2026-01-08 05:15:00","368.36957925"
"2026-01-08 05:30:00","55.18166","54.06444","54.13313","53.90113","53.80498"
"2026-01-08 05:30:00","368.37157972"
"2026-01-08 05:45:00","55.1664","54.03697","54.15908","53.87366","53.81566"
"2026-01-08 05:45:00","368.37194329"
"2026-01-08 06:00:00","55.18319","54.05681","54.11634","53.90113","53.80346"
"2026-01-08 06:00:00","368.37903595"
"2026-01-08 06:15:00","55.1374","54.07055","54.12091","53.89503","53.79277"
"2026-01-08 06:15:00","368.3823097"
"2026-01-08 06:30:00","55.18929","54.01713","54.12091","53.8935","53.76225"