DateTimeUTC,Meter_Hydros21_Depth,stage,flow_rate
"2025-12-01 00:00:00",,"-6.658617","0"
"2025-12-01 00:15:00",,"-6.660047","0"
"2025-12-01 00:30:00",,"-6.661399","0"
"2025-12-01 00:45:00",,"-6.661685","0"
"2025-12-01 01:00:00",,"-6.664631","0"
"2025-12-01 01:15:00",,"-6.66517","0"
"2025-12-01 01:30:00",,"-6.668723","0"
"2025-12-01 01:45:00",,"-6.668844","0"
"2025-12-01 02:00:00",,"-6.668775","0"
"2025-12-01 02:15:00",,"-6.670824","0"
"2025-12-01 02:30:00",,"-6.67028","0"
"2025-12-01 02:45:00",,"-6.673077","0"
"2025-12-01 03:00:00",,"-6.673093","0"
"2025-12-01 03:15:00",,"-6.674668","0"
"2025-12-01 03:30:00",,"-6.674299","0"
"2025-12-01 03:45:00",,"-6.675496","0"
"2025-12-01 04:00:00",,"-6.675745","0"
"2025-12-01 04:15:00",,"-6.68069","0"
"2025-12-01 04:30:00",,"-6.680334","0"
"2025-12-01 04:45:00",,"-6.680145","0"
"2025-12-01 05:00:00",,"-6.681406","0"
"2025-12-01 05:15:00",,"-6.682365","0"
"2025-12-01 05:30:00",,"-6.681769","0"
"2025-12-01 05:45:00",,"-6.680889","0"
"2025-12-01 06:00:00",,"-6.682559","0"
"2025-12-01 06:15:00",,"-6.682975","0"
"2025-12-01 06:30:00",,"-6.684459","0"
"2025-12-01 06:45:00",,"-6.683144","0"
"2025-12-01 07:00:00",,"-6.683202","0"
"2025-12-01 07:15:00",,"-6.684967","0"
"2025-12-01 07:30:00",,"-6.683911","0"
"2025-12-01 07:45:00",,"-6.685108","0"
"2025-12-01 08:00:00",,"-6.686885","0"
"2025-12-01 08:15:00",,"-6.685951","0"
"2025-12-01 08:30:00",,"-6.68716","0"
"2025-12-01 08:45:00",,"-6.686185","0"
"2025-12-01 09:00:00",,"-6.684403","0"
"2025-12-01 09:15:00",,"-6.687869","0"
"2025-12-01 09:30:00",,"-6.68796","0"
"2025-12-01 09:45:00",,"-6.688017","0"
"2025-12-01 10:00:00",,"-6.690284","0"
"2025-12-01 10:15:00",,"-6.692719","0"
"2025-12-01 10:30:00",,"-6.694923","0"
"2025-12-01 10:45:00",,"-6.69514","0"
"2025-12-01 11:00:00",,"-6.694889","0"
"2025-12-01 11:15:00",,"-6.692525","0"
"2025-12-01 11:30:00",,"-6.693787","0"
"2025-12-01 11:45:00",,"-6.690226","0"
"2025-12-01 12:00:00",,"-6.690547","0"
"2025-12-01 12:15:00",,"-6.686723","0"
"2025-12-01 12:30:00",,"-6.683807","0"
"2025-12-01 12:45:00",,"-6.682899","0"
"2025-12-01 13:00:00",,"-6.680537","0"
"2025-12-01 13:15:00",,"-6.676859","0"
"2025-12-01 13:30:00",,"-6.675341","0"
"2025-12-01 13:45:00",,"-6.673206","0"
"2025-12-01 14:00:00",,"-6.672677","0"
"2025-12-01 14:15:00",,"-6.670914","0"
"2025-12-01 14:30:00",,"-6.667573","0"
"2025-12-01 14:45:00",,"-6.665174","0"
"2025-12-01 15:00:00",,"-6.663303","0"
"2025-12-01 15:15:00",,"-6.659879","0"
"2025-12-01 15:30:00",,"-6.656387","0"
"2025-12-01 15:45:00",,"-6.657277","0"
"2025-12-01 16:00:00",,"-6.65764","0"
"2025-12-01 16:15:00",,"-6.659678","0"
"2025-12-01 16:30:00",,"-6.658841","0"
"2025-12-01 16:45:00",,"-6.657469","0"
"2025-12-01 17:00:00",,"-6.654525","0"
"2025-12-01 17:15:00",,"-6.654522","0"
"2025-12-01 17:30:00",,"-6.650636","0"
"2025-12-01 17:45:00",,"-6.647309","0"
"2025-12-01 18:00:00",,"-6.645923","0"
"2025-12-01 18:15:00",,"-6.639386","0"
"2025-12-01 18:30:00",,"-6.636135","0"
"2025-12-01 18:45:00",,"-6.632486","0"
"2025-12-01 19:00:00",,"-6.62802","0"
"2025-12-01 19:15:00",,"-6.623817","0"
"2025-12-01 19:30:00",,"-6.622712","0"
"2025-12-01 19:45:00",,"-6.619378","0"
"2025-12-01 20:00:00",,"-6.574491","0"
"2025-12-01 20:15:00",,"-6.58007","0"
"2025-12-01 20:30:00",,"-6.584421","0"
"2025-12-01 20:45:00",,"-6.587934","0"
"2025-12-01 21:00:00",,"-6.588534","0"
"2025-12-01 21:15:00",,"-6.588606","0"
"2025-12-01 21:30:00",,"-6.590346","0"
"2025-12-01 21:45:00",,"-6.586922","0"
"2025-12-01 22:00:00",,"-6.591653","0"
"2025-12-01 22:15:00",,"-6.587439","0"
"2025-12-01 22:30:00",,"-6.587878","0"
"2025-12-01 22:45:00",,"-6.586441","0"
"2025-12-01 23:00:00",,"-6.586838","0"
"2025-12-01 23:15:00",,"-6.581329","0"
"2025-12-01 23:30:00",,"-6.582067","0"
"2025-12-01 23:45:00",,"-6.583317","0"
"2025-12-02 00:00:00",,"-6.583055","0"
"2025-12-02 00:15:00",,"-6.580336","0"
"2025-12-02 00:30:00",,"-6.578836","0"
"2025-12-02 00:45:00",,"-6.577713","0"
"2025-12-02 01:00:00",,"-6.579458","0"
"2025-12-02 01:15:00",,"-6.580484","0"
"2025-12-02 01:30:00",,"-6.581329","0"
"2025-12-02 01:45:00",,"-6.584306","0"
"2025-12-02 02:00:00",,"-6.58416","0"
"2025-12-02 02:15:00",,"-6.585738","0"
"2025-12-02 02:30:00",,"-6.584652","0"
"2025-12-02 02:45:00",,"-6.588035","0"
"2025-12-02 03:00:00",,"-6.590274","0"
"2025-12-02 03:15:00",,"-6.591528","0"
"2025-12-02 03:30:00",,"-6.589202","0"
"2025-12-02 03:45:00",,"-6.592901","0"
"2025-12-02 04:00:00",,"-6.594544","0"
"2025-12-02 04:15:00",,"-6.596045","0"
"2025-12-02 04:30:00",,"-6.594096","0"
"2025-12-02 04:45:00",,"-6.595741","0"
"2025-12-02 05:00:00",,"-6.595202","0"
"2025-12-02 05:15:00",,"-6.597296","0"
"2025-12-02 05:30:00",,"-6.596148","0"
"2025-12-02 05:45:00",,"-6.596196","0"
"2025-12-02 06:00:00",,"-6.595389","0"
"2025-12-02 06:15:00",,"-6.593634","0"
"2025-12-02 06:30:00",,"-6.594551","0"
"2025-12-02 06:45:00",,"-6.59587","0"
"2025-12-02 07:00:00",,"-6.5945","0"
"2025-12-02 07:15:00",,"-6.594364","0"
"2025-12-02 07:30:00",,"-6.595389","0"
"2025-12-02 07:45:00",,"-6.595716","0"
"2025-12-02 08:00:00",,"-6.594768","0"
"2025-12-02 08:15:00",,"-6.593488","0"
"2025-12-02 08:30:00",,"-6.592275","0"
"2025-12-02 08:45:00",,"-6.592638","0"
"2025-12-02 09:00:00",,"-6.592404","0"
"2025-12-02 09:15:00",,"-6.591316","0"
"2025-12-02 09:30:00",,"-6.593915","0"
"2025-12-02 09:45:00",,"-6.590727","0"
"2025-12-02 10:00:00",,"-6.593252","0"
"2025-12-02 10:15:00",,"-6.590332","0"
"2025-12-02 10:30:00",,"-6.587726","0"
"2025-12-02 10:45:00",,"-6.588959","0"
"2025-12-02 11:00:00",,"-6.587046","0"
"2025-12-02 11:15:00",,"-6.585967","0"
"2025-12-02 11:30:00",,"-6.584671","0"
"2025-12-02 11:45:00",,"-6.580197","0"
"2025-12-02 12:00:00",,"-6.578862","0"
"2025-12-02 12:15:00",,"-6.575241","0"
"2025-12-02 12:30:00",,"-6.574569","0"
"2025-12-02 12:45:00",,"-6.571126","0"
"2025-12-02 13:00:00",,"-6.569575","0"
"2025-12-02 13:15:00",,"-6.566775","0"
"2025-12-02 13:30:00",,"-6.563854","0"
"2025-12-02 13:45:00",,"-6.561933","0"
"2025-12-02 14:00:00",,"-6.559347","0"
"2025-12-02 14:15:00",,"-6.555638","0"
"2025-12-02 14:30:00",,"-6.549755","0"
"2025-12-02 14:45:00",,"-6.545629","0"
"2025-12-02 15:00:00",,"-6.541224","0"
"2025-12-02 15:15:00",,"-6.53505","0"
"2025-12-02 15:30:00",,"-6.527858","0"
"2025-12-02 15:45:00",,"-6.522222","0"
"2025-12-02 16:00:00",,"-6.51619","0"
"2025-12-02 16:15:00",,"-6.508289","0"
"2025-12-02 16:30:00",,"-6.505733","0"
"2025-12-02 16:45:00",,"-6.498612","0"
"2025-12-02 17:00:00",,"-6.494181","0"
"2025-12-02 17:15:00",,"-6.495089","0"
"2025-12-02 17:30:00",,"-6.49554","0"
"2025-12-02 17:45:00",,"-6.501778","0"
"2025-12-02 18:00:00",,"-6.501443","0"
"2025-12-02 18:15:00",,"-6.507483","0"
"2025-12-02 18:30:00",,"-6.512612","0"
"2025-12-02 18:45:00",,"-6.517804","0"
"2025-12-02 19:00:00",,"-6.525205","0"
"2025-12-02 19:15:00",,"-6.527322","0"
"2025-12-02 19:30:00",,"-6.531906","0"
"2025-12-02 19:45:00",,"-6.538858","0"
"2025-12-02 20:00:00",,"-6.543753","0"
"2025-12-02 20:15:00",,"-6.547874","0"
"2025-12-02 20:30:00",,"-6.554547","0"
"2025-12-02 20:45:00",,"-6.560225","0"
"2025-12-02 21:00:00",,"-6.565934","0"
"2025-12-02 21:15:00",,"-6.571551","0"
"2025-12-02 21:30:00",,"-6.575967","0"
"2025-12-02 21:45:00",,"-6.581117","0"
"2025-12-02 22:00:00",,"-6.583532","0"
"2025-12-02 22:15:00",,"-6.589764","0"
"2025-12-02 22:30:00",,"-6.594283","0"
"2025-12-02 22:45:00",,"-6.59841","0"
"2025-12-02 23:00:00",,"-6.606136","0"
"2025-12-02 23:15:00",,"-6.604733","0"
"2025-12-02 23:30:00",,"-6.61064","0"
"2025-12-02 23:45:00",,"-6.612061","0"
"2025-12-03 00:00:00",,"-6.61702","0"
"2025-12-03 00:15:00",,"-6.621492","0"
"2025-12-03 00:30:00",,"-6.625058","0"
"2025-12-03 00:45:00",,"-6.6246","0"
"2025-12-03 01:00:00",,"-6.627357","0"
"2025-12-03 01:15:00",,"-6.628909","0"
"2025-12-03 01:30:00",,"-6.630492","0"
"2025-12-03 01:45:00",,"-6.633947","0"
"2025-12-03 02:00:00",,"-6.634822","0"
"2025-12-03 02:15:00",,"-6.63406","0"
"2025-12-03 02:30:00",,"-6.639086","0"
"2025-12-03 02:45:00",,"-6.638653","0"
"2025-12-03 03:00:00",,"-6.642228","0"
"2025-12-03 03:15:00",,"-6.641713","0"
"2025-12-03 03:30:00",,"-6.64281","0"
"2025-12-03 03:45:00",,"-6.646595","0"
"2025-12-03 04:00:00",,"-6.649204","0"
"2025-12-03 04:15:00",,"-6.649446","0"
"2025-12-03 04:30:00",,"-6.652982","0"
"2025-12-03 04:45:00",,"-6.653878","0"
"2025-12-03 05:00:00",,"-6.654906","0"
"2025-12-03 05:15:00",,"-6.657799","0"
"2025-12-03 05:30:00",,"-6.656958","0"
"2025-12-03 05:45:00",,"-6.659114","0"
"2025-12-03 06:00:00",,"-6.661657","0"
"2025-12-03 06:15:00",,"-6.66115","0"
"2025-12-03 06:30:00",,"-6.661753","0"
"2025-12-03 06:45:00",,"-6.662062","0"
"2025-12-03 07:00:00",,"-6.666614","0"
"2025-12-03 07:15:00",,"-6.668442","0"
"2025-12-03 07:30:00",,"-6.670962","0"
"2025-12-03 07:45:00",,"-6.670637","0"
"2025-12-03 08:00:00",,"-6.673072","0"
"2025-12-03 08:15:00",,"-6.671639","0"
"2025-12-03 08:30:00",,"-6.676859","0"
"2025-12-03 08:45:00",,"-6.676822","0"
"2025-12-03 09:00:00",,"-6.674012","0"
"2025-12-03 09:15:00",,"-6.676656","0"
"2025-12-03 09:30:00",,"-6.678289","0"
"2025-12-03 09:45:00",,"-6.678229","0"
"2025-12-03 10:00:00",,"-6.674671","0"
"2025-12-03 10:15:00",,"-6.677624","0"
"2025-12-03 10:30:00",,"-6.679001","0"
"2025-12-03 10:45:00",,"-6.681097","0"
"2025-12-03 11:00:00",,"-6.682567","0"
"2025-12-03 11:15:00",,"-6.685149","0"
"2025-12-03 11:30:00",,"-6.68447","0"
"2025-12-03 11:45:00",,"-6.686002","0"
"2025-12-03 12:00:00",,"-6.685977","0"
"2025-12-03 12:15:00",,"-6.685826","0"
"2025-12-03 12:30:00",,"-6.687333","0"
"2025-12-03 12:45:00",,"-6.688128","0"
"2025-12-03 13:00:00",,"-6.688063","0"
"2025-12-03 13:15:00",,"-6.691014","0"
"2025-12-03 13:30:00",,"-6.689196","0"
"2025-12-03 13:45:00",,"-6.690058","0"
"2025-12-03 14:00:00",,"-6.690727","0"
"2025-12-03 14:15:00",,"-6.692072","0"
"2025-12-03 14:30:00",,"-6.690156","0"
"2025-12-03 14:45:00",,"-6.690196","0"
"2025-12-03 15:00:00",,"-6.690136","0"
"2025-12-03 15:15:00",,"-6.687231","0"
"2025-12-03 15:30:00",,"-6.689392","0"
"2025-12-03 15:45:00",,"-6.688008","0"
"2025-12-03 16:00:00",,"-6.6921","0"
"2025-12-03 16:15:00",,"-6.692063","0"
"2025-12-03 16:30:00",,"-6.693789","0"
"2025-12-03 16:45:00",,"-6.692178","0"
"2025-12-03 17:00:00",,"-6.693322","0"
"2025-12-03 17:15:00",,"-6.701444","0"
"2025-12-03 17:30:00",,"-6.702907","0"
"2025-12-03 17:45:00",,"-6.707576","0"
"2025-12-03 18:00:00",,"-6.708505","0"
"2025-12-03 18:15:00",,"-6.711663","0"
"2025-12-03 18:30:00",,"-6.711227","0"
"2025-12-03 18:45:00",,"-6.715818","0"
"2025-12-03 19:00:00",,"-6.716666","0"
"2025-12-03 19:15:00",,"-6.712165","0"
"2025-12-03 19:30:00",,"-6.712417","0"
"2025-12-03 19:45:00",,"-6.718203","0"
"2025-12-03 20:00:00",,"-6.721749","0"
"2025-12-03 20:15:00",,"-6.720635","0"
"2025-12-03 20:30:00",,"-6.72869","0"
"2025-12-03 20:45:00",,"-6.728298","0"
"2025-12-03 21:00:00",,"-6.735652","0"
"2025-12-03 21:15:00",,"-6.738079","0"
"2025-12-03 21:30:00",,"-6.743443","0"
"2025-12-03 21:45:00",,"-6.747037","0"
"2025-12-03 22:00:00",,"-6.74907","0"
"2025-12-03 22:15:00",,"-6.754082","0"
"2025-12-03 22:30:00",,"-6.756794","0"
"2025-12-03 22:45:00",,"-6.755521","0"
"2025-12-03 23:00:00",,"-6.765429","0"
"2025-12-03 23:15:00",,"-6.767559","0"
"2025-12-03 23:30:00",,"-6.768306","0"
"2025-12-03 23:45:00",,"-6.773451","0"
"2025-12-04 00:00:00",,"-6.779214","0"
"2025-12-04 00:15:00",,"-6.784618","0"
"2025-12-04 00:30:00",,"-6.786227","0"
"2025-12-04 00:45:00",,"-6.793718","0"
"2025-12-04 01:00:00",,"-6.797704","0"
"2025-12-04 01:15:00",,"-6.799561","0"
"2025-12-04 01:30:00",,"-6.803284","0"
"2025-12-04 01:45:00",,"-6.807794","0"
"2025-12-04 02:00:00",,"-6.808549","0"
"2025-12-04 02:15:00",,"-6.812521","0"
"2025-12-04 02:30:00",,"-6.814874","0"
"2025-12-04 02:45:00",,"-6.81535","0"
"2025-12-04 03:00:00",,"-6.820045","0"
"2025-12-04 03:15:00",,"-6.823365","0"
"2025-12-04 03:30:00",,"-6.826073","0"
"2025-12-04 03:45:00",,"-6.831156","0"
"2025-12-04 04:00:00",,"-6.834675","0"
"2025-12-04 04:15:00",,"-6.839872","0"
"2025-12-04 04:30:00",,"-6.843185","0"
"2025-12-04 04:45:00",,"-6.846906","0"
"2025-12-04 05:00:00",,"-6.851367","0"
"2025-12-04 05:15:00",,"-6.855552","0"
"2025-12-04 05:30:00",,"-6.856562","0"
"2025-12-04 05:45:00",,"-6.860929","0"
"2025-12-04 06:00:00",,"-6.865698","0"
"2025-12-04 06:15:00",,"-6.871726","0"
"2025-12-04 06:30:00",,"-6.875987","0"
"2025-12-04 06:45:00",,"-6.883173","0"
"2025-12-04 07:00:00",,"-6.885536","0"
"2025-12-04 07:15:00",,"-6.890663","0"
"2025-12-04 07:30:00",,"-6.894948","0"
"2025-12-04 07:45:00",,"-6.902141","0"
"2025-12-04 08:00:00",,"-6.905562","0"
"2025-12-04 08:15:00",,"-6.908908","0"
"2025-12-04 08:30:00",,"-6.913476","0"
"2025-12-04 08:45:00",,"-6.917161","0"
"2025-12-04 09:00:00",,"-6.920124","0"
"2025-12-04 09:15:00",,"-6.921665","0"
"2025-12-04 09:30:00",,"-6.926378","0"
"2025-12-04 09:45:00",,"-6.929387","0"
"2025-12-04 10:00:00",,"-6.929332","0"
"2025-12-04 10:15:00",,"-6.936136","0"
"2025-12-04 10:30:00",,"-6.936693","0"
"2025-12-04 10:45:00",,"-6.938883","0"
"2025-12-04 11:00:00",,"-6.939879","0"
"2025-12-04 11:15:00",,"-6.938879","0"
"2025-12-04 11:30:00",,"-6.943181","0"
"2025-12-04 11:45:00",,"-6.94621","0"
"2025-12-04 12:00:00",,"-6.946728","0"
"2025-12-04 12:15:00",,"-6.951158","0"
"2025-12-04 12:30:00",,"-6.95362","0"
"2025-12-04 12:45:00",,"-6.957176","0"
"2025-12-04 13:00:00",,"-6.959889","0"
"2025-12-04 13:15:00",,"-6.9603","0"
"2025-12-04 13:30:00",,"-6.961611","0"
"2025-12-04 13:45:00",,"-6.963267","0"
"2025-12-04 14:00:00",,"-6.962521","0"
"2025-12-04 14:15:00",,"-6.963693","0"
"2025-12-04 14:30:00",,"-6.963297","0"
"2025-12-04 14:45:00",,"-6.966696","0"
"2025-12-04 15:00:00",,"-6.964989","0"
"2025-12-04 15:15:00",,"-6.966962","0"
"2025-12-04 15:30:00",,"-6.965111","0"
"2025-12-04 15:45:00",,"-6.971184","0"
"2025-12-04 16:00:00",,"-6.973004","0"
"2025-12-04 16:15:00",,"-6.974377","0"
"2025-12-04 16:30:00",,"-6.975331","0"
"2025-12-04 16:45:00",,"-6.974527","0"
"2025-12-04 17:00:00",,"-6.976976","0"
"2025-12-04 17:15:00",,"-6.977256","0"
"2025-12-04 17:30:00",,"-6.979966","0"
"2025-12-04 17:45:00",,"-6.97919","0"
"2025-12-04 18:00:00",,"-6.982388","0"
"2025-12-04 18:15:00",,"-6.981299","0"
"2025-12-04 18:30:00",,"-6.984943","0"
"2025-12-04 18:45:00",,"-6.987349","0"
"2025-12-04 19:00:00",,"-6.987755","0"
"2025-12-04 19:15:00",,"-6.990315","0"
"2025-12-04 19:30:00",,"-6.991709","0"
"2025-12-04 19:45:00",,"-6.995207","0"
"2025-12-04 20:00:00",,"-6.993991","0"
"2025-12-04 20:15:00",,"-7.003007","0"
"2025-12-04 20:30:00",,"-7.007312","0"
"2025-12-04 20:45:00",,"-7.013936","0"
"2025-12-04 21:00:00",,"-7.024521","0"
"2025-12-04 21:15:00",,"-7.031171","0"
"2025-12-04 21:30:00",,"-7.03921","0"
"2025-12-04 21:45:00",,"-7.048836","0"
"2025-12-04 22:00:00",,"-7.057509","0"
"2025-12-04 22:15:00",,"-7.062882","0"
"2025-12-04 22:30:00",,"-7.070669","0"
"2025-12-04 22:45:00",,"-7.079899","0"
"2025-12-04 23:00:00",,"-7.086371","0"
"2025-12-04 23:15:00",,"-7.092109","0"
"2025-12-04 23:30:00",,"-7.097014","0"
"2025-12-04 23:45:00",,"-7.104925","0"
"2025-12-05 00:00:00",,"-7.108997","0"
"2025-12-05 00:15:00",,"-7.114225","0"
"2025-12-05 00:30:00",,"-7.124159","0"
"2025-12-05 00:45:00",,"-7.127006","0"
"2025-12-05 01:00:00",,"-7.132119","0"
"2025-12-05 01:15:00",,"-7.137819","0"
"2025-12-05 01:30:00",,"-7.140996","0"
"2025-12-05 01:45:00",,"-7.147221","0"
"2025-12-05 02:00:00",,"-7.150832","0"
"2025-12-05 02:15:00",,"-7.151808","0"
"2025-12-05 02:30:00",,"-7.153737","0"
"2025-12-05 02:45:00",,"-7.158307","0"
"2025-12-05 03:00:00",,"-7.159927","0"
"2025-12-05 03:15:00",,"-7.162393","0"
"2025-12-05 03:30:00",,"-7.162323","0"
"2025-12-05 03:45:00",,"-7.166633","0"
"2025-12-05 04:00:00",,"-7.169514","0"
"2025-12-05 04:15:00",,"-7.170886","0"
"2025-12-05 04:30:00",,"-7.174073","0"
"2025-12-05 04:45:00",,"-7.175651","0"
"2025-12-05 05:00:00",,"-7.176004","0"
"2025-12-05 05:15:00",,"-7.180373","0"
"2025-12-05 05:30:00",,"-7.184773","0"
"2025-12-05 05:45:00",,"-7.184516","0"
"2025-12-05 06:00:00",,"-7.185092","0"
"2025-12-05 06:15:00",,"-7.185542","0"
"2025-12-05 06:30:00",,"-7.188884","0"
"2025-12-05 06:45:00",,"-7.188782","0"
"2025-12-05 07:00:00",,"-7.191339","0"
"2025-12-05 07:15:00",,"-7.19481","0"
"2025-12-05 07:30:00",,"-7.198181","0"
"2025-12-05 07:45:00",,"-7.201511","0"
"2025-12-05 08:00:00",,"-7.202128","0"
"2025-12-05 08:15:00",,"-7.203669","0"
"2025-12-05 08:30:00",,"-7.204873","0"
"2025-12-05 08:45:00",,"-7.206384","0"
"2025-12-05 09:00:00",,"-7.212345","0"
"2025-12-05 09:15:00",,"-7.21507","0"
"2025-12-05 09:30:00",,"-7.215934","0"
"2025-12-05 09:45:00",,"-7.216821","0"
"2025-12-05 10:00:00",,"-7.218394","0"
"2025-12-05 10:15:00",,"-7.220994","0"
"2025-12-05 10:30:00",,"-7.22242","0"
"2025-12-05 10:45:00",,"-7.225098","0"
"2025-12-05 11:00:00",,"-7.229095","0"
"2025-12-05 11:15:00",,"-7.233531","0"
"2025-12-05 11:30:00",,"-7.236413","0"
"2025-12-05 11:45:00",,"-7.242413","0"
"2025-12-05 12:00:00",,"-7.243606","0"
"2025-12-05 12:15:00",,"-7.243793","0"
"2025-12-05 12:30:00",,"-7.245394","0"
"2025-12-05 12:45:00",,"-7.243892","0"
"2025-12-05 13:00:00",,"-7.238573","0"
"2025-12-05 13:15:00",,"-7.234767","0"
"2025-12-05 13:30:00",,"-7.230967","0"
"2025-12-05 13:45:00",,"-7.225426","0"
"2025-12-05 14:00:00",,"-7.221897","0"
"2025-12-05 14:15:00",,"-7.217415","0"
"2025-12-05 14:30:00",,"-7.211791","0"
"2025-12-05 14:45:00",,"-7.2069","0"
"2025-12-05 15:00:00",,"-7.204066","0"
"2025-12-05 15:15:00",,"-7.202493","0"
"2025-12-05 15:30:00",,"-7.201599","0"
"2025-12-05 15:45:00",,"-7.201802","0"
"2025-12-05 16:00:00",,"-7.201691","0"
"2025-12-05 16:15:00",,"-7.202091","0"
"2025-12-05 16:30:00",,"-7.203172","0"
"2025-12-05 16:45:00",,"-7.202098","0"
"2025-12-05 17:00:00",,"-7.202902","0"
"2025-12-05 17:15:00",,"-7.203649","0"
"2025-12-05 17:30:00",,"-7.204214","0"
"2025-12-05 17:45:00",,"-7.204309","0"
"2025-12-05 18:00:00",,"-7.204852","0"
"2025-12-05 18:15:00",,"-7.206421","0"
"2025-12-05 18:30:00",,"-7.204589","0"
"2025-12-05 18:45:00",,"-7.204454","0"
"2025-12-05 19:00:00",,"-7.206945","0"
"2025-12-05 19:15:00",,"-7.20613","0"
"2025-12-05 19:30:00",,"-7.208524","0"
"2025-12-05 19:45:00",,"-7.208905","0"
"2025-12-05 20:00:00",,"-7.210555","0"
"2025-12-05 20:15:00",,"-7.213487","0"
"2025-12-05 20:30:00",,"-7.213496","0"
"2025-12-05 20:45:00",,"-7.214115","0"
"2025-12-05 21:00:00",,"-7.215971","0"
"2025-12-05 21:15:00",,"-7.216759","0"
"2025-12-05 21:30:00",,"-7.218433","0"
"2025-12-05 21:45:00",,"-7.21933","0"
"2025-12-05 22:00:00",,"-7.21848","0"
"2025-12-05 22:15:00",,"-7.221544","0"
"2025-12-05 22:30:00",,"-7.22296","0"
"2025-12-05 22:45:00",,"-7.219481","0"
"2025-12-05 23:00:00",,"-7.220531","0"
"2025-12-05 23:15:00",,"-7.222133","0"
"2025-12-05 23:30:00",,"-7.220927","0"
"2025-12-05 23:45:00",,"-7.220546","0"
"2025-12-06 00:00:00",,"-7.221897","0"
"2025-12-06 00:15:00",,"-7.223713","0"
"2025-12-06 00:30:00",,"-7.222503","0"
"2025-12-06 00:45:00",,"-7.225587","0"
"2025-12-06 01:00:00",,"-7.227961","0"
"2025-12-06 01:15:00",,"-7.22817","0"
"2025-12-06 01:30:00",,"-7.226558","0"
"2025-12-06 01:45:00",,"-7.226768","0"
"2025-12-06 02:00:00",,"-7.230345","0"
"2025-12-06 02:15:00",,"-7.232485","0"
"2025-12-06 02:30:00",,"-7.232364","0"
"2025-12-06 02:45:00",,"-7.233422","0"
"2025-12-06 03:00:00",,"-7.232646","0"
"2025-12-06 03:15:00",,"-7.232806","0"
"2025-12-06 03:30:00",,"-7.234996","0"
"2025-12-06 03:45:00",,"-7.236632","0"
"2025-12-06 04:00:00",,"-7.23089","0"
"2025-12-06 04:15:00",,"-7.221398","0"
"2025-12-06 04:30:00",,"-7.210739","0"
"2025-12-06 04:45:00",,"-7.203301","0"
"2025-12-06 05:00:00",,"-7.198163","0"
"2025-12-06 05:15:00",,"-7.192726","0"
"2025-12-06 05:30:00",,"-7.190244","0"
"2025-12-06 05:45:00",,"-7.19082","0"
"2025-12-06 06:00:00",,"-7.188296","0"
"2025-12-06 06:15:00",,"-7.1928","0"
"2025-12-06 06:30:00",,"-7.191978","0"
"2025-12-06 06:45:00",,"-7.192047","0"
"2025-12-06 07:00:00",,"-7.192435","0"
"2025-12-06 07:15:00",,"-7.194847","0"
"2025-12-06 07:30:00",,"-7.196328","0"
"2025-12-06 07:45:00",,"-7.202121","0"
"2025-12-06 08:00:00",,"-7.200464","0"
"2025-12-06 08:15:00",,"-7.200998","0"
"2025-12-06 08:30:00",,"-7.200765","0"
"2025-12-06 08:45:00",,"-7.200298","0"
"2025-12-06 09:00:00",,"-7.199757","0"
"2025-12-06 09:15:00",,"-7.201908","0"
"2025-12-06 09:30:00",,"-7.20122","0"
"2025-12-06 09:45:00",,"-7.202345","0"
"2025-12-06 10:00:00",,"-7.200887","0"
"2025-12-06 10:15:00",,"-7.204182","0"
"2025-12-06 10:30:00",,"-7.201531","0"
"2025-12-06 10:45:00",,"-7.200201","0"
"2025-12-06 11:00:00",,"-7.19624","0"
"2025-12-06 11:15:00",,"-7.195765","0"
"2025-12-06 11:30:00",,"-7.197449","0"
"2025-12-06 11:45:00",,"-7.196238","0"
"2025-12-06 12:00:00",,"-7.19463","0"
"2025-12-06 12:15:00",,"-7.190834","0"
"2025-12-06 12:30:00",,"-7.18755","0"
"2025-12-06 12:45:00",,"-7.180686","0"
"2025-12-06 13:00:00",,"-7.169514","0"
"2025-12-06 13:15:00",,"-7.158356","0"
"2025-12-06 13:30:00",,"-7.143394","0"
"2025-12-06 13:45:00",,"-7.131225","0"
"2025-12-06 14:00:00",,"-7.124841","0"
"2025-12-06 14:15:00",,"-7.118824","0"
"2025-12-06 14:30:00",,"-7.113697","0"
"2025-12-06 14:45:00",,"-7.110633","0"
"2025-12-06 15:00:00",,"-7.106453","0"
"2025-12-06 15:15:00",,"-7.103475","0"
"2025-12-06 15:30:00",,"-7.102834","0"
"2025-12-06 15:45:00",,"-7.103332","0"
"2025-12-06 16:00:00",,"-7.102999","0"
"2025-12-06 16:15:00",,"-7.102525","0"
"2025-12-06 16:30:00",,"-7.102876","0"
"2025-12-06 16:45:00",,"-7.100152","0"
"2025-12-06 17:00:00",,"-7.097897","0"
"2025-12-06 17:15:00",,"-7.097804","0"
"2025-12-06 17:30:00",,"-7.098562","0"
"2025-12-06 17:45:00",,"-7.09481","0"
"2025-12-06 18:00:00",,"-7.093835","0"
"2025-12-06 18:15:00",,"-7.090089","0"
"2025-12-06 18:30:00",,"-7.08532","0"
"2025-12-06 18:45:00",,"-7.078987","0"
"2025-12-06 19:00:00",,"-7.076142","0"
"2025-12-06 19:15:00",,"-7.070077","0"
"2025-12-06 19:30:00",,"-7.068005","0"
"2025-12-06 19:45:00",,"-7.063214","0"
"2025-12-06 20:00:00",,"-7.059555","0"
"2025-12-06 20:15:00",,"-7.056754","0"
"2025-12-06 20:30:00",,"-7.055185","0"
"2025-12-06 20:45:00",,"-7.053216","0"
"2025-12-06 21:00:00",,"-7.052228","0"
"2025-12-06 21:15:00",,"-7.048745","0"
"2025-12-06 21:30:00",,"-7.049344","0"
"2025-12-06 21:45:00",,"-7.047986","0"
"2025-12-06 22:00:00",,"-7.050263","0"
"2025-12-06 22:15:00",,"-7.049069","0"
"2025-12-06 22:30:00",,"-7.048683","0"
"2025-12-06 22:45:00",,"-7.050107","0"
"2025-12-06 23:00:00",,"-7.050199","0"
"2025-12-06 23:15:00",,"-7.051754","0"
"2025-12-06 23:30:00",,"-7.052186","0"
"2025-12-06 23:45:00",,"-7.051267","0"
"2025-12-07 00:00:00",,"-7.052608","0"
"2025-12-07 00:15:00",,"-7.054351","0"
"2025-12-07 00:30:00",,"-7.056144","0"
"2025-12-07 00:45:00",,"-7.057917","0"
"2025-12-07 01:00:00",,"-7.059199","0"
"2025-12-07 01:15:00",,"-7.062306","0"
"2025-12-07 01:30:00",,"-7.063631","0"
"2025-12-07 01:45:00",,"-7.065559","0"
"2025-12-07 02:00:00",,"-7.068667","0"
"2025-12-07 02:15:00",,"-7.071033","0"
"2025-12-07 02:30:00",,"-7.07324","0"
"2025-12-07 02:45:00",,"-7.075629","0"
"2025-12-07 03:00:00",,"-7.075285","0"
"2025-12-07 03:15:00",,"-7.078409","0"
"2025-12-07 03:30:00",,"-7.079881","0"
"2025-12-07 03:45:00",,"-7.08258","0"
"2025-12-07 04:00:00",,"-7.08322","0"
"2025-12-07 04:15:00",,"-7.085318","0"
"2025-12-07 04:30:00",,"-7.087503","0"
"2025-12-07 04:45:00",,"-7.088936","0"
"2025-12-07 05:00:00",,"-7.090616","0"
"2025-12-07 05:15:00",,"-7.089981","0"
"2025-12-07 05:30:00",,"-7.087132","0"
"2025-12-07 05:45:00",,"-7.08117","0"
"2025-12-07 06:00:00",,"-7.074023","0"
"2025-12-07 06:15:00",,"-7.068998","0"
"2025-12-07 06:30:00",,"-7.06601","0"
"2025-12-07 06:45:00",,"-7.066318","0"
"2025-12-07 07:00:00",,"-7.067117","0"
"2025-12-07 07:15:00",,"-7.070107","0"
"2025-12-07 07:30:00",,"-7.068464","0"
"2025-12-07 07:45:00",,"-7.068448","0"
"2025-12-07 08:00:00",,"-7.07052","0"
"2025-12-07 08:15:00",,"-7.071773","0"
"2025-12-07 08:30:00",,"-7.075345","0"
"2025-12-07 08:45:00",,"-7.076545","0"
"2025-12-07 09:00:00",,"-7.079199","0"
"2025-12-07 09:15:00",,"-7.082813","0"
"2025-12-07 09:30:00",,"-7.087478","0"
"2025-12-07 09:45:00",,"-7.089398","0"
"2025-12-07 10:00:00",,"-7.091956","0"
"2025-12-07 10:15:00",,"-7.092806","0"
"2025-12-07 10:30:00",,"-7.093111","0"
"2025-12-07 10:45:00",,"-7.092173","0"
"2025-12-07 11:00:00",,"-7.097691","0"
"2025-12-07 11:15:00",,"-7.101959","0"
"2025-12-07 11:30:00",,"-7.101573","0"
"2025-12-07 11:45:00",,"-7.100133","0"
"2025-12-07 12:00:00",,"-7.100618","0"
"2025-12-07 12:15:00",,"-7.102208","0"
"2025-12-07 12:30:00",,"-7.100686","0"
"2025-12-07 12:45:00",,"-7.100505","0"
"2025-12-07 13:00:00",,"-7.101335","0"
"2025-12-07 13:15:00",,"-7.101892","0"
"2025-12-07 13:30:00",,"-7.094692","0"
"2025-12-07 13:45:00",,"-7.087462","0"
"2025-12-07 14:00:00",,"-7.078945","0"
"2025-12-07 14:15:00",,"-7.069712","0"
"2025-12-07 14:30:00",,"-7.061412","0"
"2025-12-07 14:45:00",,"-7.05543","0"
"2025-12-07 15:00:00",,"-7.04964","0"
"2025-12-07 15:15:00",,"-7.049922","0"
"2025-12-07 15:30:00",,"-7.047048","0"
"2025-12-07 15:45:00",,"-7.05232","0"
"2025-12-07 16:00:00",,"-7.047498","0"
"2025-12-07 16:15:00",,"-7.042749","0"
"2025-12-07 16:30:00",,"-7.040919","0"
"2025-12-07 16:45:00",,"-7.043438","0"
"2025-12-07 17:00:00",,"-7.04455","0"
"2025-12-07 17:15:00",,"-7.044783","0"
"2025-12-07 17:30:00",,"-7.047718","0"
"2025-12-07 17:45:00",,"-7.050303","0"
"2025-12-07 18:00:00",,"-7.051403","0"
"2025-12-07 18:15:00",,"-7.052116","0"
"2025-12-07 18:30:00",,"-7.053771","0"
"2025-12-07 18:45:00",,"-7.053482","0"
"2025-12-07 19:00:00",,"-7.054619","0"
"2025-12-07 19:15:00",,"-7.057186","0"
"2025-12-07 19:30:00",,"-7.058097","0"
"2025-12-07 19:45:00",,"-7.0587","0"
"2025-12-07 20:00:00",,"-7.057366","0"
"2025-12-07 20:15:00",,"-7.058885","0"
"2025-12-07 20:30:00",,"-7.060431","0"
"2025-12-07 20:45:00",,"-7.06153","0"
"2025-12-07 21:00:00",,"-7.062406","0"
"2025-12-07 21:15:00",,"-7.061306","0"
"2025-12-07 21:30:00",,"-7.063672","0"
"2025-12-07 21:45:00",,"-7.063679","0"
"2025-12-07 22:00:00",,"-7.06541","0"
"2025-12-07 22:15:00",,"-7.066558","0"
"2025-12-07 22:30:00",,"-7.068143","0"
"2025-12-07 22:45:00",,"-7.067961","0"
"2025-12-07 23:00:00",,"-7.068193","0"
"2025-12-07 23:15:00",,"-7.069234","0"
"2025-12-07 23:30:00",,"-7.072365","0"
"2025-12-07 23:45:00",,"-7.071265","0"
"2025-12-08 00:00:00",,"-7.072196","0"
"2025-12-08 00:15:00",,"-7.072498","0"
"2025-12-08 00:30:00",,"-7.073099","0"
"2025-12-08 00:45:00",,"-7.073388","0"
"2025-12-08 01:00:00",,"-7.074333","0"
"2025-12-08 01:15:00",,"-7.07483","0"
"2025-12-08 01:30:00",,"-7.075824","0"
"2025-12-08 01:45:00",,"-7.075574","0"
"2025-12-08 02:00:00",,"-7.076235","0"
"2025-12-08 02:15:00",,"-7.077891","0"
"2025-12-08 02:30:00",,"-7.07827","0"
"2025-12-08 02:45:00",,"-7.07855","0"
"2025-12-08 03:00:00",,"-7.078411","0"
"2025-12-08 03:15:00",,"-7.07937","0"
"2025-12-08 03:30:00",,"-7.080235","0"
"2025-12-08 03:45:00",,"-7.078874","0"
"2025-12-08 04:00:00",,"-7.073261","0"
"2025-12-08 04:15:00",,"-7.070158","0"
"2025-12-08 04:30:00",,"-7.06458","0"
"2025-12-08 04:45:00",,"-7.060881","0"
"2025-12-08 05:00:00",,"-7.059286","0"
"2025-12-08 05:15:00",,"-7.056934","0"
"2025-12-08 05:30:00",,"-7.05534","0"
"2025-12-08 05:45:00",,"-7.054848","0"
"2025-12-08 06:00:00",,"-7.053085","0"
"2025-12-08 06:15:00",,"-7.05379","0"
"2025-12-08 06:30:00",,"-7.044919","0"
"2025-12-08 06:45:00",,"-7.03159","0"
"2025-12-08 07:00:00",,"-7.022532","0"
"2025-12-08 07:15:00",,"-7.014775","0"
"2025-12-08 07:30:00",,"-7.006503","0"
"2025-12-08 07:45:00",,"-7.001334","0"
"2025-12-08 08:00:00",,"-6.996105","0"
"2025-12-08 08:15:00",,"-6.994765","0"
"2025-12-08 08:30:00",,"-6.996332","0"
"2025-12-08 08:45:00",,"-6.994555","0"
"2025-12-08 09:00:00",,"-6.990569","0"
"2025-12-08 09:15:00",,"-6.990278","0"
"2025-12-08 09:30:00",,"-6.990544","0"
"2025-12-08 09:45:00",,"-6.990079","0"
"2025-12-08 10:00:00",,"-6.99096","0"
"2025-12-08 10:15:00",,"-6.99017","0"
"2025-12-08 10:30:00",,"-6.988612","0"
"2025-12-08 10:45:00",,"-6.98895","0"
"2025-12-08 11:00:00",,"-6.989153","0"
"2025-12-08 11:15:00",,"-6.989592","0"
"2025-12-08 11:30:00",,"-6.990856","0"
"2025-12-08 11:45:00",,"-6.989518","0"
"2025-12-08 12:00:00",,"-6.988046","0"
"2025-12-08 12:15:00",,"-6.984301","0"
"2025-12-08 12:30:00",,"-6.980211","0"
"2025-12-08 12:45:00",,"-6.976237","0"
"2025-12-08 13:00:00",,"-6.968441","0"
"2025-12-08 13:15:00",,"-6.960321","0"
"2025-12-08 13:30:00",,"-6.953865","0"
"2025-12-08 13:45:00",,"-6.95027","0"
"2025-12-08 14:00:00",,"-6.946403","0"
"2025-12-08 14:15:00",,"-6.944738","0"
"2025-12-08 14:30:00",,"-6.940353","0"
"2025-12-08 14:45:00",,"-6.936577","0"
"2025-12-08 15:00:00",,"-6.933701","0"
"2025-12-08 15:15:00",,"-6.933285","0"
"2025-12-08 15:30:00",,"-6.931108","0"
"2025-12-08 15:45:00",,"-6.929995","0"
"2025-12-08 16:00:00",,"-6.930919","0"
"2025-12-08 16:15:00",,"-6.928952","0"
"2025-12-08 16:30:00",,"-6.926977","0"
"2025-12-08 16:45:00",,"-6.928227","0"
"2025-12-08 17:00:00",,"-6.926295","0"
"2025-12-08 17:15:00",,"-6.926189","0"
"2025-12-08 17:30:00",,"-6.925202","0"
"2025-12-08 17:45:00",,"-6.924072","0"
"2025-12-08 18:00:00",,"-6.924121","0"
"2025-12-08 18:15:00",,"-6.923095","0"
"2025-12-08 18:30:00",,"-6.923619","0"
"2025-12-08 18:45:00",,"-6.923978","0"
"2025-12-08 19:00:00",,"-6.921245","0"
"2025-12-08 19:15:00",,"-6.921411","0"
"2025-12-08 19:30:00",,"-6.922739","0"
"2025-12-08 19:45:00",,"-6.921329","0"
"2025-12-08 20:00:00",,"-6.92066","0"
"2025-12-08 20:15:00",,"-6.919835","0"
"2025-12-08 20:30:00",,"-6.920819","0"
"2025-12-08 20:45:00",,"-6.918858","0"
"2025-12-08 21:00:00",,"-6.918139","0"
"2025-12-08 21:15:00",,"-6.918908","0"
"2025-12-08 21:30:00",,"-6.918871","0"
"2025-12-08 21:45:00",,"-6.916427","0"
"2025-12-08 22:00:00",,"-6.917645","0"
"2025-12-08 22:15:00",,"-6.917247","0"
"2025-12-08 22:30:00",,"-6.915824","0"
"2025-12-08 22:45:00",,"-6.916672","0"
"2025-12-08 23:00:00",,"-6.917986","0"
"2025-12-08 23:15:00",,"-6.918139","0"
"2025-12-08 23:30:00",,"-6.916789","0"
"2025-12-08 23:45:00",,"-6.917219","0"
"2025-12-09 00:00:00",,"-6.914752","0"
"2025-12-09 00:15:00",,"-6.916817","0"
"2025-12-09 00:30:00",,"-6.915503","0"
"2025-12-09 00:45:00",,"-6.91432","0"
"2025-12-09 01:00:00",,"-6.915306","0"
"2025-12-09 01:15:00",,"-6.916815","0"
"2025-12-09 01:30:00",,"-6.916824","0"
"2025-12-09 01:45:00",,"-6.916746","0"
"2025-12-09 02:00:00",,"-6.916394","0"
"2025-12-09 02:15:00",,"-6.91526","0"
"2025-12-09 02:30:00",,"-6.916154","0"
"2025-12-09 02:45:00",,"-6.915029","0"
"2025-12-09 03:00:00",,"-6.915824","0"
"2025-12-09 03:15:00",,"-6.915877","0"
"2025-12-09 03:30:00",,"-6.913885","0"
"2025-12-09 03:45:00",,"-6.914587","0"
"2025-12-09 04:00:00",,"-6.913458","0"
"2025-12-09 04:15:00",,"-6.912781","0"
"2025-12-09 04:30:00",,"-6.91288","0"
"2025-12-09 04:45:00",,"-6.913078","0"
"2025-12-09 05:00:00",,"-6.909832","0"
"2025-12-09 05:15:00",,"-6.910019","0"
"2025-12-09 05:30:00",,"-6.910096","0"
"2025-12-09 05:45:00",,"-6.911397","0"
"2025-12-09 06:00:00",,"-6.90833","0"
"2025-12-09 06:15:00",,"-6.907353","0"
"2025-12-09 06:30:00",,"-6.907531","0"
"2025-12-09 06:45:00",,"-6.907406","0"
"2025-12-09 07:00:00",,"-6.907325","0"
"2025-12-09 07:15:00",,"-6.904694","0"
"2025-12-09 07:30:00",,"-6.900363","0"
"2025-12-09 07:45:00",,"-6.896066","0"
"2025-12-09 08:00:00",,"-6.8912","0"
"2025-12-09 08:15:00",,"-6.889656","0"
"2025-12-09 08:30:00",,"-6.888284","0"
"2025-12-09 08:45:00",,"-6.887796","0"
"2025-12-09 09:00:00",,"-6.887378","0"
"2025-12-09 09:15:00",,"-6.887348","0"
"2025-12-09 09:30:00",,"-6.886805","0"
"2025-12-09 09:45:00",,"-6.888552","0"
"2025-12-09 10:00:00",,"-6.887535","0"
"2025-12-09 10:15:00",,"-6.888639","0"
"2025-12-09 10:30:00",,"-6.88824","0"
"2025-12-09 10:45:00",,"-6.88589","0"
"2025-12-09 11:00:00",,"-6.885271","0"
"2025-12-09 11:15:00",,"-6.883635","0"
"2025-12-09 11:30:00",,"-6.882648","0"
"2025-12-09 11:45:00",,"-6.881884","0"
"2025-12-09 12:00:00",,"-6.886147","0"
"2025-12-09 12:15:00",,"-6.884344","0"
"2025-12-09 12:30:00",,"-6.882817","0"
"2025-12-09 12:45:00",,"-6.88134","0"
"2025-12-09 13:00:00",,"-6.877724","0"
"2025-12-09 13:15:00",,"-6.876906","0"
"2025-12-09 13:30:00",,"-6.872595","0"
"2025-12-09 13:45:00",,"-6.868828","0"
"2025-12-09 14:00:00",,"-6.866012","0"
"2025-12-09 14:15:00",,"-6.861906","0"
"2025-12-09 14:30:00",,"-6.85941","0"
"2025-12-09 14:45:00",,"-6.858736","0"
"2025-12-09 15:00:00",,"-6.858548","0"
"2025-12-09 15:15:00",,"-6.857119","0"
"2025-12-09 15:30:00",,"-6.857007","0"
"2025-12-09 15:45:00",,"-6.854896","0"
"2025-12-09 16:00:00",,"-6.853973","0"
"2025-12-09 16:15:00",,"-6.857671","0"
"2025-12-09 16:30:00",,"-6.85539","0"
"2025-12-09 16:45:00",,"-6.854545","0"
"2025-12-09 17:00:00",,"-6.854944","0"
"2025-12-09 17:15:00",,"-6.855186","0"
"2025-12-09 17:30:00",,"-6.856192","0"
"2025-12-09 17:45:00",,"-6.854754","0"
"2025-12-09 18:00:00",,"-6.854048","0"
"2025-12-09 18:15:00",,"-6.853329","0"
"2025-12-09 18:30:00",,"-6.853805","0"
"2025-12-09 18:45:00",,"-6.853278","0"
"2025-12-09 19:00:00",,"-6.854704","0"
"2025-12-09 19:15:00",,"-6.853796","0"
"2025-12-09 19:30:00",,"-6.852629","0"
"2025-12-09 19:45:00",,"-6.854045","0"
"2025-12-09 20:00:00",,"-6.853361","0"
"2025-12-09 20:15:00",,"-6.854004","0"
"2025-12-09 20:30:00",,"-6.854279","0"
"2025-12-09 20:45:00",,"-6.852777","0"
"2025-12-09 21:00:00",,"-6.852192","0"
"2025-12-09 21:15:00",,"-6.854202","0"
"2025-12-09 21:30:00",,"-6.852435","0"
"2025-12-09 21:45:00",,"-6.853022","0"
"2025-12-09 22:00:00",,"-6.8527","0"
"2025-12-09 22:15:00",,"-6.853618","0"
"2025-12-09 22:30:00",,"-6.853826","0"
"2025-12-09 22:45:00",,"-6.853832","0"
"2025-12-09 23:00:00",,"-6.853197","0"
"2025-12-09 23:15:00",,"-6.85328","0"
"2025-12-09 23:30:00",,"-6.853354","0"
"2025-12-09 23:45:00",,"-6.854676","0"
"2025-12-10 00:00:00",,"-6.853251","0"
"2025-12-10 00:15:00",,"-6.853992","0"
"2025-12-10 00:30:00",,"-6.854371","0"
"2025-12-10 00:45:00",,"-6.85347","0"
"2025-12-10 01:00:00",,"-6.854196","0"
"2025-12-10 01:15:00",,"-6.854724","0"
"2025-12-10 01:30:00",,"-6.853918","0"
"2025-12-10 01:45:00",,"-6.855644","0"
"2025-12-10 02:00:00",,"-6.854706","0"
"2025-12-10 02:15:00",,"-6.855161","0"
"2025-12-10 02:30:00",,"-6.856153","0"
"2025-12-10 02:45:00",,"-6.856009","0"
"2025-12-10 03:00:00",,"-6.85764","0"
"2025-12-10 03:15:00",,"-6.857262","0"
"2025-12-10 03:30:00",,"-6.856732","0"
"2025-12-10 03:45:00",,"-6.856215","0"
"2025-12-10 04:00:00",,"-6.857476","0"
"2025-12-10 04:15:00",,"-6.856261","0"
"2025-12-10 04:30:00",,"-6.855956","0"
"2025-12-10 04:45:00",,"-6.857964","0"
"2025-12-10 05:00:00",,"-6.85612","0"
"2025-12-10 05:15:00",,"-6.854488","0"
"2025-12-10 05:30:00",,"-6.854646","0"
"2025-12-10 05:45:00",,"-6.854782","0"
"2025-12-10 06:00:00",,"-6.853588","0"
"2025-12-10 06:15:00",,"-6.853558","0"
"2025-12-10 06:30:00",,"-6.854556","0"
"2025-12-10 06:45:00",,"-6.853352","0"
"2025-12-10 07:00:00",,"-6.851469","0"
"2025-12-10 07:15:00",,"-6.850445","0"
"2025-12-10 07:30:00",,"-6.850993","0"
"2025-12-10 07:45:00",,"-6.849408","0"
"2025-12-10 08:00:00",,"-6.850591","0"
"2025-12-10 08:15:00",,"-6.848052","0"
"2025-12-10 08:30:00",,"-6.846778","0"
"2025-12-10 08:45:00",,"-6.846931","0"
"2025-12-10 09:00:00",,"-6.847809","0"
"2025-12-10 09:15:00",,"-6.847566","0"
"2025-12-10 09:30:00",,"-6.846018","0"
"2025-12-10 09:45:00",,"-6.846441","0"
"2025-12-10 10:00:00",,"-6.847005","0"
"2025-12-10 10:15:00",,"-6.845186","0"
"2025-12-10 10:30:00",,"-6.844447","0"
"2025-12-10 10:45:00",,"-6.846409","0"
"2025-12-10 11:00:00",,"-6.846815","0"
"2025-12-10 11:15:00",,"-6.847516","0"
"2025-12-10 11:30:00",,"-6.851661","0"
"2025-12-10 11:45:00",,"-6.853075","0"
"2025-12-10 12:00:00",,"-6.85253","0"
"2025-12-10 12:15:00",,"-6.851875","0"
"2025-12-10 12:30:00",,"-6.850831","0"
"2025-12-10 12:45:00",,"-6.849627","0"
"2025-12-10 13:00:00",,"-6.849096","0"
"2025-12-10 13:15:00",,"-6.848421","0"
"2025-12-10 13:30:00",,"-6.847198","0"
"2025-12-10 13:45:00",,"-6.846605","0"
"2025-12-10 14:00:00",,"-6.846333","0"
"2025-12-10 14:15:00",,"-6.847042","0"
"2025-12-10 14:30:00",,"-6.848412","0"
"2025-12-10 14:45:00",,"-6.846455","0"
"2025-12-10 15:00:00",,"-6.846568","0"
"2025-12-10 15:15:00",,"-6.846935","0"
"2025-12-10 15:30:00",,"-6.847876","0"
"2025-12-10 15:45:00",,"-6.847335","0"
"2025-12-10 16:00:00",,"-6.847236","0"
"2025-12-10 16:15:00",,"-6.847684","0"
"2025-12-10 16:30:00",,"-6.84688","0"
"2025-12-10 16:45:00",,"-6.847118","0"
"2025-12-10 17:00:00",,"-6.847656","0"
"2025-12-10 17:15:00",,"-6.846919","0"
"2025-12-10 17:30:00",,"-6.847157","0"
"2025-12-10 17:45:00",,"-6.84605","0"
"2025-12-10 18:00:00",,"-6.845711","0"
"2025-12-10 18:15:00",,"-6.844699","0"
"2025-12-10 18:30:00",,"-6.844717","0"
"2025-12-10 18:45:00",,"-6.845633","0"
"2025-12-10 19:00:00",,"-6.843167","0"
"2025-12-10 19:15:00",,"-6.840662","0"
"2025-12-10 19:30:00",,"-6.839863","0"
"2025-12-10 19:45:00",,"-6.841092","0"
"2025-12-10 20:00:00",,"-6.83813","0"
"2025-12-10 20:15:00",,"-6.837062","0"
"2025-12-10 20:30:00",,"-6.836378","0"
"2025-12-10 20:45:00",,"-6.833026","0"
"2025-12-10 21:00:00",,"-6.83291","0"
"2025-12-10 21:15:00",,"-6.83087","0"
"2025-12-10 21:30:00",,"-6.828305","0"
"2025-12-10 21:45:00",,"-6.828451","0"
"2025-12-10 22:00:00",,"-6.824659","0"
"2025-12-10 22:15:00",,"-6.826279","0"
"2025-12-10 22:30:00",,"-6.822834","0"
"2025-12-10 22:45:00",,"-6.823318","0"
"2025-12-10 23:00:00",,"-6.822168","0"
"2025-12-10 23:15:00",,"-6.820243","0"
"2025-12-10 23:30:00",,"-6.819375","0"
"2025-12-10 23:45:00",,"-6.819663","0"
"2025-12-11 00:00:00",,"-6.818818","0"
"2025-12-11 00:15:00",,"-6.819","0"
"2025-12-11 00:30:00",,"-6.818557","0"
"2025-12-11 00:45:00",,"-6.818995","0"
"2025-12-11 01:00:00",,"-6.820054","0"
"2025-12-11 01:15:00",,"-6.820067","0"
"2025-12-11 01:30:00",,"-6.820736","0"
"2025-12-11 01:45:00",,"-6.820606","0"
"2025-12-11 02:00:00",,"-6.822286","0"
"2025-12-11 02:15:00",,"-6.822937","0"
"2025-12-11 02:30:00",,"-6.824183","0"
"2025-12-11 02:45:00",,"-6.822373","0"
"2025-12-11 03:00:00",,"-6.823846","0"
"2025-12-11 03:15:00",,"-6.824268","0"
"2025-12-11 03:30:00",,"-6.825745","0"
"2025-12-11 03:45:00",,"-6.827697","0"
"2025-12-11 04:00:00",,"-6.828525","0"
"2025-12-11 04:15:00",,"-6.829015","0"
"2025-12-11 04:30:00",,"-6.83129","0"
"2025-12-11 04:45:00",,"-6.832557","0"
"2025-12-11 05:00:00",,"-6.834304","0"
"2025-12-11 05:15:00",,"-6.83428","0"
"2025-12-11 05:30:00",,"-6.836267","0"
"2025-12-11 05:45:00",,"-6.837485","0"
"2025-12-11 06:00:00",,"-6.836362","0"
"2025-12-11 06:15:00",,"-6.837136","0"
"2025-12-11 06:30:00",,"-6.837647","0"
"2025-12-11 06:45:00",,"-6.838839","0"
"2025-12-11 07:00:00",,"-6.840429","0"
"2025-12-11 07:15:00",,"-6.842726","0"
"2025-12-11 07:30:00",,"-6.846802","0"
"2025-12-11 07:45:00",,"-6.84935","0"
"2025-12-11 08:00:00",,"-6.852726","0"
"2025-12-11 08:15:00",,"-6.852941","0"
"2025-12-11 08:30:00",,"-6.853356","0"
"2025-12-11 08:45:00",,"-6.853689","0"
"2025-12-11 09:00:00",,"-6.855191","0"
"2025-12-11 09:15:00",,"-6.856899","0"
"2025-12-11 09:30:00",,"-6.858262","0"
"2025-12-11 09:45:00",,"-6.859175","0"
"2025-12-11 10:00:00",,"-6.858003","0"
"2025-12-11 10:15:00",,"-6.857268","0"
"2025-12-11 10:30:00",,"-6.859232","0"
"2025-12-11 10:45:00",,"-6.860959","0"
"2025-12-11 11:00:00",,"-6.860557","0"
"2025-12-11 11:15:00",,"-6.860478","0"
"2025-12-11 11:30:00",,"-6.861582","0"
"2025-12-11 11:45:00",,"-6.861557","0"
"2025-12-11 12:00:00",,"-6.861289","0"
"2025-12-11 12:15:00",,"-6.863953","0"
"2025-12-11 12:30:00",,"-6.864944","0"
"2025-12-11 12:45:00",,"-6.864295","0"
"2025-12-11 13:00:00",,"-6.864369","0"
"2025-12-11 13:15:00",,"-6.864325","0"
"2025-12-11 13:30:00",,"-6.863084","0"
"2025-12-11 13:45:00",,"-6.867024","0"
"2025-12-11 14:00:00",,"-6.86662","0"
"2025-12-11 14:15:00",,"-6.869445","0"
"2025-12-11 14:30:00",,"-6.871155","0"
"2025-12-11 14:45:00",,"-6.872368","0"
"2025-12-11 15:00:00",,"-6.874642","0"
"2025-12-11 15:15:00",,"-6.876056","0"
"2025-12-11 15:30:00",,"-6.879173","0"
"2025-12-11 15:45:00",,"-6.879256","0"
"2025-12-11 16:00:00",,"-6.880802","0"
"2025-12-11 16:15:00",,"-6.882436","0"
"2025-12-11 16:30:00",,"-6.882378","0"
"2025-12-11 16:45:00",,"-6.885195","0"
"2025-12-11 17:00:00",,"-6.885375","0"
"2025-12-11 17:15:00",,"-6.884651","0"
"2025-12-11 17:30:00",,"-6.884143","0"
"2025-12-11 17:45:00",,"-6.887858","0"
"2025-12-11 18:00:00",,"-6.887579","0"
"2025-12-11 18:15:00",,"-6.788131","0"
"2025-12-11 18:30:00",,"-6.7717","0"
"2025-12-11 18:45:00",,"-6.837222","0"
"2025-12-11 19:00:00",,"-6.993374","0"
"2025-12-11 19:15:00",,"-7.10716","0"
"2025-12-11 19:30:00",,"-7.185725","0"
"2025-12-11 19:45:00",,"-7.240678","0"
"2025-12-11 20:00:00",,"-7.284429","0"
"2025-12-11 20:15:00",,"-7.31559","0"
"2025-12-11 20:30:00",,"-7.343111","0"
"2025-12-11 20:45:00",,"-7.363223","0"
"2025-12-11 21:00:00",,"-7.381146","0"
"2025-12-11 21:15:00",,"-7.396921","0"
"2025-12-11 21:30:00",,"-7.407168","0"
"2025-12-11 21:45:00",,"-7.417219","0"
"2025-12-11 22:00:00",,"-7.425773","0"
"2025-12-11 22:15:00",,"-7.433119","0"
"2025-12-11 22:30:00",,"-7.440526","0"
"2025-12-11 22:45:00",,"-7.445062","0"
"2025-12-11 23:00:00",,"-7.448641","0"
"2025-12-11 23:15:00",,"-7.451968","0"
"2025-12-11 23:30:00",,"-7.455931","0"
"2025-12-11 23:45:00",,"-7.457904","0"
"2025-12-12 00:00:00",,"-7.459677","0"
"2025-12-12 00:15:00",,"-7.460249","0"
"2025-12-12 00:30:00",,"-7.465388","0"
"2025-12-12 00:45:00",,"-7.466135","0"
"2025-12-12 01:00:00",,"-7.466551","0"
"2025-12-12 01:15:00",,"-7.468797","0"
"2025-12-12 01:30:00",,"-7.468537","0"
"2025-12-12 01:45:00",,"-7.471049","0"
"2025-12-12 02:00:00",,"-7.471803","0"
"2025-12-12 02:15:00",,"-7.472909","0"
"2025-12-12 02:30:00",,"-7.472436","0"
"2025-12-12 02:45:00",,"-7.475744","0"
"2025-12-12 03:00:00",,"-7.476112","0"
"2025-12-12 03:15:00",,"-7.477678","0"
"2025-12-12 03:30:00",,"-7.476772","0"
"2025-12-12 03:45:00",,"-7.476093","0"
"2025-12-12 04:00:00",,"-7.478464","0"
"2025-12-12 04:15:00",,"-7.475834","0"
"2025-12-12 04:30:00",,"-7.473498","0"
"2025-12-12 04:45:00",,"-7.473094","0"
"2025-12-12 05:00:00",,"-7.472011","0"
"2025-12-12 05:15:00",,"-7.471052","0"
"2025-12-12 05:30:00",,"-7.468468","0"
"2025-12-12 05:45:00",,"-7.466987","0"
"2025-12-12 06:00:00",,"-7.466793","0"
"2025-12-12 06:15:00",,"-7.46421","0"
"2025-12-12 06:30:00",,"-7.462197","0"
"2025-12-12 06:45:00",,"-7.461079","0"
"2025-12-12 07:00:00",,"-7.458034","0"
"2025-12-12 07:15:00",,"-7.457079","0"
"2025-12-12 07:30:00",,"-7.451656","0"
"2025-12-12 07:45:00",,"-7.454875","0"
"2025-12-12 08:00:00",,"-7.45628","0"
"2025-12-12 08:15:00",,"-7.456236","0"
"2025-12-12 08:30:00",,"-7.456691","0"
"2025-12-12 08:45:00",,"-7.455693","0"
"2025-12-12 09:00:00",,"-7.45707","0"
"2025-12-12 09:15:00",,"-7.457377","0"
"2025-12-12 09:30:00",,"-7.455776","0"
"2025-12-12 09:45:00",,"-7.457056","0"
"2025-12-12 10:00:00",,"-7.455037","0"
"2025-12-12 10:15:00",,"-7.457615","0"
"2025-12-12 10:30:00",,"-7.456003","0"
"2025-12-12 10:45:00",,"-7.455476","0"
"2025-12-12 11:00:00",,"-7.453902","0"
"2025-12-12 11:15:00",,"-7.451555","0"
"2025-12-12 11:30:00",,"-7.449154","0"
"2025-12-12 11:45:00",,"-7.444563","0"
"2025-12-12 12:00:00",,"-7.441619","0"
"2025-12-12 12:15:00",,"-7.440683","0"
"2025-12-12 12:30:00",,"-7.439507","0"
"2025-12-12 12:45:00",,"-7.436589","0"
"2025-12-12 13:00:00",,"-7.436779","0"
"2025-12-12 13:15:00",,"-7.435693","0"
"2025-12-12 13:30:00",,"-7.435436","0"
"2025-12-12 13:45:00",,"-7.433913","0"
"2025-12-12 14:00:00",,"-7.431818","0"
"2025-12-12 14:15:00",,"-7.430695","0"
"2025-12-12 14:30:00",,"-7.427382","0"
"2025-12-12 14:45:00",,"-7.428223","0"
"2025-12-12 15:00:00",,"-7.425022","0"
"2025-12-12 15:15:00",,"-7.425056","0"
"2025-12-12 15:30:00",,"-7.424278","0"
"2025-12-12 15:45:00",,"-7.424417","0"
"2025-12-12 16:00:00",,"-7.426739","0"
"2025-12-12 16:15:00",,"-7.427848","0"
"2025-12-12 16:30:00",,"-7.42941","0"
"2025-12-12 16:45:00",,"-7.429013","0"
"2025-12-12 17:00:00",,"-7.428611","0"
"2025-12-12 17:15:00",,"-7.428234","0"
"2025-12-12 17:30:00",,"-7.42864","0"
"2025-12-12 17:45:00",,"-7.425917","0"
"2025-12-12 18:00:00",,"-7.427538","0"
"2025-12-12 18:15:00",,"-7.427591","0"
"2025-12-12 18:30:00",,"-7.4294","0"
"2025-12-12 18:45:00",,"-7.429047","0"
"2025-12-12 19:00:00",,"-7.429685","0"
"2025-12-12 19:15:00",,"-7.428072","0"
"2025-12-12 19:30:00",,"-7.426841","0"
"2025-12-12 19:45:00",,"-7.427065","0"
"2025-12-12 20:00:00",,"-7.427635","0"
"2025-12-12 20:15:00",,"-7.425821","0"
"2025-12-12 20:30:00",,"-7.427862","0"
"2025-12-12 20:45:00",,"-7.427231","0"
"2025-12-12 21:00:00",,"-7.426291","0"
"2025-12-12 21:15:00",,"-7.425891","0"
"2025-12-12 21:30:00",,"-7.424491","0"
"2025-12-12 21:45:00",,"-7.42603","0"
"2025-12-12 22:00:00",,"-7.424983","0"
"2025-12-12 22:15:00",,"-7.425387","0"
"2025-12-12 22:30:00",,"-7.423322","0"
"2025-12-12 22:45:00",,"-7.4234","0"
"2025-12-12 23:00:00",,"-7.423751","0"
"2025-12-12 23:15:00",,"-7.423476","0"
"2025-12-12 23:30:00",,"-7.425642","0"
"2025-12-12 23:45:00",,"-7.425163","0"
"2025-12-13 00:00:00",,"-7.425096","0"
"2025-12-13 00:15:00",,"-7.425482","0"
"2025-12-13 00:30:00",,"-7.424329","0"
"2025-12-13 00:45:00",,"-7.427236","0"
"2025-12-13 01:00:00",,"-7.428361","0"
"2025-12-13 01:15:00",,"-7.426896","0"
"2025-12-13 01:30:00",,"-7.417869","0"
"2025-12-13 01:45:00",,"-7.421464","0"
"2025-12-13 02:00:00",,"-7.42346","0"
"2025-12-13 02:15:00",,"-7.425216","0"
"2025-12-13 02:30:00",,"-7.426981","0"
"2025-12-13 02:45:00",,"-7.426922","0"
"2025-12-13 03:00:00",,"-7.42874","0"
"2025-12-13 03:15:00",,"-7.428187","0"
"2025-12-13 03:30:00",,"-7.427892","0"
"2025-12-13 03:45:00",,"-7.426362","0"
"2025-12-13 04:00:00",,"-7.428696","0"
"2025-12-13 04:15:00",,"-7.42883","0"
"2025-12-13 04:30:00",,"-7.426069","0"
"2025-12-13 04:45:00",,"-7.426378","0"
"2025-12-13 05:00:00",,"-7.420732","0"
"2025-12-13 05:15:00",,"-7.418876","0"
"2025-12-13 05:30:00",,"-7.417492","0"
"2025-12-13 05:45:00",,"-7.413067","0"
"2025-12-13 06:00:00",,"-7.407942","0"
"2025-12-13 06:15:00",,"-7.406545","0"
"2025-12-13 06:30:00",,"-7.40412","0"
"2025-12-13 06:45:00",,"-7.404552","0"
"2025-12-13 07:00:00",,"-7.40559","0"
"2025-12-13 07:15:00",,"-7.408643","0"
"2025-12-13 07:30:00",,"-7.407861","0"
"2025-12-13 07:45:00",,"-7.412214","0"
"2025-12-13 08:00:00",,"-7.41142","0"
"2025-12-13 08:15:00",,"-7.411609","0"
"2025-12-13 08:30:00",,"-7.409613","0"
"2025-12-13 08:45:00",,"-7.409282","0"
"2025-12-13 09:00:00",,"-7.409393","0"
"2025-12-13 09:15:00",,"-7.407254","0"
"2025-12-13 09:30:00",,"-7.403393","0"
"2025-12-13 09:45:00",,"-7.405153","0"
"2025-12-13 10:00:00",,"-7.400664","0"
"2025-12-13 10:15:00",,"-7.39827","0"
"2025-12-13 10:30:00",,"-7.395225","0"
"2025-12-13 10:45:00",,"-7.392108","0"
"2025-12-13 11:00:00",,"-7.389511","0"
"2025-12-13 11:15:00",,"-7.391796","0"
"2025-12-13 11:30:00",,"-7.388986","0"
"2025-12-13 11:45:00",,"-7.384148","0"
"2025-12-13 12:00:00",,"-7.38394","0"
"2025-12-13 12:15:00",,"-7.380536","0"
"2025-12-13 12:30:00",,"-7.378029","0"
"2025-12-13 12:45:00",,"-7.380132","0"
"2025-12-13 13:00:00",,"-7.379087","0"
"2025-12-13 13:15:00",,"-7.376372","0"
"2025-12-13 13:30:00",,"-7.377668","0"
"2025-12-13 13:45:00",,"-7.36499","0"
"2025-12-13 14:00:00",,"-7.353058","0"
"2025-12-13 14:15:00",,"-7.344165","0"
"2025-12-13 14:30:00",,"-7.332529","0"
"2025-12-13 14:45:00",,"-7.324932","0"
"2025-12-13 15:00:00",,"-7.316449","0"
"2025-12-13 15:15:00",,"-7.309984","0"
"2025-12-13 15:30:00",,"-7.30253","0"
"2025-12-13 15:45:00",,"-7.296814","0"
"2025-12-13 16:00:00",,"-7.291224","0"
"2025-12-13 16:15:00",,"-7.288872","0"
"2025-12-13 16:30:00",,"-7.285369","0"
"2025-12-13 16:45:00",,"-7.282306","0"
"2025-12-13 17:00:00",,"-7.280621","0"
"2025-12-13 17:15:00",,"-7.277973","0"
"2025-12-13 17:30:00",,"-7.277858","0"
"2025-12-13 17:45:00",,"-7.271106","0"
"2025-12-13 18:00:00",,"-7.270378","0"
"2025-12-13 18:15:00",,"-7.267564","0"
"2025-12-13 18:30:00",,"-7.265591","0"
"2025-12-13 18:45:00",,"-7.262218","0"
"2025-12-13 19:00:00",,"-7.22159","0"
"2025-12-13 19:15:00",,"-7.228783","0"
"2025-12-13 19:30:00",,"-7.234689","0"
"2025-12-13 19:45:00",,"-7.234853","0"
"2025-12-13 20:00:00",,"-7.234617","0"
"2025-12-13 20:15:00",,"-7.233265","0"
"2025-12-13 20:30:00",,"-7.231142","0"
"2025-12-13 20:45:00",,"-7.229601","0"
"2025-12-13 21:00:00",,"-7.228337","0"
"2025-12-13 21:15:00",,"-7.227232","0"
"2025-12-13 21:30:00",,"-7.226028","0"
"2025-12-13 21:45:00",,"-7.229141","0"
"2025-12-13 22:00:00",,"-7.228256","0"
"2025-12-13 22:15:00",,"-7.229638","0"
"2025-12-13 22:30:00",,"-7.230548","0"
"2025-12-13 22:45:00",,"-7.230049","0"
"2025-12-13 23:00:00",,"-7.233099","0"
"2025-12-13 23:15:00",,"-7.232833","0"
"2025-12-13 23:30:00",,"-7.231429","0"
"2025-12-13 23:45:00",,"-7.235195","0"
"2025-12-14 00:00:00",,"-7.235022","0"
"2025-12-14 00:15:00",,"-7.235428","0"
"2025-12-14 00:30:00",,"-7.235147","0"
"2025-12-14 00:45:00",,"-7.236094","0"
"2025-12-14 01:00:00",,"-7.236121","0"
"2025-12-14 01:15:00",,"-7.234633","0"
"2025-12-14 01:30:00",,"-7.234035","0"
"2025-12-14 01:45:00",,"-7.237129","0"
"2025-12-14 02:00:00",,"-7.237046","0"
"2025-12-14 02:15:00",,"-7.23718","0"
"2025-12-14 02:30:00",,"-7.237866","0"
"2025-12-14 02:45:00",,"-7.237878","0"
"2025-12-14 03:00:00",,"-7.237298","0"
"2025-12-14 03:15:00",,"-7.237284","0"
"2025-12-14 03:30:00",,"-7.238233","0"
"2025-12-14 03:45:00",,"-7.235773","0"
"2025-12-14 04:00:00",,"-7.236535","0"
"2025-12-14 04:15:00",,"-7.237485","0"
"2025-12-14 04:30:00",,"-7.238346","0"
"2025-12-14 04:45:00",,"-7.234067","0"
"2025-12-14 05:00:00",,"-7.229338","0"
"2025-12-14 05:15:00",,"-7.225645","0"
"2025-12-14 05:30:00",,"-7.223029","0"
"2025-12-14 05:45:00",,"-7.220158","0"
"2025-12-14 06:00:00",,"-7.217336","0"
"2025-12-14 06:15:00",,"-7.216252","0"
"2025-12-14 06:30:00",,"-7.215624","0"
"2025-12-14 06:45:00",,"-7.214316","0"
"2025-12-14 07:00:00",,"-7.211774","0"
"2025-12-14 07:15:00",,"-7.213836","0"
"2025-12-14 07:30:00",,"-7.213815","0"
"2025-12-14 07:45:00",,"-7.211676","0"
"2025-12-14 08:00:00",,"-7.21348","0"
"2025-12-14 08:15:00",,"-7.214605","0"
"2025-12-14 08:30:00",,"-7.213099","0"
"2025-12-14 08:45:00",,"-7.213697","0"
"2025-12-14 09:00:00",,"-7.211056","0"
"2025-12-14 09:15:00",,"-7.212193","0"
"2025-12-14 09:30:00",,"-7.21308","0"
"2025-12-14 09:45:00",,"-7.210487","0"
"2025-12-14 10:00:00",,"-7.211472","0"
"2025-12-14 10:15:00",,"-7.210155","0"
"2025-12-14 10:30:00",,"-7.210508","0"
"2025-12-14 10:45:00",,"-7.207766","0"
"2025-12-14 11:00:00",,"-7.208265","0"
"2025-12-14 11:15:00",,"-7.203186","0"
"2025-12-14 11:30:00",,"-7.203759","0"
"2025-12-14 11:45:00",,"-7.2033","0"
"2025-12-14 12:00:00",,"-7.200966","0"
"2025-12-14 12:15:00",,"-7.19866","0"
"2025-12-14 12:30:00",,"-7.196178","0"
"2025-12-14 12:45:00",,"-7.195982","0"
"2025-12-14 13:00:00",,"-7.195513","0"
"2025-12-14 13:15:00",,"-7.194565","0"
"2025-12-14 13:30:00",,"-7.191134","0"
"2025-12-14 13:45:00",,"-7.191726","0"
"2025-12-14 14:00:00",,"-7.190076","0"
"2025-12-14 14:15:00",,"-7.188398","0"
"2025-12-14 14:30:00",,"-7.186899","0"
"2025-12-14 14:45:00",,"-7.181857","0"
"2025-12-14 15:00:00",,"-7.180623","0"
"2025-12-14 15:15:00",,"-7.1774","0"
"2025-12-14 15:30:00",,"-7.17621","0"
"2025-12-14 15:45:00",,"-7.175292","0"
"2025-12-14 16:00:00",,"-7.172002","0"
"2025-12-14 16:15:00",,"-7.174047","0"
"2025-12-14 16:30:00",,"-7.173724","0"
"2025-12-14 16:45:00",,"-7.173283","0"
"2025-12-14 17:00:00",,"-7.171752","0"
"2025-12-14 17:15:00",,"-7.171492","0"
"2025-12-14 17:30:00",,"-7.169421","0"
"2025-12-14 17:45:00",,"-7.169996","0"
"2025-12-14 18:00:00",,"-7.168862","0"
"2025-12-14 18:15:00",,"-7.168832","0"
"2025-12-14 18:30:00",,"-7.168072","0"
"2025-12-14 18:45:00",,"-7.168827","0"
"2025-12-14 19:00:00",,"-7.16882","0"
"2025-12-14 19:15:00",,"-7.170156","0"
"2025-12-14 19:30:00",,"-7.170819","0"
"2025-12-14 19:45:00",,"-7.171672","0"
"2025-12-14 20:00:00",,"-7.172148","0"
"2025-12-14 20:15:00",,"-7.172275","0"
"2025-12-14 20:30:00",,"-7.171556","0"
"2025-12-14 20:45:00",,"-7.170514","0"
"2025-12-14 21:00:00",,"-7.169306","0"
"2025-12-14 21:15:00",,"-7.170313","0"
"2025-12-14 21:30:00",,"-7.171781","0"
"2025-12-14 21:45:00",,"-7.168966","0"
"2025-12-14 22:00:00",,"-7.168897","0"
"2025-12-14 22:15:00",,"-7.168546","0"
"2025-12-14 22:30:00",,"-7.168095","0"
"2025-12-14 22:45:00",,"-7.167614","0"
"2025-12-14 23:00:00",,"-7.167635","0"
"2025-12-14 23:15:00",,"-7.167478","0"
"2025-12-14 23:30:00",,"-7.167458","0"
"2025-12-14 23:45:00",,"-7.166778","0"
"2025-12-15 00:00:00",,"-7.167104","0"
"2025-12-15 00:15:00",,"-7.166618","0"
"2025-12-15 00:30:00",,"-7.167986","0"
"2025-12-15 00:45:00",,"-7.164807","0"
"2025-12-15 01:00:00",,"-7.166207","0"
"2025-12-15 01:15:00",,"-7.165884","0"
"2025-12-15 01:30:00",,"-7.16706","0"
"2025-12-15 01:45:00",,"-7.168427","0"
"2025-12-15 02:00:00",,"-7.166537","0"
"2025-12-15 02:15:00",,"-7.166912","0"
"2025-12-15 02:30:00",,"-7.166348","0"
"2025-12-15 02:45:00",,"-7.166385","0"
"2025-12-15 03:00:00",,"-7.167146","0"
"2025-12-15 03:15:00",,"-7.166355","0"
"2025-12-15 03:30:00",,"-7.167032","0"
"2025-12-15 03:45:00",,"-7.165369","0"
"2025-12-15 04:00:00",,"-7.161824","0"
"2025-12-15 04:15:00",,"-7.160542","0"
"2025-12-15 04:30:00",,"-7.158802","0"
"2025-12-15 04:45:00",,"-7.158409","0"
"2025-12-15 05:00:00",,"-7.156036","0"
"2025-12-15 05:15:00",,"-7.157311","0"
"2025-12-15 05:30:00",,"-7.155999","0"
"2025-12-15 05:45:00",,"-7.158302","0"
"2025-12-15 06:00:00",,"-7.157053","0"
"2025-12-15 06:15:00",,"-7.156004","0"
"2025-12-15 06:30:00",,"-7.155477","0"
"2025-12-15 06:45:00",,"-7.154922","0"
"2025-12-15 07:00:00",,"-7.15416","0"
"2025-12-15 07:15:00",,"-7.155458","0"
"2025-12-15 07:30:00",,"-7.157041","0"
"2025-12-15 07:45:00",,"-7.138679","0"
"2025-12-15 08:00:00",,"-7.144844","0"
"2025-12-15 08:15:00",,"-7.145999","0"
"2025-12-15 08:30:00",,"-7.148797","0"
"2025-12-15 08:45:00",,"-7.147688","0"
"2025-12-15 09:00:00",,"-7.150874","0"
"2025-12-15 09:15:00",,"-7.151147","0"
"2025-12-15 09:30:00",,"-7.150983","0"
"2025-12-15 09:45:00",,"-7.151997","0"
"2025-12-15 10:00:00",,"-7.154458","0"
"2025-12-15 10:15:00",,"-7.155602","0"
"2025-12-15 10:30:00",,"-7.157189","0"
"2025-12-15 10:45:00",,"-7.157415","0"
"2025-12-15 11:00:00",,"-7.158705","0"
"2025-12-15 11:15:00",,"-7.160581","0"
"2025-12-15 11:30:00",,"-7.159941","0"
"2025-12-15 11:45:00",,"-7.157769","0"
"2025-12-15 12:00:00",,"-7.157558","0"
"2025-12-15 12:15:00",,"-7.152907","0"
"2025-12-15 12:30:00",,"-7.152198","0"
"2025-12-15 12:45:00",,"-7.152043","0"
"2025-12-15 13:00:00",,"-7.151073","0"
"2025-12-15 13:15:00",,"-7.150218","0"
"2025-12-15 13:30:00",,"-7.152905","0"
"2025-12-15 13:45:00",,"-7.152503","0"
"2025-12-15 14:00:00",,"-7.150726","0"
"2025-12-15 14:15:00",,"-7.150983","0"
"2025-12-15 14:30:00",,"-7.151218","0"
"2025-12-15 14:45:00",,"-7.150252","0"
"2025-12-15 15:00:00",,"-7.150091","0"
"2025-12-15 15:15:00",,"-7.148748","0"
"2025-12-15 15:30:00",,"-7.148751","0"
"2025-12-15 15:45:00",,"-7.148164","0"
"2025-12-15 16:00:00",,"-7.147891","0"
"2025-12-15 16:15:00",,"-7.14736","0"
"2025-12-15 16:30:00",,"-7.145296","0"
"2025-12-15 16:45:00",,"-7.144645","0"
"2025-12-15 17:00:00",,"-7.144243","0"
"2025-12-15 17:15:00",,"-7.141715","0"
"2025-12-15 17:30:00",,"-7.142198","0"
"2025-12-15 17:45:00",,"-7.141657","0"
"2025-12-15 18:00:00",,"-7.138889","0"
"2025-12-15 18:15:00",,"-7.140444","0"
"2025-12-15 18:30:00",,"-7.139201","0"
"2025-12-15 18:45:00",,"-7.137794","0"
"2025-12-15 19:00:00",,"-7.138253","0"
"2025-12-15 19:15:00",,"-7.137444","0"
"2025-12-15 19:30:00",,"-7.135774","0"
"2025-12-15 19:45:00",,"-7.136764","0"
"2025-12-15 20:00:00",,"-7.137343","0"
"2025-12-15 20:15:00",,"-7.136433","0"
"2025-12-15 20:30:00",,"-7.137745","0"
"2025-12-15 20:45:00",,"-7.137191","0"
"2025-12-15 21:00:00",,"-7.135862","0"
"2025-12-15 21:15:00",,"-7.138048","0"
"2025-12-15 21:30:00",,"-7.137762","0"
"2025-12-15 21:45:00",,"-7.139349","0"
"2025-12-15 22:00:00",,"-7.137685","0"
"2025-12-15 22:15:00",,"-7.137727","0"
"2025-12-15 22:30:00",,"-7.138681","0"
"2025-12-15 22:45:00",,"-7.13905","0"
"2025-12-15 23:00:00",,"-7.138349","0"
"2025-12-15 23:15:00",,"-7.137602","0"
"2025-12-15 23:30:00",,"-7.135791","0"
"2025-12-15 23:45:00",,"-7.138097","0"
"2025-12-16 00:00:00",,"-7.137281","0"
"2025-12-16 00:15:00",,"-7.136481","0"
"2025-12-16 00:30:00",,"-7.137246","0"
"2025-12-16 00:45:00",,"-7.138822","0"
"2025-12-16 01:00:00",,"-7.13537","0"
"2025-12-16 01:15:00",,"-7.138129","0"
"2025-12-16 01:30:00",,"-7.136405","0"
"2025-12-16 01:45:00",,"-7.135303","0"
"2025-12-16 02:00:00",,"-7.136477","0"
"2025-12-16 02:15:00",,"-7.137133","0"
"2025-12-16 02:30:00",,"-7.134827","0"
"2025-12-16 02:45:00",,"-7.136144","0"
"2025-12-16 03:00:00",,"-7.135788","0"
"2025-12-16 03:15:00",,"-7.13652","0"
"2025-12-16 03:30:00",,"-7.137717","0"
"2025-12-16 03:45:00",,"-7.138175","0"
"2025-12-16 04:00:00",,"-7.136416","0"
"2025-12-16 04:15:00",,"-7.135975","0"
"2025-12-16 04:30:00",,"-7.132417","0"
"2025-12-16 04:45:00",,"-7.131199","0"
"2025-12-16 05:00:00",,"-7.129196","0"
"2025-12-16 05:15:00",,"-7.129349","0"
"2025-12-16 05:30:00",,"-7.126509","0"
"2025-12-16 05:45:00",,"-7.127211","0"
"2025-12-16 06:00:00",,"-7.125874","0"
"2025-12-16 06:15:00",,"-7.126488","0"
"2025-12-16 06:30:00",,"-7.125979","0"
"2025-12-16 06:45:00",,"-7.125587","0"
"2025-12-16 07:00:00",,"-7.123722","0"
"2025-12-16 07:15:00",,"-7.123796","0"
"2025-12-16 07:30:00",,"-7.123103","0"
"2025-12-16 07:45:00",,"-7.123112","0"
"2025-12-16 08:00:00",,"-7.124039","0"
"2025-12-16 08:15:00",,"-7.120217","0"
"2025-12-16 08:30:00",,"-7.119205","0"
"2025-12-16 08:45:00",,"-7.120589","0"
"2025-12-16 09:00:00",,"-7.119376","0"
"2025-12-16 09:15:00",,"-7.119267","0"
"2025-12-16 09:30:00",,"-7.120503","0"
"2025-12-16 09:45:00",,"-7.118297","0"
"2025-12-16 10:00:00",,"-7.11381","0"
"2025-12-16 10:15:00",,"-7.108662","0"
"2025-12-16 10:30:00",,"-7.104142","0"
"2025-12-16 10:45:00",,"-7.100817","0"
"2025-12-16 11:00:00",,"-7.096684","0"
"2025-12-16 11:15:00",,"-7.099096","0"
"2025-12-16 11:30:00",,"-7.097564","0"
"2025-12-16 11:45:00",,"-7.092185","0"
"2025-12-16 12:00:00",,"-7.090902","0"
"2025-12-16 12:15:00",,"-7.090532","0"
"2025-12-16 12:30:00",,"-7.103604","0"
"2025-12-16 12:45:00",,"-7.093835","0"
"2025-12-16 13:00:00",,"-7.091968","0"
"2025-12-16 13:15:00",,"-7.092196","0"
"2025-12-16 13:30:00",,"-7.085507","0"
"2025-12-16 13:45:00",,"-7.081397","0"
"2025-12-16 14:00:00",,"-7.077866","0"
"2025-12-16 14:15:00",,"-7.073672","0"
"2025-12-16 14:30:00",,"-7.071706","0"
"2025-12-16 14:45:00",,"-7.069867","0"
"2025-12-16 15:00:00",,"-7.067589","0"
"2025-12-16 15:15:00",,"-7.065317","0"
"2025-12-16 15:30:00",,"-7.063771","0"
"2025-12-16 15:45:00",,"-7.062468","0"
"2025-12-16 16:00:00",,"-7.061923","0"
"2025-12-16 16:15:00",,"-7.062859","0"
"2025-12-16 16:30:00",,"-7.061197","0"
"2025-12-16 16:45:00",,"-7.059656","0"
"2025-12-16 17:00:00",,"-7.059479","0"
"2025-12-16 17:15:00",,"-7.058034","0"
"2025-12-16 17:30:00",,"-7.060692","0"
"2025-12-16 17:45:00",,"-7.060026","0"
"2025-12-16 18:00:00",,"-7.063776","0"
"2025-12-16 18:15:00",,"-7.065678","0"
"2025-12-16 18:30:00",,"-7.069901","0"
"2025-12-16 18:45:00",,"-7.070683","0"
"2025-12-16 19:00:00",,"-7.072207","0"
"2025-12-16 19:15:00",,"-7.074391","0"
"2025-12-16 19:30:00",,"-7.073956","0"
"2025-12-16 19:45:00",,"-7.075694","0"
"2025-12-16 20:00:00",,"-7.076145","0"
"2025-12-16 20:15:00",,"-7.076533","0"
"2025-12-16 20:30:00",,"-7.077138","0"
"2025-12-16 20:45:00",,"-7.077312","0"
"2025-12-16 21:00:00",,"-7.076509","0"
"2025-12-16 21:15:00",,"-7.077506","0"
"2025-12-16 21:30:00",,"-7.076017","0"
"2025-12-16 21:45:00",,"-7.075632","0"
"2025-12-16 22:00:00",,"-7.075747","0"
"2025-12-16 22:15:00",,"-7.077323","0"
"2025-12-16 22:30:00",,"-7.077219","0"
"2025-12-16 22:45:00",,"-7.077152","0"
"2025-12-16 23:00:00",,"-7.078197","0"
"2025-12-16 23:15:00",,"-7.079511","0"
"2025-12-16 23:30:00",,"-7.080665","0"
"2025-12-16 23:45:00",,"-7.080528","0"
"2025-12-17 00:00:00",,"-7.079964","0"
"2025-12-17 00:15:00",,"-7.081196","0"
"2025-12-17 00:30:00",,"-7.081009","0"
"2025-12-17 00:45:00",,"-7.080849","0"
"2025-12-17 01:00:00",,"-7.082041","0"
"2025-12-17 01:15:00",,"-7.082873","0"
"2025-12-17 01:30:00",,"-7.084604","0"
"2025-12-17 01:45:00",,"-7.084156","0"
"2025-12-17 02:00:00",,"-7.083458","0"
"2025-12-17 02:15:00",,"-7.083754","0"
"2025-12-17 02:30:00",,"-7.082501","0"
"2025-12-17 02:45:00",,"-7.0834","0"
"2025-12-17 03:00:00",,"-7.083033","0"
"2025-12-17 03:15:00",,"-7.081672","0"
"2025-12-17 03:30:00",,"-7.082487","0"
"2025-12-17 03:45:00",,"-7.08282","0"
"2025-12-17 04:00:00",,"-7.0809","0"
"2025-12-17 04:15:00",,"-7.081429","0"
"2025-12-17 04:30:00",,"-7.078975","0"
"2025-12-17 04:45:00",,"-7.077157","0"
"2025-12-17 05:00:00",,"-7.076776","0"
"2025-12-17 05:15:00",,"-7.074719","0"
"2025-12-17 05:30:00",,"-7.075516","0"
"2025-12-17 05:45:00",,"-7.075054","0"
"2025-12-17 06:00:00",,"-7.0762","0"
"2025-12-17 06:15:00",,"-7.076128","0"
"2025-12-17 06:30:00",,"-7.077076","0"
"2025-12-17 06:45:00",,"-7.074576","0"
"2025-12-17 07:00:00",,"-7.076316","0"
"2025-12-17 07:15:00",,"-7.074158","0"
"2025-12-17 07:30:00",,"-7.074208","0"
"2025-12-17 07:45:00",,"-7.071914","0"
"2025-12-17 08:15:00",,"-7.076066","0"
"2025-12-17 08:30:00",,"-7.076694","0"
"2025-12-17 08:45:00",,"-7.078093","0"
"2025-12-17 09:00:00",,"-7.078314","0"
"2025-12-17 09:15:00",,"-7.077494","0"
"2025-12-17 09:30:00",,"-7.076813","0"
"2025-12-17 09:45:00",,"-7.076937","0"
"2025-12-17 10:00:00",,"-7.080912","0"
"2025-12-17 10:15:00",,"-7.078776","0"
"2025-12-17 10:30:00",,"-7.08321","0"
"2025-12-17 10:45:00",,"-7.082441","0"
"2025-12-17 11:00:00",,"-7.081332","0"
"2025-12-17 11:15:00",,"-7.082524","0"
"2025-12-17 11:30:00",,"-7.081586","0"
"2025-12-17 11:45:00",,"-7.084333","0"
"2025-12-17 12:00:00",,"-7.07965","0"
"2025-12-17 12:15:00",,"-7.084172","0"
"2025-12-17 12:30:00",,"-7.078218","0"
"2025-12-17 12:45:00",,"-7.075137","0"
"2025-12-17 13:00:00",,"-7.077859","0"
"2025-12-17 13:15:00",,"-7.069973","0"
"2025-12-17 13:30:00",,"-7.067674","0"
"2025-12-17 13:45:00",,"-7.064261","0"
"2025-12-17 14:00:00",,"-7.064356","0"
"2025-12-17 14:15:00",,"-7.064492","0"
"2025-12-17 14:30:00",,"-7.063933","0"
"2025-12-17 14:45:00",,"-7.067371","0"
"2025-12-17 15:00:00",,"-7.065659","0"
"2025-12-17 15:15:00",,"-7.065967","0"
"2025-12-17 15:30:00",,"-7.067771","0"
"2025-12-17 15:45:00",,"-7.069361","0"
"2025-12-17 16:00:00",,"-7.069143","0"
"2025-12-17 16:15:00",,"-7.067716","0"
"2025-12-17 16:30:00",,"-7.065925","0"
"2025-12-17 16:45:00",,"-7.065428","0"
"2025-12-17 17:00:00",,"-7.063178","0"
"2025-12-17 17:15:00",,"-7.060354","0"
"2025-12-17 17:30:00",,"-7.06336","0"
"2025-12-17 17:45:00",,"-7.060699","0"
"2025-12-17 18:00:00",,"-7.05949","0"
"2025-12-17 18:15:00",,"-7.060453","0"
"2025-12-17 18:30:00",,"-7.061195","0"
"2025-12-17 18:45:00",,"-7.061405","0"
"2025-12-17 19:00:00",,"-7.061766","0"
"2025-12-17 19:15:00",,"-7.061424","0"
"2025-12-17 19:30:00",,"-7.060439","0"
"2025-12-17 19:45:00",,"-7.059464","0"
"2025-12-17 20:00:00",,"-7.062415","0"
"2025-12-17 20:15:00",,"-7.057142","0"
"2025-12-17 20:30:00",,"-7.058894","0"
"2025-12-17 20:45:00",,"-7.057861","0"
"2025-12-17 21:00:00",,"-7.057796","0"
"2025-12-17 21:15:00",,"-7.05756","0"
"2025-12-17 21:30:00",,"-7.057574","0"
"2025-12-17 21:45:00",,"-7.055019","0"
"2025-12-17 22:00:00",,"-7.055902","0"
"2025-12-17 22:15:00",,"-7.056072","0"
"2025-12-17 22:30:00",,"-7.055548","0"
"2025-12-17 22:45:00",,"-7.056299","0"
"2025-12-17 23:00:00",,"-7.056599","0"
"2025-12-17 23:15:00",,"-7.058321","0"
"2025-12-17 23:30:00",,"-7.059855","0"
"2025-12-17 23:45:00",,"-7.058462","0"
"2025-12-18 00:00:00",,"-7.059455","0"
"2025-12-18 00:15:00",,"-7.057785","0"
"2025-12-18 00:30:00",,"-7.05982","0"
"2025-12-18 00:45:00",,"-7.062355","0"
"2025-12-18 01:00:00",,"-7.062782","0"
"2025-12-18 01:15:00",,"-7.062129","0"
"2025-12-18 01:30:00",,"-7.063518","0"
"2025-12-18 01:45:00",,"-7.066671","0"
"2025-12-18 02:00:00",,"-7.06485","0"
"2025-12-18 02:15:00",,"-7.063802","0"
"2025-12-18 02:30:00",,"-7.066775","0"
"2025-12-18 02:45:00",,"-7.069715","0"
"2025-12-18 03:00:00",,"-7.070699","0"
"2025-12-18 03:15:00",,"-7.071741","0"
"2025-12-18 03:30:00",,"-7.070273","0"
"2025-12-18 03:45:00",,"-7.071732","0"
"2025-12-18 04:00:00",,"-7.07212","0"
"2025-12-18 04:15:00",,"-7.073843","0"
"2025-12-18 04:30:00",,"-7.072612","0"
"2025-12-18 04:45:00",,"-7.072438","0"
"2025-12-18 05:00:00",,"-7.073735","0"
"2025-12-18 05:15:00",,"-7.073848","0"
"2025-12-18 05:30:00",,"-7.070837","0"
"2025-12-18 05:45:00",,"-7.068929","0"
"2025-12-18 06:00:00",,"-7.068333","0"
"2025-12-18 06:15:00",,"-7.068078","0"
"2025-12-18 06:30:00",,"-7.06754","0"
"2025-12-18 06:45:00",,"-7.064","0"
"2025-12-18 07:00:00",,"-7.065225","0"
"2025-12-18 07:15:00",,"-7.063852","0"
"2025-12-18 07:30:00",,"-7.064899","0"
"2025-12-18 07:45:00",,"-7.065705","0"
"2025-12-18 08:00:00",,"-7.067554","0"
"2025-12-18 08:15:00",,"-7.068952","0"
"2025-12-18 08:30:00",,"-7.070477","0"
"2025-12-18 08:45:00",,"-7.07325","0"
"2025-12-18 09:00:00",,"-7.076748","0"
"2025-12-18 09:15:00",,"-7.076821","0"
"2025-12-18 09:30:00",,"-7.079095","0"
"2025-12-18 09:45:00",,"-7.082929","0"
"2025-12-18 10:00:00",,"-7.083208","0"
"2025-12-18 10:15:00",,"-7.083469","0"
"2025-12-18 10:30:00",,"-7.086695","0"
"2025-12-18 10:45:00",,"-7.087395","0"
"2025-12-18 11:00:00",,"-7.091385","0"
"2025-12-18 11:15:00",,"-7.09709","0"
"2025-12-18 11:30:00",,"-7.108276","0"
"2025-12-18 11:45:00",,"-7.123387","0"
"2025-12-18 12:00:00",,"-7.121592","0"
"2025-12-18 12:15:00",,"-7.120533","0"
"2025-12-18 12:30:00",,"-7.121571","0"
"2025-12-18 12:45:00",,"-7.117663","0"
"2025-12-18 13:00:00",,"-7.116989","0"
"2025-12-18 13:15:00",,"-7.117916","0"
"2025-12-18 13:30:00",,"-7.117359","0"
"2025-12-18 13:45:00",,"-7.115339","0"
"2025-12-18 14:00:00",,"-7.112913","0"
"2025-12-18 14:15:00",,"-7.11031","0"
"2025-12-18 14:30:00",,"-7.108634","0"
"2025-12-18 14:45:00",,"-7.109332","0"
"2025-12-18 15:00:00",,"-7.110094","0"
"2025-12-18 15:15:00",,"-7.109055","0"
"2025-12-18 15:30:00",,"-7.10332","0"
"2025-12-18 15:45:00",,"-7.100739","0"
"2025-12-18 16:00:00",,"-7.098174","0"
"2025-12-18 16:15:00",,"-7.09605","0"
"2025-12-18 16:30:00",,"-7.09694","0"
"2025-12-18 16:45:00",,"-7.096697","0"
"2025-12-18 17:00:00",,"-7.096238","0"
"2025-12-18 17:15:00",,"-7.097624","0"
"2025-12-18 17:30:00",,"-7.09852","0"
"2025-12-18 17:45:00",,"-7.099108","0"
"2025-12-18 18:00:00",,"-7.100279","0"
"2025-12-18 18:15:00",,"-7.101307","0"
"2025-12-18 18:30:00",,"-7.101437","0"
"2025-12-18 18:45:00",,"-7.104604","0"
"2025-12-18 19:00:00",,"-7.104332","0"
"2025-12-18 19:15:00",,"-7.10393","0"
"2025-12-18 19:30:00",,"-7.106462","0"
"2025-12-18 19:45:00",,"-7.106398","0"
"2025-12-18 20:00:00",,"-7.107835","0"
"2025-12-18 20:15:00",,"-7.109339","0"
"2025-12-18 20:30:00",,"-7.108727","0"
"2025-12-18 20:45:00",,"-7.109115","0"
"2025-12-18 21:00:00",,"-7.110677","0"
"2025-12-18 21:15:00",,"-7.111393","0"
"2025-12-18 21:30:00",,"-7.1114","0"
"2025-12-18 21:45:00",,"-7.111857","0"
"2025-12-18 22:00:00",,"-7.109651","0"
"2025-12-18 22:15:00",,"-7.111469","0"
"2025-12-18 22:30:00",,"-7.113015","0"
"2025-12-18 22:45:00",,"-7.113965","0"
"2025-12-18 23:00:00",,"-7.114161","0"
"2025-12-18 23:15:00",,"-7.114071","0"
"2025-12-18 23:30:00",,"-7.113338","0"
"2025-12-18 23:45:00",,"-7.114036","0"
"2025-12-19 00:00:00",,"-7.11264","0"
"2025-12-19 00:15:00",,"-7.112137","0"
"2025-12-19 00:30:00",,"-7.110864","0"
"2025-12-19 00:45:00",,"-7.112183","0"
"2025-12-19 01:00:00",,"-7.109205","0"
"2025-12-19 01:15:00",,"-7.111102","0"
"2025-12-19 01:30:00",,"-7.110281","0"
"2025-12-19 01:45:00",,"-7.11076","0"
"2025-12-19 02:00:00",,"-7.111825","0"
"2025-12-19 02:15:00",,"-7.109946","0"
"2025-12-19 02:30:00",,"-7.109937","0"
"2025-12-19 02:45:00",,"-7.106848","0"
"2025-12-19 03:00:00",,"-7.104368","0"
"2025-12-19 03:15:00",,"-7.101335","0"
"2025-12-19 03:30:00",,"-7.099824","0"
"2025-12-19 03:45:00",,"-7.095667","0"
"2025-12-19 04:00:00",,"-7.094429","0"
"2025-12-19 04:15:00",,"-7.090958","0"
"2025-12-19 04:30:00",,"-7.087573","0"
"2025-12-19 04:45:00",,"-7.088091","0"
"2025-12-19 05:00:00",,"-7.086034","0"
"2025-12-19 05:15:00",,"-7.084872","0"
"2025-12-19 05:30:00",,"-7.081746","0"
"2025-12-19 05:45:00",,"-7.081547","0"
"2025-12-19 06:00:00",,"-7.080969","0"
"2025-12-19 06:15:00",,"-7.077194","0"
"2025-12-19 06:30:00",,"-7.076285","0"
"2025-12-19 06:45:00",,"-7.074095","0"
"2025-12-19 07:00:00",,"-7.074259","0"
"2025-12-19 07:15:00",,"-7.07541","0"
"2025-12-19 07:30:00",,"-7.074594","0"
"2025-12-19 07:45:00",,"-7.073607","0"
"2025-12-19 08:00:00",,"-7.073875","0"
"2025-12-19 08:15:00",,"-7.073606","0"
"2025-12-19 08:30:00",,"-7.07345","0"
"2025-12-19 08:45:00",,"-7.071068","0"
"2025-12-19 09:00:00",,"-7.072256","0"
"2025-12-19 09:15:00",,"-7.069864","0"
"2025-12-19 09:30:00",,"-7.070923","0"
"2025-12-19 09:45:00",,"-7.068559","0"
"2025-12-19 10:00:00",,"-7.068741","0"
"2025-12-19 10:15:00",,"-7.07444","0"
"2025-12-19 10:30:00",,"-7.076406","0"
"2025-12-19 10:45:00",,"-7.078102","0"
"2025-12-19 11:00:00",,"-7.075699","0"
"2025-12-19 11:15:00",,"-7.07325","0"
"2025-12-19 11:30:00",,"-7.072834","0"
"2025-12-19 11:45:00",,"-7.070971","0"
"2025-12-19 12:00:00",,"-7.067875","0"
"2025-12-19 12:15:00",,"-7.064735","0"
"2025-12-19 12:30:00",,"-7.060742","0"
"2025-12-19 12:45:00",,"-7.059303","0"
"2025-12-19 13:00:00",,"-7.057279","0"
"2025-12-19 13:15:00",,"-7.056909","0"
"2025-12-19 13:30:00",,"-7.055606","0"
"2025-12-19 13:45:00",,"-7.056817","0"
"2025-12-19 14:00:00",,"-7.055199","0"
"2025-12-19 14:15:00",,"-7.054314","0"
"2025-12-19 14:30:00",,"-7.057944","0"
"2025-12-19 14:45:00",,"-7.055081","0"
"2025-12-19 15:00:00",,"-7.050992","0"
"2025-12-19 15:15:00",,"-7.04698","0"
"2025-12-19 15:30:00",,"-7.045051","0"
"2025-12-19 15:45:00",,"-7.0446","0"
"2025-12-19 16:00:00",,"-7.044811","0"
"2025-12-19 16:15:00",,"-7.043662","0"
"2025-12-19 16:30:00",,"-7.047512","0"
"2025-12-19 16:45:00",,"-7.047616","0"
"2025-12-19 17:00:00",,"-7.044968","0"
"2025-12-19 17:15:00",,"-7.046398","0"
"2025-12-19 17:30:00",,"-7.047904","0"
"2025-12-19 17:45:00",,"-7.045994","0"
"2025-12-19 18:00:00",,"-7.045534","0"
"2025-12-19 18:15:00",,"-7.038916","0"
"2025-12-19 18:30:00",,"-7.034276","0"
"2025-12-19 18:45:00",,"-7.029013","0"
"2025-12-19 19:00:00",,"-7.021312","0"
"2025-12-19 19:15:00",,"-7.013953","0"
"2025-12-19 19:30:00",,"-7.007871","0"
"2025-12-19 19:45:00",,"-6.997245","0"
"2025-12-19 20:00:00",,"-6.990144","0"
"2025-12-19 20:15:00",,"-6.979585","0"
"2025-12-19 20:30:00",,"-6.970911","0"
"2025-12-19 20:45:00",,"-6.961955","0"
"2025-12-19 21:00:00",,"-6.952496","0"
"2025-12-19 21:15:00",,"-6.943234","0"
"2025-12-19 21:30:00",,"-6.932437","0"
"2025-12-19 21:45:00",,"-6.921298","0"
"2025-12-19 22:00:00",,"-6.910269","0"
"2025-12-19 22:15:00",,"-6.899578","0"
"2025-12-19 22:30:00",,"-6.889356","0"
"2025-12-19 22:45:00",,"-6.879672","0"
"2025-12-19 23:00:00",,"-6.87405","0"
"2025-12-19 23:15:00",,"-6.863853","0"
"2025-12-19 23:30:00",,"-6.852448","0"
"2025-12-19 23:45:00",,"-6.845845","0"
"2025-12-20 00:00:00",,"-6.837545","0"
"2025-12-20 00:15:00",,"-6.832018","0"
"2025-12-20 00:30:00",,"-6.824881","0"
"2025-12-20 00:45:00",,"-6.818901","0"
"2025-12-20 01:00:00",,"-6.812344","0"
"2025-12-20 01:15:00",,"-6.799744","0"
"2025-12-20 01:30:00",,"-6.792031","0"
"2025-12-20 01:45:00",,"-6.785224","0"
"2025-12-20 02:00:00",,"-6.776608","0"
"2025-12-20 02:15:00",,"-6.768119","0"
"2025-12-20 02:30:00",,"-6.76148","0"
"2025-12-20 02:45:00",,"-6.755285","0"
"2025-12-20 03:00:00",,"-6.747906","0"
"2025-12-20 03:15:00",,"-6.743668","0"
"2025-12-20 03:30:00",,"-6.73519","0"
"2025-12-20 03:45:00",,"-6.728328","0"
"2025-12-20 04:00:00",,"-6.721632","0"
"2025-12-20 04:15:00",,"-6.715733","0"
"2025-12-20 04:30:00",,"-6.711095","0"
"2025-12-20 04:45:00",,"-6.707327","0"
"2025-12-20 05:00:00",,"-6.705622","0"
"2025-12-20 05:15:00",,"-6.700651","0"
"2025-12-20 05:30:00",,"-6.698978","0"
"2025-12-20 05:45:00",,"-6.695757","0"
"2025-12-20 06:00:00",,"-6.694762","0"
"2025-12-20 06:15:00",,"-6.6917","0"
"2025-12-20 06:30:00",,"-6.690397","0"
"2025-12-20 06:45:00",,"-6.688387","0"
"2025-12-20 07:00:00",,"-6.684644","0"
"2025-12-20 07:15:00",,"-6.682435","0"
"2025-12-20 07:30:00",,"-6.677661","0"
"2025-12-20 07:45:00",,"-6.676769","0"
"2025-12-20 08:00:00",,"-6.671808","0"
"2025-12-20 08:15:00",,"-6.669273","0"
"2025-12-20 08:30:00",,"-6.665752","0"
"2025-12-20 08:45:00",,"-6.666245","0"
"2025-12-20 09:00:00",,"-6.666217","0"
"2025-12-20 09:15:00",,"-6.664067","0"
"2025-12-20 09:30:00",,"-6.656535","0"
"2025-12-20 09:45:00",,"-6.64819","0"
"2025-12-20 10:00:00",,"-6.640194","0"
"2025-12-20 10:15:00",,"-6.633165","0"
"2025-12-20 10:30:00",,"-6.63071","0"
"2025-12-20 10:45:00",,"-6.62576","0"
"2025-12-20 11:00:00",,"-6.622904","0"
"2025-12-20 11:15:00",,"-6.619693","0"
"2025-12-20 11:30:00",,"-6.61595","0"
"2025-12-20 11:45:00",,"-6.612421","0"
"2025-12-20 12:00:00",,"-6.605824","0"
"2025-12-20 12:15:00",,"-6.603269","0"
"2025-12-20 12:30:00",,"-6.599322","0"
"2025-12-20 12:45:00",,"-6.597569","0"
"2025-12-20 13:00:00",,"-6.595857","0"
"2025-12-20 13:15:00",,"-6.595496","0"
"2025-12-20 13:30:00",,"-6.595142","0"
"2025-12-20 13:45:00",,"-6.591825","0"
"2025-12-20 14:00:00",,"-6.587633","0"
"2025-12-20 14:15:00",,"-6.585269","0"
"2025-12-20 14:30:00",,"-6.582619","0"
"2025-12-20 14:45:00",,"-6.580972","0"
"2025-12-20 15:00:00",,"-6.577344","0"
"2025-12-20 15:15:00",,"-6.577245","0"
"2025-12-20 15:30:00",,"-6.573915","0"
"2025-12-20 15:45:00",,"-6.57239","0"
"2025-12-20 16:00:00",,"-6.568286","0"
"2025-12-20 16:15:00",,"-6.566004","0"
"2025-12-20 16:30:00",,"-6.561502","0"
"2025-12-20 16:45:00",,"-6.558325","0"
"2025-12-20 17:00:00",,"-6.557249","0"
"2025-12-20 17:15:00",,"-6.557678","0"
"2025-12-20 17:30:00",,"-6.553827","0"
"2025-12-20 17:45:00",,"-6.554624","0"
"2025-12-20 18:00:00",,"-6.551479","0"
"2025-12-20 18:15:00",,"-6.5511","0"
"2025-12-20 18:30:00",,"-6.553517","0"
"2025-12-20 18:45:00",,"-6.55204","0"
"2025-12-20 19:00:00",,"-6.551035","0"
"2025-12-20 19:15:00",,"-6.551271","0"
"2025-12-20 19:30:00",,"-6.550731","0"
"2025-12-20 19:45:00",,"-6.548279","0"
"2025-12-20 20:00:00",,"-6.547449","0"
"2025-12-20 20:15:00",,"-6.548922","0"
"2025-12-20 20:30:00",,"-6.5476","0"
"2025-12-20 20:45:00",,"-6.545959","0"
"2025-12-20 21:00:00",,"-6.548907","0"
"2025-12-20 21:15:00",,"-6.547606","0"
"2025-12-20 21:30:00",,"-6.546747","0"
"2025-12-20 21:45:00",,"-6.54647","0"
"2025-12-20 22:00:00",,"-6.543702","0"
"2025-12-20 22:15:00",,"-6.54223","0"
"2025-12-20 22:30:00",,"-6.54293","0"
"2025-12-20 22:45:00",,"-6.543674","0"
"2025-12-20 23:00:00",,"-6.543321","0"
"2025-12-20 23:15:00",,"-6.540076","0"
"2025-12-20 23:30:00",,"-6.540709","0"
"2025-12-20 23:45:00",,"-6.542576","0"
"2025-12-21 00:00:00",,"-6.542442","0"
"2025-12-21 00:15:00",,"-6.541139","0"
"2025-12-21 00:30:00",,"-6.541885","0"
"2025-12-21 00:45:00",,"-6.542629","0"
"2025-12-21 01:00:00",,"-6.541317","0"
"2025-12-21 01:15:00",,"-6.541247","0"
"2025-12-21 01:30:00",,"-6.540818","0"
"2025-12-21 01:45:00",,"-6.540564","0"
"2025-12-21 02:00:00",,"-6.5397","0"
"2025-12-21 02:15:00",,"-6.543951","0"
"2025-12-21 02:30:00",,"-6.543789","0"
"2025-12-21 02:45:00",,"-6.54204","0"
"2025-12-21 03:00:00",,"-6.542135","0"
"2025-12-21 03:15:00",,"-6.542731","0"
"2025-12-21 03:30:00",,"-6.542851","0"
"2025-12-21 03:45:00",,"-6.54238","0"
"2025-12-21 04:00:00",,"-6.545263","0"
"2025-12-21 04:15:00",,"-6.542576","0"
"2025-12-21 04:30:00",,"-6.544193","0"
"2025-12-21 04:45:00",,"-6.546557","0"
"2025-12-21 05:00:00",,"-6.545293","0"
"2025-12-21 05:15:00",,"-6.54405","0"
"2025-12-21 05:30:00",,"-6.544596","0"
"2025-12-21 05:45:00",,"-6.544799","0"
"2025-12-21 06:00:00",,"-6.544268","0"
"2025-12-21 06:15:00",,"-6.541804","0"
"2025-12-21 06:30:00",,"-6.540025","0"
"2025-12-21 06:45:00",,"-6.544094","0"
"2025-12-21 07:00:00",,"-6.539706","0"
"2025-12-21 07:15:00",,"-6.540407","0"
"2025-12-21 07:30:00",,"-6.541714","0"
"2025-12-21 07:45:00",,"-6.543554","0"
"2025-12-21 08:00:00",,"-6.543147","0"
"2025-12-21 08:15:00",,"-6.543886","0"
"2025-12-21 08:30:00",,"-6.544201","0"
"2025-12-21 08:45:00",,"-6.543704","0"
"2025-12-21 09:00:00",,"-6.54469","0"
"2025-12-21 09:15:00",,"-6.544681","0"
"2025-12-21 09:30:00",,"-6.543117","0"
"2025-12-21 09:45:00",,"-6.546178","0"
"2025-12-21 10:00:00",,"-6.550388","0"
"2025-12-21 10:15:00",,"-6.552614","0"
"2025-12-21 10:30:00",,"-6.552089","0"
"2025-12-21 10:45:00",,"-6.551689","0"
"2025-12-21 11:00:00",,"-6.553376","0"
"2025-12-21 11:15:00",,"-6.552355","0"
"2025-12-21 11:30:00",,"-6.554169","0"
"2025-12-21 11:45:00",,"-6.553459","0"
"2025-12-21 12:00:00",,"-6.551239","0"
"2025-12-21 12:15:00",,"-6.553785","0"
"2025-12-21 12:30:00",,"-6.553757","0"
"2025-12-21 12:45:00",,"-6.554524","0"
"2025-12-21 13:00:00",,"-6.553864","0"
"2025-12-21 13:15:00",,"-6.556412","0"
"2025-12-21 13:30:00",,"-6.553522","0"
"2025-12-21 13:45:00",,"-6.555255","0"
"2025-12-21 14:00:00",,"-6.558298","0"
"2025-12-21 14:15:00",,"-6.556999","0"
"2025-12-21 14:30:00",,"-6.5564","0"
"2025-12-21 14:45:00",,"-6.558492","0"
"2025-12-21 15:00:00",,"-6.560595","0"
"2025-12-21 15:15:00",,"-6.559462","0"
"2025-12-21 15:30:00",,"-6.562217","0"
"2025-12-21 15:45:00",,"-6.558706","0"
"2025-12-21 16:00:00",,"-6.560465","0"
"2025-12-21 16:15:00",,"-6.560372","0"
"2025-12-21 16:30:00",,"-6.561567","0"
"2025-12-21 16:45:00",,"-6.561616","0"
"2025-12-21 17:00:00",,"-6.564874","0"
"2025-12-21 17:15:00",,"-6.563383","0"
"2025-12-21 17:30:00",,"-6.566928","0"
"2025-12-21 17:45:00",,"-6.566653","0"
"2025-12-21 18:00:00",,"-6.56693","0"
"2025-12-21 18:15:00",,"-6.568515","0"
"2025-12-21 18:30:00",,"-6.570137","0"
"2025-12-21 18:45:00",,"-6.569012","0"
"2025-12-21 19:00:00",,"-6.568164","0"
"2025-12-21 19:15:00",,"-6.5705","0"
"2025-12-21 19:30:00",,"-6.569795","0"
"2025-12-21 19:45:00",,"-6.569652","0"
"2025-12-21 20:00:00",,"-6.572989","0"
"2025-12-21 20:15:00",,"-6.571387","0"
"2025-12-21 20:30:00",,"-6.572081","0"
"2025-12-21 20:45:00",,"-6.571842","0"
"2025-12-21 21:00:00",,"-6.568485","0"
"2025-12-21 21:15:00",,"-6.569088","0"
"2025-12-21 21:30:00",,"-6.567371","0"
"2025-12-21 21:45:00",,"-6.566399","0"
"2025-12-21 22:00:00",,"-6.565988","0"
"2025-12-21 22:15:00",,"-6.567353","0"
"2025-12-21 22:30:00",,"-6.569735","0"
"2025-12-21 22:45:00",,"-6.569703","0"
"2025-12-21 23:00:00",,"-6.567519","0"
"2025-12-21 23:15:00",,"-6.566946","0"
"2025-12-21 23:30:00",,"-6.568235","0"
"2025-12-21 23:45:00",,"-6.569155","0"
"2025-12-22 00:00:00",,"-6.565689","0"
"2025-12-22 00:15:00",,"-6.565146","0"
"2025-12-22 00:30:00",,"-6.568089","0"
"2025-12-22 00:45:00",,"-6.567237","0"
"2025-12-22 01:00:00",,"-6.567526","0"
"2025-12-22 01:15:00",,"-6.565777","0"
"2025-12-22 01:30:00",,"-6.56632","0"
"2025-12-22 01:45:00",,"-6.566823","0"
"2025-12-22 02:00:00",,"-6.566036","0"
"2025-12-22 02:15:00",,"-6.565816","0"
"2025-12-22 02:30:00",,"-6.563737","0"
"2025-12-22 02:45:00",,"-6.560437","0"
"2025-12-22 03:00:00",,"-6.560047","0"
"2025-12-22 03:15:00",,"-6.560479","0"
"2025-12-22 03:30:00",,"-6.558393","0"
"2025-12-22 03:45:00",,"-6.55899","0"
"2025-12-22 04:00:00",,"-6.558854","0"
"2025-12-22 04:15:00",,"-6.555941","0"
"2025-12-22 04:30:00",,"-6.555636","0"
"2025-12-22 04:45:00",,"-6.557693","0"
"2025-12-22 05:00:00",,"-6.558175","0"
"2025-12-22 05:15:00",,"-6.556856","0"
"2025-12-22 05:30:00",,"-6.556285","0"
"2025-12-22 05:45:00",,"-6.554044","0"
"2025-12-22 06:00:00",,"-6.553508","0"
"2025-12-22 06:15:00",,"-6.551946","0"
"2025-12-22 06:30:00",,"-6.55152","0"
"2025-12-22 06:45:00",,"-6.550513","0"
"2025-12-22 07:00:00",,"-6.552188","0"
"2025-12-22 07:15:00",,"-6.552935","0"
"2025-12-22 07:30:00",,"-6.551828","0"
"2025-12-22 07:45:00",,"-6.550469","0"
"2025-12-22 08:00:00",,"-6.548877","0"
"2025-12-22 08:15:00",,"-6.546895","0"
"2025-12-22 08:30:00",,"-6.551955","0"
"2025-12-22 08:45:00",,"-6.553834","0"
"2025-12-22 09:00:00",,"-6.552623","0"
"2025-12-22 09:15:00",,"-6.551895","0"
"2025-12-22 09:30:00",,"-6.549395","0"
"2025-12-22 09:45:00",,"-6.548866","0"
"2025-12-22 10:00:00",,"-6.549794","0"
"2025-12-22 10:15:00",,"-6.552401","0"
"2025-12-22 10:30:00",,"-6.551461","0"
"2025-12-22 10:45:00",,"-6.551197","0"
"2025-12-22 11:00:00",,"-6.550573","0"
"2025-12-22 11:15:00",,"-6.548646","0"
"2025-12-22 11:30:00",,"-6.549081","0"
"2025-12-22 11:45:00",,"-6.547777","0"
"2025-12-22 12:00:00",,"-6.547914","0"
"2025-12-22 12:15:00",,"-6.546192","0"
"2025-12-22 12:30:00",,"-6.545155","0"
"2025-12-22 12:45:00",,"-6.542459","0"
"2025-12-22 13:00:00",,"-6.542077","0"
"2025-12-22 13:15:00",,"-6.53857","0"
"2025-12-22 13:30:00",,"-6.537971","0"
"2025-12-22 13:45:00",,"-6.534882","0"
"2025-12-22 14:00:00",,"-6.533676","0"
"2025-12-22 14:15:00",,"-6.532833","0"
"2025-12-22 14:30:00",,"-6.528108","0"
"2025-12-22 14:45:00",,"-6.527759","0"
"2025-12-22 15:00:00",,"-6.525769","0"
"2025-12-22 15:15:00",,"-6.522546","0"
"2025-12-22 15:30:00",,"-6.521862","0"
"2025-12-22 15:45:00",,"-6.520133","0"
"2025-12-22 16:00:00",,"-6.520041","0"
"2025-12-22 16:15:00",,"-6.517213","0"
"2025-12-22 16:30:00",,"-6.518056","0"
"2025-12-22 16:45:00",,"-6.513463","0"
"2025-12-22 17:00:00",,"-6.512118","0"
"2025-12-22 17:15:00",,"-6.512682","0"
"2025-12-22 17:30:00",,"-6.509322","0"
"2025-12-22 17:45:00",,"-6.507065","0"
"2025-12-22 18:00:00",,"-6.502666","0"
"2025-12-22 18:15:00",,"-6.499387","0"
"2025-12-22 18:30:00",,"-6.500306","0"
"2025-12-22 18:45:00",,"-6.500775","0"
"2025-12-22 19:00:00",,"-6.503384","0"
"2025-12-22 19:15:00",,"-6.507931","0"
"2025-12-22 19:30:00",,"-6.514144","0"
"2025-12-22 19:45:00",,"-6.526855","0"
"2025-12-22 20:00:00",,"-6.536086","0"
"2025-12-22 20:15:00",,"-6.543262","0"
"2025-12-22 20:30:00",,"-6.550335","0"
"2025-12-22 20:45:00",,"-6.557572","0"
"2025-12-22 21:00:00",,"-6.564411","0"
"2025-12-22 21:15:00",,"-6.571928","0"
"2025-12-22 21:30:00",,"-6.579717","0"
"2025-12-22 21:45:00",,"-6.586852","0"
"2025-12-22 22:00:00",,"-6.593932","0"
"2025-12-22 22:15:00",,"-6.60237","0"
"2025-12-22 22:30:00",,"-6.607125","0"
"2025-12-22 22:45:00",,"-6.614339","0"
"2025-12-22 23:00:00",,"-6.619654","0"
"2025-12-22 23:15:00",,"-6.624524","0"
"2025-12-22 23:30:00",,"-6.629529","0"
"2025-12-22 23:45:00",,"-6.634573","0"
"2025-12-23 00:00:00",,"-6.639617","0"
"2025-12-23 00:15:00",,"-6.645289","0"
"2025-12-23 00:30:00",,"-6.64976","0"
"2025-12-23 00:45:00",,"-6.654123","0"
"2025-12-23 01:00:00",,"-6.657537","0"
"2025-12-23 01:15:00",,"-6.662462","0"
"2025-12-23 01:30:00",,"-6.664345","0"
"2025-12-23 01:45:00",,"-6.668481","0"
"2025-12-23 02:00:00",,"-6.670713","0"
"2025-12-23 02:15:00",,"-6.6742","0"
"2025-12-23 02:30:00",,"-6.675801","0"
"2025-12-23 02:45:00",,"-6.672968","0"
"2025-12-23 03:00:00",,"-6.67828","0"
"2025-12-23 03:15:00",,"-6.681295","0"
"2025-12-23 03:30:00",,"-6.681503","0"
"2025-12-23 03:45:00",,"-6.683592","0"
"2025-12-23 04:00:00",,"-6.685589","0"
"2025-12-23 04:15:00",,"-6.686349","0"
"2025-12-23 04:30:00",,"-6.686896","0"
"2025-12-23 04:45:00",,"-6.685305","0"
"2025-12-23 05:00:00",,"-6.686797","0"
"2025-12-23 05:15:00",,"-6.687592","0"
"2025-12-23 05:30:00",,"-6.687541","0"
"2025-12-23 05:45:00",,"-6.68645","0"
"2025-12-23 06:00:00",,"-6.687578","0"
"2025-12-23 06:15:00",,"-6.68661","0"
"2025-12-23 06:30:00",,"-6.688343","0"
"2025-12-23 06:45:00",,"-6.68884","0"
"2025-12-23 07:00:00",,"-6.687551","0"
"2025-12-23 07:15:00",,"-6.685862","0"
"2025-12-23 07:30:00",,"-6.687846","0"
"2025-12-23 07:45:00",,"-6.686875","0"
"2025-12-23 08:00:00",,"-6.687608","0"
"2025-12-23 08:15:00",,"-6.687513","0"
"2025-12-23 08:30:00",,"-6.687442","0"
"2025-12-23 08:45:00",,"-6.685594","0"
"2025-12-23 09:00:00",,"-6.684974","0"
"2025-12-23 09:15:00",,"-6.684616","0"
"2025-12-23 09:30:00",,"-6.68441","0"
"2025-12-23 09:45:00",,"-6.685341","0"
"2025-12-23 10:00:00",,"-6.686224","0"
"2025-12-23 10:15:00",,"-6.683532","0"
"2025-12-23 10:30:00",,"-6.684392","0"
"2025-12-23 10:45:00",,"-6.684405","0"
"2025-12-23 11:00:00",,"-6.6856","0"
"2025-12-23 11:15:00",,"-6.689528","0"
"2025-12-23 11:30:00",,"-6.688847","0"
"2025-12-23 11:45:00",,"-6.690785","0"
"2025-12-23 12:00:00",,"-6.689101","0"
"2025-12-23 12:15:00",,"-6.690764","0"
"2025-12-23 12:30:00",,"-6.687687","0"
"2025-12-23 12:45:00",,"-6.688063","0"
"2025-12-23 13:00:00",,"-6.686954","0"
"2025-12-23 13:15:00",,"-6.684535","0"
"2025-12-23 13:30:00",,"-6.686028","0"
"2025-12-23 13:45:00",,"-6.68758","0"
"2025-12-23 14:00:00",,"-6.687338","0"
"2025-12-23 14:15:00",,"-6.686268","0"
"2025-12-23 14:30:00",,"-6.686369","0"
"2025-12-23 14:45:00",,"-6.686319","0"
"2025-12-23 15:00:00",,"-6.688336","0"
"2025-12-23 15:15:00",,"-6.688107","0"
"2025-12-23 15:30:00",,"-6.68846","0"
"2025-12-23 15:45:00",,"-6.686152","0"
"2025-12-23 16:00:00",,"-6.687903","0"
"2025-12-23 16:15:00",,"-6.688951","0"
"2025-12-23 16:30:00",,"-6.685191","0"
"2025-12-23 16:45:00",,"-6.685683","0"
"2025-12-23 17:00:00",,"-6.683703","0"
"2025-12-23 17:15:00",,"-6.685422","0"
"2025-12-23 17:30:00",,"-6.684241","0"
"2025-12-23 17:45:00",,"-6.684339","0"
"2025-12-23 18:00:00",,"-6.682767","0"
"2025-12-23 18:15:00",,"-6.682478","0"
"2025-12-23 18:30:00",,"-6.68325","0"
"2025-12-23 18:45:00",,"-6.683509","0"
"2025-12-23 19:00:00",,"-6.681839","0"
"2025-12-23 19:15:00",,"-6.683326","0"
"2025-12-23 19:30:00",,"-6.682432","0"
"2025-12-23 19:45:00",,"-6.681446","0"
"2025-12-23 20:00:00",,"-6.682806","0"
"2025-12-23 20:15:00",,"-6.682536","0"
"2025-12-23 20:30:00",,"-6.682291","0"
"2025-12-23 20:45:00",,"-6.680935","0"
"2025-12-23 21:00:00",,"-6.680692","0"
"2025-12-23 21:15:00",,"-6.681069","0"
"2025-12-23 21:30:00",,"-6.681587","0"
"2025-12-23 21:45:00",,"-6.681542","0"
"2025-12-23 22:00:00",,"-6.680053","0"
"2025-12-23 22:15:00",,"-6.679147","0"
"2025-12-23 22:30:00",,"-6.680353","0"
"2025-12-23 22:45:00",,"-6.679606","0"
"2025-12-23 23:00:00",,"-6.681173","0"
"2025-12-23 23:15:00",,"-6.679392","0"
"2025-12-23 23:30:00",,"-6.678532","0"
"2025-12-23 23:45:00",,"-6.676682","0"
"2025-12-24 00:00:00",,"-6.678414","0"
"2025-12-24 00:15:00",,"-6.675972","0"
"2025-12-24 00:30:00",,"-6.678047","0"
"2025-12-24 00:45:00",,"-6.676016","0"
"2025-12-24 01:00:00",,"-6.675498","0"
"2025-12-24 01:15:00",,"-6.676894","0"
"2025-12-24 01:30:00",,"-6.674528","0"
"2025-12-24 01:45:00",,"-6.673791","0"
"2025-12-24 02:00:00",,"-6.673151","0"
"2025-12-24 02:15:00",,"-6.669615","0"
"2025-12-24 02:30:00",,"-6.663104","0"
"2025-12-24 02:45:00",,"-6.659509","0"
"2025-12-24 03:00:00",,"-6.655784","0"
"2025-12-24 03:15:00",,"-6.650999","0"
"2025-12-24 03:30:00",,"-6.641988","0"
"2025-12-24 03:45:00",,"-6.637265","0"
"2025-12-24 04:00:00",,"-6.63134","0"
"2025-12-24 04:15:00",,"-6.627202","0"
"2025-12-24 04:30:00",,"-6.620441","0"
"2025-12-24 04:45:00",,"-6.615591","0"
"2025-12-24 05:00:00",,"-6.60884","0"
"2025-12-24 05:15:00",,"-6.603371","0"
"2025-12-24 05:30:00",,"-6.595639","0"
"2025-12-24 05:45:00",,"-6.587919","0"
"2025-12-24 06:00:00",,"-6.590535","0"
"2025-12-24 06:15:00",,"-6.584324","0"
"2025-12-24 06:30:00",,"-6.583075","0"
"2025-12-24 06:45:00",,"-6.579509","0"
"2025-12-24 07:00:00",,"-6.574945","0"
"2025-12-24 07:15:00",,"-6.576632","0"
"2025-12-24 07:30:00",,"-6.577477","0"
"2025-12-24 07:45:00",,"-6.574768","0"
"2025-12-24 08:00:00",,"-6.574541","0"
"2025-12-24 08:15:00",,"-6.571244","0"
"2025-12-24 08:30:00",,"-6.572785","0"
"2025-12-24 08:45:00",,"-6.572422","0"
"2025-12-24 09:00:00",,"-6.570467","0"
"2025-12-24 09:15:00",,"-6.565881","0"
"2025-12-24 09:30:00",,"-6.567194","0"
"2025-12-24 09:45:00",,"-6.562824","0"
"2025-12-24 10:00:00",,"-6.565112","0"
"2025-12-24 10:15:00",,"-6.569123","0"
"2025-12-24 10:30:00",,"-6.566142","0"
"2025-12-24 10:45:00",,"-6.568307","0"
"2025-12-24 11:00:00",,"-6.570216","0"
"2025-12-24 11:15:00",,"-6.569174","0"
"2025-12-24 11:30:00",,"-6.565398","0"
"2025-12-24 11:45:00",,"-6.5611","0"
"2025-12-24 12:00:00",,"-6.5561","0"
"2025-12-24 12:15:00",,"-6.564788","0"
"2025-12-24 12:30:00",,"-6.56723","0"
"2025-12-24 12:45:00",,"-6.53051","0"
"2025-12-24 13:00:00",,"-6.519265","0"
"2025-12-24 13:15:00",,"-6.506928","0"
"2025-12-24 13:30:00",,"-6.501443","0"
"2025-12-24 13:45:00",,"-6.496821","0"
"2025-12-24 14:00:00",,"-6.491223","0"
"2025-12-24 14:15:00",,"-6.488437","0"
"2025-12-24 14:30:00",,"-6.482069","0"
"2025-12-24 14:45:00",,"-6.473238","0"
"2025-12-24 15:00:00",,"-6.469201","0"
"2025-12-24 15:15:00",,"-6.455359","0"
"2025-12-24 15:30:00",,"-6.446878","0"
"2025-12-24 15:45:00",,"-6.437513","0"
"2025-12-24 16:00:00",,"-6.427862","0"
"2025-12-24 16:15:00",,"-6.410285","0"
"2025-12-24 16:30:00",,"-6.395832","0"
"2025-12-24 16:45:00",,"-6.379268","0"
"2025-12-24 17:00:00",,"-6.363962","0"
"2025-12-24 17:15:00",,"-6.349355","0"
"2025-12-24 17:30:00",,"-6.334916","0"
"2025-12-24 17:45:00",,"-6.323966","0"
"2025-12-24 18:00:00",,"-6.313122","0"
"2025-12-24 18:15:00",,"-6.301744","0"
"2025-12-24 18:30:00",,"-6.292997","0"
"2025-12-24 18:45:00",,"-6.285206","0"
"2025-12-24 19:00:00",,"-6.276726","0"
"2025-12-24 19:15:00",,"-6.271226","0"
"2025-12-24 19:30:00",,"-6.265145","0"
"2025-12-24 19:45:00",,"-6.262728","0"
"2025-12-24 20:00:00",,"-6.259465","0"
"2025-12-24 20:15:00",,"-6.25548","0"
"2025-12-24 20:30:00",,"-6.255059","0"
"2025-12-24 20:45:00",,"-6.252377","0"
"2025-12-24 21:00:00",,"-6.253904","0"
"2025-12-24 21:15:00",,"-6.254357","0"
"2025-12-24 21:30:00",,"-6.256085","0"
"2025-12-24 21:45:00",,"-6.258051","0"
"2025-12-24 22:00:00",,"-6.259537","0"
"2025-12-24 22:15:00",,"-6.262317","0"
"2025-12-24 22:30:00",,"-6.264256","0"
"2025-12-24 22:45:00",,"-6.265944","0"
"2025-12-24 23:00:00",,"-6.268227","0"
"2025-12-24 23:15:00",,"-6.271275","0"
"2025-12-24 23:30:00",,"-6.272132","0"
"2025-12-24 23:45:00",,"-6.274803","0"
"2025-12-25 00:00:00",,"-6.27771","0"
"2025-12-25 00:15:00",,"-6.280589","0"
"2025-12-25 00:30:00",,"-6.281848","0"
"2025-12-25 00:45:00",,"-6.286","0"
"2025-12-25 01:00:00",,"-6.288625","0"
"2025-12-25 01:15:00",,"-6.290582","0"
"2025-12-25 01:30:00",,"-6.291736","0"
"2025-12-25 01:45:00",,"-6.288685","0"
"2025-12-25 02:00:00",,"-6.288456","0"
"2025-12-25 02:15:00",,"-6.290711","0"
"2025-12-25 02:30:00",,"-6.282609","0"
"2025-12-25 02:45:00",,"-6.284457","0"
"2025-12-25 03:00:00",,"-6.275536","0"
"2025-12-25 03:15:00",,"-6.268842","0"
"2025-12-25 03:30:00",,"-6.262051","0"
"2025-12-25 03:45:00",,"-6.253973","0"
"2025-12-25 04:00:00",,"-6.243927","0"
"2025-12-25 04:15:00",,"-6.234467","0"
"2025-12-25 04:30:00",,"-6.233744","0"
"2025-12-25 04:45:00",,"-6.221636","0"
"2025-12-25 05:00:00",,"-6.218545","0"
"2025-12-25 05:15:00",,"-6.213076","0"
"2025-12-25 05:30:00",,"-6.199949","0"
"2025-12-25 05:45:00",,"-6.205908","0"
"2025-12-25 06:00:00",,"-6.203635","0"
"2025-12-25 06:15:00",,"-6.203013","0"
"2025-12-25 06:30:00",,"-6.201402","0"
"2025-12-25 06:45:00",,"-6.200963","0"
"2025-12-25 07:00:00",,"-6.196897","0"
"2025-12-25 07:15:00",,"-6.196985","0"
"2025-12-25 07:30:00",,"-6.194002","0"
"2025-12-25 07:45:00",,"-6.18942","0"
"2025-12-25 08:00:00",,"-6.192677","0"
"2025-12-25 08:15:00",,"-6.192851","0"
"2025-12-25 08:30:00",,"-6.192719","0"
"2025-12-25 08:45:00",,"-6.187587","0"
"2025-12-25 09:00:00",,"-6.189242","0"
"2025-12-25 09:15:00",,"-6.184537","0"
"2025-12-25 09:30:00",,"-6.180723","0"
"2025-12-25 09:45:00",,"-6.181772","0"
"2025-12-25 10:00:00",,"-6.1814","0"
"2025-12-25 10:15:00",,"-6.182996","0"
"2025-12-25 10:30:00",,"-6.178906","0"
"2025-12-25 10:45:00",,"-6.198447","0"
"2025-12-25 11:00:00",,"-6.192601","0"
"2025-12-25 11:15:00",,"-6.1928","0"
"2025-12-25 11:30:00",,"-6.188597","0"
"2025-12-25 11:45:00",,"-6.185339","0"
"2025-12-25 12:00:00",,"-6.197167","0"
"2025-12-25 12:15:00",,"-6.190466","0"
"2025-12-25 12:30:00",,"-6.196559","0"
"2025-12-25 12:45:00",,"-6.193119","0"
"2025-12-25 13:00:00",,"-6.187763","0"
"2025-12-25 13:15:00",,"-6.183895","0"
"2025-12-25 13:30:00",,"-6.169232","0"
"2025-12-25 13:45:00",,"-6.153448","0"
"2025-12-25 14:00:00",,"-6.134083","0"
"2025-12-25 14:15:00",,"-6.113059","0"
"2025-12-25 14:30:00",,"-6.099639","0"
"2025-12-25 14:45:00",,"-6.087774","0"
"2025-12-25 15:00:00",,"-6.071471","0"
"2025-12-25 15:15:00",,"-6.055467","0"
"2025-12-25 15:30:00",,"-6.039817","0"
"2025-12-25 15:45:00",,"-6.026423","0"
"2025-12-25 16:00:00",,"-6.007936","0"
"2025-12-25 16:15:00",,"-5.992589","0"
"2025-12-25 16:30:00",,"-5.973083","0"
"2025-12-25 16:45:00",,"-5.954494","0"
"2025-12-25 17:00:00",,"-5.935224","0"
"2025-12-25 17:15:00",,"-5.918865","0"
"2025-12-25 17:30:00",,"-5.904629","0"
"2025-12-25 17:45:00",,"-5.885386","0"
"2025-12-25 18:00:00",,"-5.870559","0"
"2025-12-25 18:15:00",,"-5.859076","0"
"2025-12-25 18:30:00",,"-5.845847","0"
"2025-12-25 18:45:00",,"-5.831591","0"
"2025-12-25 19:00:00",,"-5.817877","0"
"2025-12-25 19:15:00",,"-5.807748","0"
"2025-12-25 19:30:00",,"-5.799875","0"
"2025-12-25 19:45:00",,"-5.78912","0"
"2025-12-25 20:00:00",,"-5.78262","0"
"2025-12-25 20:15:00",,"-5.768315","0"
"2025-12-25 20:30:00",,"-5.762513","0"
"2025-12-25 20:45:00",,"-5.754669","0"
"2025-12-25 21:00:00",,"-5.750154","0"
"2025-12-25 21:15:00",,"-5.734876","0"
"2025-12-25 21:30:00",,"-5.728388","0"
"2025-12-25 21:45:00",,"-5.718739","0"
"2025-12-25 22:00:00",,"-5.710492","0"
"2025-12-25 22:15:00",,"-5.704538","0"
"2025-12-25 22:30:00",,"-5.703406","0"
"2025-12-25 22:45:00",,"-5.700178","0"
"2025-12-25 23:00:00",,"-5.701617","0"
"2025-12-25 23:15:00",,"-5.705559","0"
"2025-12-25 23:30:00",,"-5.705099","0"
"2025-12-25 23:45:00",,"-5.707318","0"
"2025-12-26 00:00:00",,"-5.712022","0"
"2025-12-26 00:15:00",,"-5.714208","0"
"2025-12-26 00:30:00",,"-5.718175","0"
"2025-12-26 00:45:00",,"-5.721269","0"
"2025-12-26 01:00:00",,"-5.721992","0"
"2025-12-26 01:15:00",,"-5.72522","0"
"2025-12-26 01:30:00",,"-5.725763","0"
"2025-12-26 01:45:00",,"-5.723334","0"
"2025-12-26 02:00:00",,"-5.705","0"
"2025-12-26 02:15:00",,"-5.68215","0"
"2025-12-26 02:30:00",,"-5.670553","0"
"2025-12-26 02:45:00",,"-5.663642","0"
"2025-12-26 03:00:00",,"-5.659675","0"
"2025-12-26 03:15:00",,"-5.640179","0"
"2025-12-26 03:30:00",,"-5.59536","0"
"2025-12-26 03:45:00",,"-5.558013","0"
"2025-12-26 04:00:00",,"-5.524082","0"
"2025-12-26 04:15:00",,"-5.501677","0"
"2025-12-26 04:30:00",,"-5.488979","0"
"2025-12-26 04:45:00",,"-5.456134","0"
"2025-12-26 05:00:00",,"-5.437749","0"
"2025-12-26 05:15:00",,"-5.409823","0"
"2025-12-26 05:30:00",,"-5.382509","0"
"2025-12-26 05:45:00",,"-5.350272","0"
"2025-12-26 06:00:00",,"-5.325812","0"
"2025-12-26 06:15:00",,"-5.295957","0"
"2025-12-26 06:30:00",,"-5.272816","0"
"2025-12-26 06:45:00",,"-5.253763","0"
"2025-12-26 07:00:00",,"-5.228619","0"
"2025-12-26 07:15:00",,"-5.204087","0"
"2025-12-26 07:30:00",,"-5.186718","0"
"2025-12-26 07:45:00",,"-5.165408","0"
"2025-12-26 08:00:00",,"-5.140333","0"
"2025-12-26 08:15:00",,"-5.124385","0"
"2025-12-26 08:30:00",,"-5.105889","0"
"2025-12-26 08:45:00",,"-5.084756","0"
"2025-12-26 09:00:00",,"-5.05797","0"
"2025-12-26 09:15:00",,"-5.03845","0"
"2025-12-26 09:30:00",,"-5.019997","0"
"2025-12-26 09:45:00",,"-4.994902","0"
"2025-12-26 10:00:00",,"-4.972942","0"
"2025-12-26 10:15:00",,"-4.948205","0"
"2025-12-26 10:30:00",,"-4.924433","0"
"2025-12-26 10:45:00",,"-4.899879","0"
"2025-12-26 11:00:00",,"-4.868138","0"
"2025-12-26 11:15:00",,"-4.837358","0"
"2025-12-26 11:30:00",,"-4.802431","0"
"2025-12-26 11:45:00",,"-4.769041","0"
"2025-12-26 12:00:00",,"-4.725874","0"
"2025-12-26 12:15:00",,"-4.679211","0"
"2025-12-26 12:30:00",,"-4.647397","0"
"2025-12-26 12:45:00",,"-4.602284","0"
"2025-12-26 13:00:00",,"-4.554423","0"
"2025-12-26 13:15:00",,"-4.512451","0"
"2025-12-26 13:30:00",,"-4.457105","0"
"2025-12-26 13:45:00",,"-4.41334","0"
"2025-12-26 14:00:00",,"-4.36356","0"
"2025-12-26 14:15:00",,"-4.310172","0"
"2025-12-26 14:30:00",,"-4.261385","0"
"2025-12-26 14:45:00",,"-4.205875","0"
"2025-12-26 15:00:00",,"-4.133113","0"
"2025-12-26 15:15:00",,"-4.073795","0"
"2025-12-26 15:30:00",,"-4.022266","0"
"2025-12-26 15:45:00",,"-3.978661","0"
"2025-12-26 16:00:00",,"-3.929355","0"
"2025-12-26 16:15:00",,"-3.879416","0"
"2025-12-26 16:30:00",,"-3.83917","0"
"2025-12-26 16:45:00",,"-3.795372","0"
"2025-12-26 17:00:00",,"-3.763592","0"
"2025-12-26 17:15:00",,"-3.727873","0"
"2025-12-26 17:30:00",,"-3.696959","0"
"2025-12-26 17:45:00",,"-3.656274","0"
"2025-12-26 18:00:00",,"-3.634492","0"
"2025-12-26 18:15:00",,"-3.610867","0"
"2025-12-26 18:30:00",,"-3.584442","0"
"2025-12-26 18:45:00",,"-3.566743","0"
"2025-12-26 19:00:00",,"-3.545148","0"
"2025-12-26 19:15:00",,"-3.526028","0"
"2025-12-26 19:30:00",,"-3.500547","0"
"2025-12-26 19:45:00",,"-3.477732","0"
"2025-12-26 20:00:00",,"-3.448891","0"
"2025-12-26 20:15:00",,"-3.427138","0"
"2025-12-26 20:30:00",,"-3.413081","0"
"2025-12-26 20:45:00",,"-3.398776","0"
"2025-12-26 21:00:00",,"-3.379101","0"
"2025-12-26 21:15:00",,"-3.381412","0"
"2025-12-26 21:30:00",,"-3.376347","0"
"2025-12-26 21:45:00",,"-3.367368","0"
"2025-12-26 22:00:00",,"-3.367795","0"
"2025-12-26 22:15:00",,"-3.371779","0"
"2025-12-26 22:30:00",,"-3.372997","0"
"2025-12-26 22:45:00",,"-3.375374","0"
"2025-12-26 23:00:00",,"-3.379284","0"
"2025-12-26 23:15:00",,"-3.377666","0"
"2025-12-26 23:30:00",,"-3.384786","0"
"2025-12-26 23:45:00",,"-3.391819","0"
"2025-12-27 00:00:00",,"-3.406946","0"
"2025-12-27 00:15:00",,"-3.422989","0"
"2025-12-27 00:30:00",,"-3.429008","0"
"2025-12-27 00:45:00",,"-3.442183","0"
"2025-12-27 01:00:00",,"-3.464531","0"
"2025-12-27 01:15:00",,"-3.483873","0"
"2025-12-27 01:30:00",,"-3.49578","0"
"2025-12-27 01:45:00",,"-3.516644","0"
"2025-12-27 02:00:00",,"-3.537486","0"
"2025-12-27 02:15:00",,"-3.555916","0"
"2025-12-27 02:30:00",,"-3.57681","0"
"2025-12-27 02:45:00",,"-3.599294","0"
"2025-12-27 03:00:00",,"-3.620157","0"
"2025-12-27 03:15:00",,"-3.641574","0"
"2025-12-27 03:30:00",,"-3.664299","0"
"2025-12-27 03:45:00",,"-3.687712","0"
"2025-12-27 04:00:00",,"-3.708383","0"
"2025-12-27 04:15:00",,"-3.72742","0"
"2025-12-27 04:30:00",,"-3.755858","0"
"2025-12-27 04:45:00",,"-3.780196","0"
"2025-12-27 05:00:00",,"-3.799829","0"
"2025-12-27 05:15:00",,"-3.824846","0"
"2025-12-27 05:30:00",,"-3.843449","0"
"2025-12-27 05:45:00",,"-3.867261","0"
"2025-12-27 06:00:00",,"-3.889901","0"
"2025-12-27 06:15:00",,"-3.916032","0"
"2025-12-27 06:30:00",,"-3.936675","0"
"2025-12-27 06:45:00",,"-3.959651","0"
"2025-12-27 07:00:00",,"-3.985225","0"
"2025-12-27 07:15:00",,"-4.008583","0"
"2025-12-27 07:30:00",,"-4.026421","0"
"2025-12-27 07:45:00",,"-4.048618","0"
"2025-12-27 08:00:00",,"-4.06797","0"
"2025-12-27 08:15:00",,"-4.088662","0"
"2025-12-27 08:30:00",,"-4.110959","0"
"2025-12-27 08:45:00",,"-4.129825","0"
"2025-12-27 09:00:00",,"-4.15075","0"
"2025-12-27 09:15:00",,"-4.170754","0"
"2025-12-27 09:30:00",,"-4.189337","0"
"2025-12-27 09:45:00",,"-4.208896","0"
"2025-12-27 10:00:00",,"-4.228242","0"
"2025-12-27 10:15:00",,"-4.24813","0"
"2025-12-27 10:30:00",,"-4.264436","0"
"2025-12-27 10:45:00",,"-4.282511","0"
"2025-12-27 11:00:00",,"-4.298305","0"
"2025-12-27 11:15:00",,"-4.311722","0"
"2025-12-27 11:30:00",,"-4.331487","0"
"2025-12-27 11:45:00",,"-4.346901","0"
"2025-12-27 12:00:00",,"-4.359789","0"
"2025-12-27 12:15:00",,"-4.374164","0"
"2025-12-27 12:30:00",,"-4.389721","0"
"2025-12-27 12:45:00",,"-4.401265","0"
"2025-12-27 13:00:00",,"-4.413844","0"
"2025-12-27 13:15:00",,"-4.430008","0"
"2025-12-27 13:30:00",,"-4.439551","0"
"2025-12-27 13:45:00",,"-4.451469","0"
"2025-12-27 14:00:00",,"-4.456197","0"
"2025-12-27 14:15:00",,"-4.465839","0"
"2025-12-27 14:30:00",,"-4.476368","0"
"2025-12-27 14:45:00",,"-4.483564","0"
"2025-12-27 15:00:00",,"-4.490581","0"
"2025-12-27 15:15:00",,"-4.495595","0"
"2025-12-27 15:30:00",,"-4.50328","0"
"2025-12-27 15:45:00",,"-4.509123","0"
"2025-12-27 16:00:00",,"-4.515285","0"
"2025-12-27 16:15:00",,"-4.517056","0"
"2025-12-27 16:30:00",,"-4.519676","0"
"2025-12-27 16:45:00",,"-4.523645","0"
"2025-12-27 17:00:00",,"-4.527056","0"
"2025-12-27 17:15:00",,"-4.526293","0"
"2025-12-27 17:30:00",,"-4.525251","0"
"2025-12-27 17:45:00",,"-4.526968","0"
"2025-12-27 18:00:00",,"-4.522331","0"
"2025-12-27 18:15:00",,"-4.523331","0"
"2025-12-27 18:30:00",,"-4.520871","0"
"2025-12-27 18:45:00",,"-4.521351","0"
"2025-12-27 19:00:00",,"-4.518884","0"
"2025-12-27 19:15:00",,"-4.522312","0"
"2025-12-27 19:30:00",,"-4.518156","0"
"2025-12-27 19:45:00",,"-4.517361","0"
"2025-12-27 20:00:00",,"-4.51752","0"
"2025-12-27 20:15:00",,"-4.516238","0"
"2025-12-27 20:30:00",,"-4.512067","0"
"2025-12-27 20:45:00",,"-4.509368","0"
"2025-12-27 21:00:00",,"-4.509048","0"
"2025-12-27 21:15:00",,"-4.508049","0"
"2025-12-27 21:30:00",,"-4.511067","0"
"2025-12-27 21:45:00",,"-4.510244","0"
"2025-12-27 22:00:00",,"-4.511547","0"
"2025-12-27 22:15:00",,"-4.511344","0"
"2025-12-27 22:30:00",,"-4.508618","0"
"2025-12-27 22:45:00",,"-4.510798","0"
"2025-12-27 23:00:00",,"-4.509301","0"
"2025-12-27 23:15:00",,"-4.511087","0"
"2025-12-27 23:30:00",,"-4.512749","0"
"2025-12-27 23:45:00",,"-4.509585","0"
"2025-12-28 00:00:00",,"-4.510914","0"
"2025-12-28 00:15:00",,"-4.514965","0"
"2025-12-28 00:30:00",,"-4.513329","0"
"2025-12-28 00:45:00",,"-4.514674","0"
"2025-12-28 01:00:00",,"-4.510986","0"
"2025-12-28 01:15:00",,"-4.516023","0"
"2025-12-28 01:30:00",,"-4.513897","0"
"2025-12-28 01:45:00",,"-4.51194","0"
"2025-12-28 02:00:00",,"-4.513238","0"
"2025-12-28 02:15:00",,"-4.513104","0"
"2025-12-28 02:30:00",,"-4.515198","0"
"2025-12-28 02:45:00",,"-4.514923","0"
"2025-12-28 03:00:00",,"-4.514796","0"
"2025-12-28 03:15:00",,"-4.516212","0"
"2025-12-28 03:30:00",,"-4.517033","0"
"2025-12-28 03:45:00",,"-4.514639","0"
"2025-12-28 04:00:00",,"-4.516525","0"
"2025-12-28 04:15:00",,"-4.517583","0"
"2025-12-28 04:30:00",,"-4.519435","0"
"2025-12-28 04:45:00",,"-4.519783","0"
"2025-12-28 05:00:00",,"-4.520586","0"
"2025-12-28 05:15:00",,"-4.520133","0"
"2025-12-28 05:30:00",,"-4.519346","0"
"2025-12-28 05:45:00",,"-4.52142","0"
"2025-12-28 06:00:00",,"-4.522396","0"
"2025-12-28 06:15:00",,"-4.520321","0"
"2025-12-28 06:30:00",,"-4.518934","0"
"2025-12-28 06:45:00",,"-4.519909","0"
"2025-12-28 07:00:00",,"-4.518738","0"
"2025-12-28 07:15:00",,"-4.519253","0"
"2025-12-28 07:30:00",,"-4.516256","0"
"2025-12-28 07:45:00",,"-4.511873","0"
"2025-12-28 08:00:00",,"-4.506986","0"
"2025-12-28 08:15:00",,"-4.501868","0"
"2025-12-28 08:30:00",,"-4.494255","0"
"2025-12-28 08:45:00",,"-4.483725","0"
"2025-12-28 09:00:00",,"-4.470493","0"
"2025-12-28 09:15:00",,"-4.457639","0"
"2025-12-28 09:30:00",,"-4.440633","0"
"2025-12-28 09:45:00",,"-4.422762","0"
"2025-12-28 10:00:00",,"-4.401833","0"
"2025-12-28 10:15:00",,"-4.383353","0"
"2025-12-28 10:30:00",,"-4.366437","0"
"2025-12-28 10:45:00",,"-4.34896","0"
"2025-12-28 11:00:00",,"-4.332259","0"
"2025-12-28 11:15:00",,"-4.313941","0"
"2025-12-28 11:30:00",,"-4.294811","0"
"2025-12-28 11:45:00",,"-4.270803","0"
"2025-12-28 12:00:00",,"-4.246142","0"
"2025-12-28 12:15:00",,"-4.217149","0"
"2025-12-28 12:30:00",,"-4.182712","0"
"2025-12-28 12:45:00",,"-4.150729","0"
"2025-12-28 13:00:00",,"-4.121673","0"
"2025-12-28 13:15:00",,"-4.095094","0"
"2025-12-28 13:30:00",,"-4.068543","0"
"2025-12-28 13:45:00",,"-4.042895","0"
"2025-12-28 14:00:00",,"-4.018354","0"
"2025-12-28 14:15:00",,"-3.992021","0"
"2025-12-28 14:30:00",,"-3.966444","0"
"2025-12-28 14:45:00",,"-3.944449","0"
"2025-12-28 15:00:00",,"-3.92459","0"
"2025-12-28 15:15:00",,"-3.906214","0"
"2025-12-28 15:30:00",,"-3.885848","0"
"2025-12-28 15:45:00",,"-3.868706","0"
"2025-12-28 16:00:00",,"-3.852132","0"
"2025-12-28 16:15:00",,"-3.835122","0"
"2025-12-28 16:30:00",,"-3.818954","0"
"2025-12-28 16:45:00",,"-3.804556","0"
"2025-12-28 17:00:00",,"-3.793279","0"
"2025-12-28 17:15:00",,"-3.778251","0"
"2025-12-28 17:30:00",,"-3.765108","0"
"2025-12-28 17:45:00",,"-3.747924","0"
"2025-12-28 18:00:00",,"-3.734074","0"
"2025-12-28 18:15:00",,"-3.720227","0"
"2025-12-28 18:30:00",,"-3.705132","0"
"2025-12-28 18:45:00",,"-3.687962","0"
"2025-12-28 19:00:00",,"-3.665267","0"
"2025-12-28 19:15:00",,"-3.642177","0"
"2025-12-28 19:30:00",,"-3.618658","0"
"2025-12-28 19:45:00",,"-3.590124","0"
"2025-12-28 20:00:00",,"-3.561347","0"
"2025-12-28 20:15:00",,"-3.530885","0"
"2025-12-28 20:30:00",,"-3.497778","0"
"2025-12-28 20:45:00",,"-3.470719","0"
"2025-12-28 21:00:00",,"-3.446537","0"
"2025-12-28 21:15:00",,"-3.421651","0"
"2025-12-28 21:30:00",,"-3.392729","0"
"2025-12-28 21:45:00",,"-3.353883","0"
"2025-12-28 22:00:00",,"-3.319012","0"
"2025-12-28 22:15:00",,"-3.287075","0"
"2025-12-28 22:30:00",,"-3.256956","0"
"2025-12-28 22:45:00",,"-3.226643","0"
"2025-12-28 23:00:00",,"-3.200321","0"
"2025-12-28 23:15:00",,"-3.169692","0"
"2025-12-28 23:30:00",,"-3.141877","0"
"2025-12-28 23:45:00",,"-3.113579","0"
"2025-12-29 00:00:00",,"-3.086046","0"
"2025-12-29 00:15:00",,"-3.064155","0"
"2025-12-29 00:30:00",,"-3.038237","0"
"2025-12-29 00:45:00",,"-3.014801","0"
"2025-12-29 01:00:00",,"-2.99267","0"
"2025-12-29 01:15:00",,"-2.965708","0"
"2025-12-29 01:30:00",,"-2.940307","0"
"2025-12-29 01:45:00",,"-2.919676","0"
"2025-12-29 02:00:00",,"-2.896731","0"
"2025-12-29 02:15:00",,"-2.878404","0"
"2025-12-29 02:30:00",,"-2.861421","0"
"2025-12-29 02:45:00",,"-2.841915","0"
"2025-12-29 03:00:00",,"-2.822628","0"
"2025-12-29 03:15:00",,"-2.807045","0"
"2025-12-29 03:30:00",,"-2.794533","0"
"2025-12-29 03:45:00",,"-2.782033","0"
"2025-12-29 04:00:00",,"-2.771155","0"
"2025-12-29 04:15:00",,"-2.753504","0"
"2025-12-29 04:30:00",,"-2.7341","0"
"2025-12-29 04:45:00",,"-2.710129","0"
"2025-12-29 05:00:00",,"-2.679354","0"
"2025-12-29 05:15:00",,"-2.648184","0"
"2025-12-29 05:30:00",,"-2.616179","0"
"2025-12-29 05:45:00",,"-2.581004","0"
"2025-12-29 06:00:00",,"-2.545959","0"
"2025-12-29 06:15:00",,"-2.509556","0"
"2025-12-29 06:30:00",,"-2.47199","0"
"2025-12-29 06:45:00",,"-2.435905","0"
"2025-12-29 07:00:00",,"-2.400331","0"
"2025-12-29 07:15:00",,"-2.366125","0"
"2025-12-29 07:30:00",,"-2.334068","0"
"2025-12-29 07:45:00",,"-2.307219","0"
"2025-12-29 08:00:00",,"-2.277324","0"
"2025-12-29 08:15:00",,"-2.249722","0"
"2025-12-29 08:30:00",,"-2.22481","0"
"2025-12-29 08:45:00",,"-2.202413","0"
"2025-12-29 09:00:00",,"-2.180568","0"
"2025-12-29 09:15:00",,"-2.158615","0"
"2025-12-29 09:30:00",,"-2.137113","0"
"2025-12-29 09:45:00",,"-2.114173","0"
"2025-12-29 10:00:00",,"-2.089315","0"
"2025-12-29 10:15:00",,"-2.064351","0"
"2025-12-29 10:30:00",,"-2.039815","0"
"2025-12-29 10:45:00",,"-2.011818","0"
"2025-12-29 11:00:00",,"-1.975754","0"
"2025-12-29 11:15:00",,"-1.94","0"
"2025-12-29 11:30:00",,"-1.903023","0"
"2025-12-29 11:45:00",,"-1.85372","0"
"2025-12-29 12:00:00",,"-1.80089","0"
"2025-12-29 12:15:00",,"-1.749525","0"
"2025-12-29 12:30:00",,"-1.697689","0"
"2025-12-29 12:45:00",,"-1.623342","0"
"2025-12-29 13:00:00",,"-1.546504","0"
"2025-12-29 13:15:00",,"-1.478227","0"
"2025-12-29 13:30:00",,"-1.415339","0"
"2025-12-29 13:45:00",,"-1.354383","0"
"2025-12-29 14:00:00",,"-1.292209","0"
"2025-12-29 14:15:00",,"-1.22784","0"
"2025-12-29 14:30:00",,"-1.15964","0"
"2025-12-29 14:45:00",,"-1.089405","0"
"2025-12-29 15:00:00",,"-1.022229","0"
"2025-12-29 15:15:00",,"-0.9572783","0"
"2025-12-29 15:30:00",,"-0.8938112","0"
"2025-12-29 15:45:00",,"-0.8344355","0"
"2025-12-29 16:00:00",,"-0.7774239","0"
"2025-12-29 16:15:00",,"-0.7235289","0"
"2025-12-29 16:30:00",,"-0.6730614","0"
"2025-12-29 16:45:00",,"-0.6261139","0"
"2025-12-29 17:00:00",,"-0.5790377","0"
"2025-12-29 17:15:00",,"-0.5319824","0"
"2025-12-29 17:30:00",,"-0.4876852","0"
"2025-12-29 17:45:00",,"-0.4465294","0"
"2025-12-29 18:00:00",,"-0.4090328","0"
"2025-12-29 18:15:00",,"-0.3756628","0"
"2025-12-29 18:30:00",,"-0.3417902","0"
"2025-12-29 18:45:00",,"-0.3126621","0"
"2025-12-29 19:00:00",,"-0.2863035","0"
"2025-12-29 19:15:00",,"-0.2597818","0"
"2025-12-29 19:30:00",,"-0.235528","0"
"2025-12-29 19:45:00",,"-0.2135811","0"
"2025-12-29 20:00:00",,"-0.1965504","0"
"2025-12-29 20:15:00",,"-0.1757526","0"
"2025-12-29 20:30:00",,"-0.156436","0"
"2025-12-29 20:45:00",,"-0.1415644","0"
"2025-12-29 21:00:00",,"-0.1264324","0"
"2025-12-29 21:15:00",,"-0.1120739","0"
"2025-12-29 21:30:00",,"-0.09945679","0"
"2025-12-29 21:45:00",,"-0.08722115","0"
"2025-12-29 22:00:00",,"-0.07627392","0"
"2025-12-29 22:15:00",,"-0.06385899","0"
"2025-12-29 22:30:00",,"-0.05273151","0"
"2025-12-29 22:45:00",,"-0.04487801","0"
"2025-12-29 23:00:00",,"-0.03492928","0"
"2025-12-29 23:15:00",,"-0.02689457","0"
"2025-12-29 23:30:00",,"-0.01946068","0"
"2025-12-29 23:45:00",,"-0.01282024","0"
"2025-12-30 00:00:00",,"-0.007790565","0"
"2025-12-30 00:15:00",,"-0.002043724","0"
"2025-12-30 00:30:00",,"0.002371788","0.001815333"
"2025-12-30 00:45:00",,"0.008231163","0.01173347"
"2025-12-30 01:00:00",,"0.015872","0.03140809"
"2025-12-30 01:15:00",,"0.02328014","0.05577455"
"2025-12-30 01:30:00",,"0.02934837","0.07892632"
"2025-12-30 01:45:00",,"0.03587055","0.1066185"
"2025-12-30 02:00:00",,"0.04069042","0.1287879"
"2025-12-30 02:15:00",,"0.046731","0.1584648"
"2025-12-30 02:30:00",,"0.0515852","0.187719"
"2025-12-30 02:45:00",,"0.05660629","0.2449288"
"2025-12-30 03:00:00",,"0.06031895","0.2981304"
"2025-12-30 03:15:00",,"0.06393528","0.3567783"
"2025-12-30 03:30:00",,"0.06625748","0.3975553"
"2025-12-30 03:45:00",,"0.07090378","0.4857132"
"2025-12-30 04:00:00",,"0.07490635","0.5680784"
"2025-12-30 04:15:00",,"0.0771246","0.6160973"
"2025-12-30 04:30:00",,"0.08071995","0.6973137"
"2025-12-30 04:45:00",,"0.08417606","0.7791439"
"2025-12-30 05:00:00",,"0.08512592","0.8022544"
"2025-12-30 05:15:00",,"0.08778954","0.8684435"
"2025-12-30 05:30:00",,"0.0903759","0.9346128"
"2025-12-30 05:45:00",,"0.09256554","0.9920523"
"2025-12-30 06:00:00",,"0.09343147","1.01512"
"2025-12-30 06:15:00",,"0.09132481","0.9593473"
"2025-12-30 06:30:00",,"0.09003639","0.9258223"
"2025-12-30 06:45:00",,"0.09188366","0.9740276"
"2025-12-30 07:00:00",,"0.09014416","0.9286091"
"2025-12-30 07:15:00",,"0.08619785","0.8286482"
"2025-12-30 07:30:00",,"0.09024143","0.9311274"
"2025-12-30 07:45:00",,"0.08944893","0.9106858"
"2025-12-30 08:00:00",,"0.09173393","0.9700863"
"2025-12-30 08:15:00",,"0.0938673","1.026804"
"2025-12-30 08:30:00",,"0.09751511","1.126519"
"2025-12-30 08:45:00",,"0.1006021","1.213522"
"2025-12-30 09:00:00",,"0.1037006","1.303184"
"2025-12-30 09:15:00",,"0.1051264","1.345209"
"2025-12-30 09:30:00",,"0.1073513","1.411739"
"2025-12-30 09:45:00",,"0.1057243","1.362976"
"2025-12-30 10:00:00",,"0.1041889","1.317522"
"2025-12-30 10:15:00",,"0.103694","1.302988"
"2025-12-30 10:30:00",,"0.1053219","1.351009"
"2025-12-30 10:45:00",,"0.1072779","1.409525"
"2025-12-30 11:00:00",,"0.1102791","1.501015"
"2025-12-30 11:15:00",,"0.1132965","1.595036"
"2025-12-30 11:30:00",,"0.1149168","1.646349"
"2025-12-30 11:45:00",,"0.1158199","1.675198"
"2025-12-30 12:00:00",,"0.115633","1.669213"
"2025-12-30 12:15:00",,"0.1179285","1.743232"
"2025-12-30 12:30:00",,"0.1190844","1.780927"
"2025-12-30 12:45:00",,"0.1192064","1.784924"
"2025-12-30 13:00:00",,"0.1207018","1.834146"
"2025-12-30 13:15:00",,"0.1200533","1.812742"
"2025-12-30 13:30:00",,"0.1210899","1.846998"
"2025-12-30 13:45:00",,"0.1190634","1.78024"
"2025-12-30 14:00:00",,"0.118782","1.771041"
"2025-12-30 14:15:00",,"0.1192532","1.786456"
"2025-12-30 14:30:00",,"0.1195354","1.795714"
"2025-12-30 14:45:00",,"0.1182108","1.752412"
"2025-12-30 15:00:00",,"0.1189556","1.776715"
"2025-12-30 15:15:00",,"0.1192026","1.784799"
"2025-12-30 15:30:00",,"0.119935","1.808849"
"2025-12-30 15:45:00",,"0.1234312","1.925181"
"2025-12-30 16:00:00",,"0.1199951","1.810827"
"2025-12-30 16:15:00",,"0.118516","1.762355"
"2025-12-30 16:30:00",,"0.1182528","1.753778"
"2025-12-30 16:45:00",,"0.1175642","1.73141"
"2025-12-30 17:00:00",,"0.1175594","1.731256"
"2025-12-30 17:15:00",,"0.1133099","1.595456"
"2025-12-30 17:30:00",,"0.1130104","1.586035"
"2025-12-30 17:45:00",,"0.1111574","1.528174"
"2025-12-30 18:00:00",,"0.1085043","1.446664"
"2025-12-30 18:15:00",,"0.1063299","1.381055"
"2025-12-30 18:30:00",,"0.106369","1.382225"
"2025-12-30 18:45:00",,"0.1039486","1.310458"
"2025-12-30 19:00:00",,"0.1020699","1.255706"
"2025-12-30 19:15:00",,"0.09975815","1.189502"
"2025-12-30 19:30:00",,"0.1007013","1.216356"
"2025-12-30 19:45:00",,"0.09707642","1.114348"
"2025-12-30 20:00:00",,"0.09514427","1.061323"
"2025-12-30 20:15:00",,"0.09382057","1.025549"
"2025-12-30 20:30:00",,"0.0943222","1.039052"
"2025-12-30 20:45:00",,"0.09304428","1.004781"
"2025-12-30 21:00:00",,"0.09084511","0.9468129"
"2025-12-30 21:15:00",,"0.08692169","0.8466569"
"2025-12-30 21:30:00",,"0.08477402","0.7936617"
"2025-12-30 21:45:00",,"0.08022499","0.6858914"
"2025-12-30 22:00:00",,"0.0809412","0.7024439"
"2025-12-30 22:15:00",,"0.07747841","0.6239065"
"2025-12-30 22:30:00",,"0.07676888","0.6082871"
"2025-12-30 22:45:00",,"0.07373428","0.5433769"
"2025-12-30 23:00:00",,"0.07312965","0.5308201"
"2025-12-30 23:15:00",,"0.07422256","0.5536101"
"2025-12-30 23:30:00",,"0.06963158","0.4607465"
"2025-12-30 23:45:00",,"0.06586933","0.3905801"
"2025-12-31 00:00:00",,"0.05948925","0.2855818"
"2025-12-31 00:15:00",,"0.0585146","0.2713089"
"2025-12-31 00:30:00",,"0.05778313","0.2609442"
"2025-12-31 00:45:00",,"0.05198765","0.1914737"
"2025-12-31 01:00:00",,"0.0509634","0.182323"
"2025-12-31 01:15:00",,"0.05154324","0.1873386"
"2025-12-31 01:30:00",,"0.04533482","0.1514255"
"2025-12-31 01:45:00",,"0.04199409","0.135019"
"2025-12-31 02:00:00",,"0.03662014","0.1099744"
"2025-12-31 02:15:00",,"0.03018188","0.0823095"
"2025-12-31 02:30:00",,"0.02719975","0.07042594"
"2025-12-31 02:45:00",,"0.02555847","0.06415314"
"2025-12-31 03:00:00",,"0.02018452","0.04503417"
"2025-12-31 03:15:00",,"0.013237","0.02392362"
"2025-12-31 03:30:00",,"0.006232262","0.007731077"
"2025-12-31 03:45:00",,"0.002861023","0.002405003"
"2025-12-31 04:00:00",,"0.001131058","0.0005978504"
"2025-12-31 04:15:00",,"-0.00234127","0"
"2025-12-31 04:30:00",,"-0.008126259","0"
"2025-12-31 04:45:00",,"-0.01415825","0"
"2025-12-31 05:00:00",,"-0.02357864","0"
"2025-12-31 05:15:00",,"-0.02900696","0"
"2025-12-31 05:30:00",,"-0.03562641","0"
"2025-12-31 05:45:00",,"-0.04249382","0"
"2025-12-31 06:00:00",,"-0.04967499","0"
"2025-12-31 06:15:00",,"-0.05812931","0"
"2025-12-31 06:30:00",,"-0.06354713","0"
"2025-12-31 06:45:00",,"-0.06762123","0"
"2025-12-31 07:00:00",,"-0.07310867","0"
"2025-12-31 07:15:00",,"-0.08281803","0"
"2025-12-31 07:30:00",,"-0.08433819","0"
"2025-12-31 07:45:00",,"-0.0947752","0"
"2025-12-31 08:00:00",,"-0.1005821","0"
"2025-12-31 08:15:00",,"-0.1064281","0"
"2025-12-31 08:30:00",,"-0.1153784","0"
"2025-12-31 08:45:00",,"-0.1246977","0"
"2025-12-31 09:00:00",,"-0.1299562","0"
"2025-12-31 09:15:00",,"-0.1385384","0"
"2025-12-31 09:30:00",,"-0.1455488","0"
"2025-12-31 09:45:00",,"-0.1555166","0"
"2025-12-31 10:00:00",,"-0.1637764","0"
"2025-12-31 10:15:00",,"-0.171277","0"
"2025-12-31 10:30:00",,"-0.1796789","0"
"2025-12-31 10:45:00",,"-0.1872778","0"
"2025-12-31 11:00:00",,"-0.1929274","0"
"2025-12-31 11:15:00",,"-0.2033396","0"
"2025-12-31 11:30:00",,"-0.21348","0"
"2025-12-31 11:45:00",,"-0.2225313","0"
"2025-12-31 12:00:00",,"-0.2297468","0"
"2025-12-31 12:15:00",,"-0.2423306","0"
"2025-12-31 12:30:00",,"-0.2519865","0"
"2025-12-31 12:45:00",,"-0.261857","0"
"2025-12-31 13:00:00",,"-0.2699394","0"
"2025-12-31 13:15:00",,"-0.2806911","0"
"2025-12-31 13:30:00",,"-0.2905083","0"
"2025-12-31 13:45:00",,"-0.3018808","0"
"2025-12-31 14:00:00",,"-0.3120918","0"
"2025-12-31 14:15:00",,"-0.3215704","0"
"2025-12-31 14:30:00",,"-0.3319235","0"
"2025-12-31 14:45:00",,"-0.3423538","0"
"2025-12-31 15:00:00",,"-0.3524323","0"
"2025-12-31 15:15:00",,"-0.3637552","0"
"2025-12-31 15:30:00",,"-0.3755808","0"
"2025-12-31 15:45:00",,"-0.3849478","0"
"2025-12-31 16:00:00",,"-0.3954468","0"
"2025-12-31 16:15:00",,"-0.406868","0"
"2025-12-31 16:30:00",,"-0.4172792","0"
"2025-12-31 16:45:00",,"-0.4278297","0"
"2025-12-31 17:00:00",,"-0.4423094","0"
"2025-12-31 17:15:00",,"-0.4547577","0"
"2025-12-31 17:30:00",,"-0.4674196","0"
"2025-12-31 17:45:00",,"-0.4794235","0"
"2025-12-31 18:00:00",,"-0.4926863","0"
"2025-12-31 18:15:00",,"-0.5066071","0"
"2025-12-31 18:30:00",,"-0.519105","0"
"2025-12-31 18:45:00",,"-0.5313263","0"
"2025-12-31 19:00:00",,"-0.5423479","0"
"2025-12-31 19:15:00",,"-0.5563345","0"
"2025-12-31 19:30:00",,"-0.5699387","0"
"2025-12-31 19:45:00",,"-0.5823202","0"
"2025-12-31 20:00:00",,"-0.593318","0"
"2025-12-31 20:15:00",,"-0.6059685","0"
"2025-12-31 20:30:00",,"-0.6187897","0"
"2025-12-31 20:45:00",,"-0.6301985","0"
"2025-12-31 21:00:00",,"-0.6393995","0"
"2025-12-31 21:15:00",,"-0.6536236","0"
"2025-12-31 21:30:00",,"-0.6660042","0"
"2025-12-31 21:45:00",,"-0.6766977","0"
"2025-12-31 22:00:00",,"-0.6891956","0"
"2025-12-31 22:15:00",,"-0.7026062","0"
"2025-12-31 22:30:00",,"-0.7133846","0"
"2025-12-31 22:45:00",,"-0.72509","0"
"2025-12-31 23:00:00",,"-0.7357607","0"
"2025-12-31 23:15:00",,"-0.7491512","0"
"2025-12-31 23:30:00",,"-0.7626839","0"
"2025-12-31 23:45:00",,"-0.7739344","0"
"2026-01-01 00:00:00",,"-0.7879601","0"
"2026-01-01 00:15:00",,"-0.8009987","0"
"2026-01-01 00:30:00",,"-0.8122807","0"
"2026-01-01 00:45:00",,"-0.8247681","0"
"2026-01-01 01:00:00",,"-0.8395252","0"
"2026-01-01 01:15:00",,"-0.8517027","0"
"2026-01-01 01:30:00",,"-0.8642187","0"
"2026-01-01 01:45:00",,"-0.8766661","0"
"2026-01-01 02:00:00",,"-0.8906574","0"
"2026-01-01 02:15:00",,"-0.903964","0"
"2026-01-01 02:30:00",,"-0.9157181","0"
"2026-01-01 02:45:00",,"-0.928359","0"
"2026-01-01 03:00:00",,"-0.9418459","0"
"2026-01-01 03:15:00",,"-0.9567518","0"
"2026-01-01 03:30:00",,"-0.9677458","0"
"2026-01-01 03:45:00",,"-0.9786377","0"
"2026-01-01 04:00:00",,"-0.9910107","0"
"2026-01-01 04:15:00",,"-1.002198","0"
"2026-01-01 04:30:00",,"-1.015189","0"
"2026-01-01 04:45:00",,"-1.028105","0"
"2026-01-01 05:00:00",,"-1.038727","0"
"2026-01-01 05:15:00",,"-1.051414","0"
"2026-01-01 05:30:00",,"-1.062959","0"
"2026-01-01 05:45:00",,"-1.075844","0"
"2026-01-01 06:00:00",,"-1.087631","0"
"2026-01-01 06:15:00",,"-1.097936","0"
"2026-01-01 06:30:00",,"-1.108103","0"
"2026-01-01 06:45:00",,"-1.121049","0"
"2026-01-01 07:00:00",,"-1.133215","0"
"2026-01-01 07:15:00",,"-1.144987","0"
"2026-01-01 07:30:00",,"-1.153932","0"
"2026-01-01 07:45:00",,"-1.166004","0"
"2026-01-01 08:00:00",,"-1.176832","0"
"2026-01-01 08:15:00",,"-1.186243","0"
"2026-01-01 08:30:00",,"-1.195633","0"
"2026-01-01 08:45:00",,"-1.207061","0"
"2026-01-01 09:00:00",,"-1.213741","0"
"2026-01-01 09:15:00",,"-1.221973","0"
"2026-01-01 09:30:00",,"-1.230611","0"
"2026-01-01 09:45:00",,"-1.239336","0"
"2026-01-01 10:00:00",,"-1.24584","0"
"2026-01-01 10:15:00",,"-1.253552","0"
"2026-01-01 10:30:00",,"-1.262525","0"
"2026-01-01 10:45:00",,"-1.270058","0"
"2026-01-01 11:00:00",,"-1.276305","0"
"2026-01-01 11:15:00",,"-1.282431","0"
"2026-01-01 11:30:00",,"-1.291197","0"
"2026-01-01 11:45:00",,"-1.301213","0"
"2026-01-01 12:00:00",,"-1.308538","0"
"2026-01-01 12:15:00",,"-1.318273","0"
"2026-01-01 12:30:00",,"-1.326553","0"
"2026-01-01 12:45:00",,"-1.334315","0"
"2026-01-01 13:00:00",,"-1.342037","0"
"2026-01-01 13:15:00",,"-1.349879","0"
"2026-01-01 13:30:00",,"-1.356762","0"
"2026-01-01 13:45:00",,"-1.364425","0"
"2026-01-01 14:00:00",,"-1.369811","0"
"2026-01-01 14:15:00",,"-1.377749","0"
"2026-01-01 14:30:00",,"-1.384356","0"
"2026-01-01 14:45:00",,"-1.391269","0"
"2026-01-01 15:00:00",,"-1.398938","0"
"2026-01-01 15:15:00",,"-1.404345","0"
"2026-01-01 15:30:00",,"-1.405114","0"
"2026-01-01 15:45:00",,"-1.408508","0"
"2026-01-01 16:00:00",,"-1.414188","0"
"2026-01-01 16:15:00",,"-1.4195","0"
"2026-01-01 16:30:00",,"-1.429556","0"
"2026-01-01 16:45:00",,"-1.436813","0"
"2026-01-01 17:00:00",,"-1.443832","0"
"2026-01-01 17:15:00",,"-1.451735","0"
"2026-01-01 17:30:00",,"-1.459099","0"
"2026-01-01 17:45:00",,"-1.466936","0"
"2026-01-01 18:00:00",,"-1.474381","0"
"2026-01-01 18:15:00",,"-1.483337","0"
"2026-01-01 18:30:00",,"-1.48963","0"
"2026-01-01 18:45:00",,"-1.493363","0"
"2026-01-01 19:00:00",,"-1.50042","0"
"2026-01-01 19:15:00",,"-1.507331","0"
"2026-01-01 19:30:00",,"-1.514895","0"
"2026-01-01 19:45:00",,"-1.517689","0"
"2026-01-01 20:00:00",,"-1.523593","0"
"2026-01-01 20:15:00",,"-1.52961","0"
"2026-01-01 20:30:00",,"-1.537577","0"
"2026-01-01 20:45:00",,"-1.545421","0"
"2026-01-01 21:00:00",,"-1.552514","0"
"2026-01-01 21:15:00",,"-1.558457","0"
"2026-01-01 21:30:00",,"-1.566875","0"
"2026-01-01 21:45:00",,"-1.572097","0"
"2026-01-01 22:00:00",,"-1.578682","0"
"2026-01-01 22:15:00",,"-1.587035","0"
"2026-01-01 22:30:00",,"-1.591825","0"
"2026-01-01 22:45:00",,"-1.600404","0"
"2026-01-01 23:00:00",,"-1.607978","0"
"2026-01-01 23:15:00",,"-1.614769","0"
"2026-01-01 23:30:00",,"-1.62056","0"
"2026-01-01 23:45:00",,"-1.627974","0"
"2026-01-02 00:00:00",,"-1.63281","0"
"2026-01-02 00:15:00",,"-1.6394","0"
"2026-01-02 00:30:00",,"-1.643753","0"
"2026-01-02 00:45:00",,"-1.648198","0"
"2026-01-02 01:00:00",,"-1.654432","0"
"2026-01-02 01:15:00",,"-1.658379","0"
"2026-01-02 01:30:00",,"-1.665912","0"
"2026-01-02 01:45:00",,"-1.670923","0"
"2026-01-02 02:00:00",,"-1.677391","0"
"2026-01-02 02:15:00",,"-1.682573","0"
"2026-01-02 02:30:00",,"-1.687284","0"
"2026-01-02 02:45:00",,"-1.692213","0"
"2026-01-02 03:00:00",,"-1.698235","0"
"2026-01-02 03:15:00",,"-1.70627","0"
"2026-01-02 03:30:00",,"-1.712112","0"
"2026-01-02 03:45:00",,"-1.717311","0"
"2026-01-02 04:00:00",,"-1.724857","0"
"2026-01-02 04:15:00",,"-1.727755","0"
"2026-01-02 04:30:00",,"-1.735124","0"
"2026-01-02 04:45:00",,"-1.742289","0"
"2026-01-02 05:00:00",,"-1.746716","0"
"2026-01-02 05:15:00",,"-1.752545","0"
"2026-01-02 05:30:00",,"-1.759355","0"
"2026-01-02 05:45:00",,"-1.765066","0"
"2026-01-02 06:00:00",,"-1.769983","0"
"2026-01-02 06:15:00",,"-1.775605","0"
"2026-01-02 06:30:00",,"-1.782208","0"
"2026-01-02 06:45:00",,"-1.786416","0"
"2026-01-02 07:00:00",,"-1.794106","0"
"2026-01-02 07:15:00",,"-1.797937","0"
"2026-01-02 07:30:00",,"-1.80444","0"
"2026-01-02 07:45:00",,"-1.810604","0"
"2026-01-02 08:00:00",,"-1.817193","0"
"2026-01-02 08:15:00",,"-1.824557","0"
"2026-01-02 08:30:00",,"-1.828835","0"
"2026-01-02 08:45:00",,"-1.836138","0"
"2026-01-02 09:00:00",,"-1.840748","0"
"2026-01-02 09:15:00",,"-1.848583","0"
"2026-01-02 09:30:00",,"-1.852612","0"
"2026-01-02 09:45:00",,"-1.858752","0"
"2026-01-02 10:00:00",,"-1.864269","0"
"2026-01-02 10:15:00",,"-1.86985","0"
"2026-01-02 10:30:00",,"-1.876322","0"
"2026-01-02 10:45:00",,"-1.881879","0"
"2026-01-02 11:00:00",,"-1.887295","0"
"2026-01-02 11:15:00",,"-1.893776","0"
"2026-01-02 11:30:00",,"-1.898841","0"
"2026-01-02 11:45:00",,"-1.904945","0"
"2026-01-02 12:00:00",,"-1.910459","0"
"2026-01-02 12:15:00",,"-1.915655","0"
"2026-01-02 12:30:00",,"-1.921781","0"
"2026-01-02 12:45:00",,"-1.926789","0"
"2026-01-02 13:00:00",,"-1.932629","0"
"2026-01-02 13:15:00",,"-1.937955","0"
"2026-01-02 13:30:00",,"-1.945374","0"
"2026-01-02 13:45:00",,"-1.949129","0"
"2026-01-02 14:00:00",,"-1.952556","0"
"2026-01-02 14:15:00",,"-1.958431","0"
"2026-01-02 14:30:00",,"-1.964751","0"
"2026-01-02 14:45:00",,"-1.970677","0"
"2026-01-02 15:00:00",,"-1.97574","0"
"2026-01-02 15:15:00",,"-1.980174","0"
"2026-01-02 15:30:00",,"-1.985907","0"
"2026-01-02 15:45:00",,"-1.991425","0"
"2026-01-02 16:00:00",,"-1.9966","0"
"2026-01-02 16:15:00",,"-2.001443","0"
"2026-01-02 16:30:00",,"-2.004907","0"
"2026-01-02 16:45:00",,"-2.009112","0"
"2026-01-02 17:00:00",,"-2.013232","0"
"2026-01-02 17:15:00",,"-2.017349","0"
"2026-01-02 17:30:00",,"-2.022615","0"
"2026-01-02 17:45:00",,"-2.027072","0"
"2026-01-02 18:00:00",,"-2.030219","0"
"2026-01-02 18:15:00",,"-2.031878","0"
"2026-01-02 18:30:00",,"-2.03299","0"
"2026-01-02 18:45:00",,"-2.036148","0"
"2026-01-02 19:00:00",,"-2.039862","0"
"2026-01-02 19:15:00",,"-2.043436","0"
"2026-01-02 19:30:00",,"-2.04684","0"
"2026-01-02 19:45:00",,"-2.048893","0"
"2026-01-02 20:00:00",,"-2.053316","0"
"2026-01-02 20:15:00",,"-2.05727","0"
"2026-01-02 20:30:00",,"-2.061135","0"
"2026-01-02 20:45:00",,"-2.062961","0"
"2026-01-02 21:00:00",,"-2.062355","0"
"2026-01-02 21:15:00",,"-2.065289","0"
"2026-01-02 21:30:00",,"-2.065858","0"
"2026-01-02 21:45:00",,"-2.067351","0"
"2026-01-02 22:00:00",,"-2.068795","0"
"2026-01-02 22:15:00",,"-2.070396","0"
"2026-01-02 22:30:00",,"-2.068753","0"
"2026-01-02 22:45:00",,"-2.069451","0"
"2026-01-02 23:00:00",,"-2.0716","0"
"2026-01-02 23:15:00",,"-2.07392","0"
"2026-01-02 23:30:00",,"-2.070791","0"
"2026-01-02 23:45:00",,"-2.073303","0"
"2026-01-03 00:00:00",,"-2.072227","0"
"2026-01-03 00:15:00",,"-2.071186","0"
"2026-01-03 00:30:00",,"-2.071129","0"
"2026-01-03 00:45:00",,"-2.069555","0"
"2026-01-03 01:00:00",,"-2.066184","0"
"2026-01-03 01:15:00",,"-2.064867","0"
"2026-01-03 01:30:00",,"-2.064833","0"
"2026-01-03 01:45:00",,"-2.06468","0"
"2026-01-03 02:00:00",,"-2.062799","0"
"2026-01-03 02:15:00",,"-2.059583","0"
"2026-01-03 02:30:00",,"-2.059762","0"
"2026-01-03 02:45:00",,"-2.056952","0"
"2026-01-03 03:00:00",,"-2.055551","0"
"2026-01-03 03:15:00",,"-2.052732","0"
"2026-01-03 03:30:00",,"-2.050687","0"
"2026-01-03 03:45:00",,"-2.047366","0"
"2026-01-03 04:00:00",,"-2.045763","0"
"2026-01-03 04:15:00",,"-2.042528","0"
"2026-01-03 04:30:00",,"-2.038844","0"
"2026-01-03 04:45:00",,"-2.033038","0"
"2026-01-03 05:00:00",,"-2.031606","0"
"2026-01-03 05:15:00",,"-2.025496","0"
"2026-01-03 05:30:00",,"-2.021248","0"
"2026-01-03 05:45:00",,"-2.018199","0"
"2026-01-03 06:00:00",,"-2.014838","0"
"2026-01-03 06:15:00",,"-2.01018","0"
"2026-01-03 06:30:00",,"-2.003359","0"
"2026-01-03 06:45:00",,"-2.002016","0"
"2026-01-03 07:00:00",,"-1.99965","0"
"2026-01-03 07:15:00",,"-1.992756","0"
"2026-01-03 07:30:00",,"-1.988242","0"
"2026-01-03 07:45:00",,"-1.986514","0"
"2026-01-03 08:00:00",,"-1.98614","0"
"2026-01-03 08:15:00",,"-1.980999","0"
"2026-01-03 08:30:00",,"-1.976205","0"
"2026-01-03 08:45:00",,"-1.977616","0"
"2026-01-03 09:00:00",,"-1.973995","0"
"2026-01-03 09:15:00",,"-1.973907","0"
"2026-01-03 09:30:00",,"-1.974971","0"
"2026-01-03 09:45:00",,"-1.973591","0"
"2026-01-03 10:00:00",,"-1.97418","0"
"2026-01-03 10:15:00",,"-1.976315","0"
"2026-01-03 10:30:00",,"-1.975966","0"
"2026-01-03 10:45:00",,"-1.977717","0"
"2026-01-03 11:00:00",,"-1.975777","0"
"2026-01-03 11:15:00",,"-1.978958","0"
"2026-01-03 11:30:00",,"-1.981898","0"
"2026-01-03 11:45:00",,"-1.985835","0"
"2026-01-03 12:00:00",,"-1.987778","0"
"2026-01-03 12:15:00",,"-1.991838","0"
"2026-01-03 12:30:00",,"-1.996792","0"
"2026-01-03 12:45:00",,"-2.000777","0"
"2026-01-03 13:00:00",,"-2.006145","0"
"2026-01-03 13:15:00",,"-2.01207","0"
"2026-01-03 13:30:00",,"-2.01734","0"
"2026-01-03 13:45:00",,"-2.023004","0"
"2026-01-03 14:00:00",,"-2.029188","0"
"2026-01-03 14:15:00",,"-2.0343","0"
"2026-01-03 14:30:00",,"-2.039401","0"
"2026-01-03 14:45:00",,"-2.044977","0"
"2026-01-03 15:00:00",,"-2.049154","0"
"2026-01-03 15:15:00",,"-2.056505","0"
"2026-01-03 15:30:00",,"-2.062633","0"
"2026-01-03 15:45:00",,"-2.069294","0"
"2026-01-03 16:00:00",,"-2.076236","0"
"2026-01-03 16:15:00",,"-2.076646","0"
"2026-01-03 16:30:00",,"-2.081998","0"
"2026-01-03 16:45:00",,"-2.090813","0"
"2026-01-03 17:00:00",,"-2.097507","0"
"2026-01-03 17:15:00",,"-2.1006","0"
"2026-01-03 17:30:00",,"-2.110147","0"
"2026-01-03 17:45:00",,"-2.114511","0"
"2026-01-03 18:00:00",,"-2.117496","0"
"2026-01-03 18:15:00",,"-2.120188","0"
"2026-01-03 18:30:00",,"-2.127116","0"
"2026-01-03 18:45:00",,"-2.130393","0"
"2026-01-03 19:00:00",,"-2.136538","0"
"2026-01-03 19:15:00",,"-2.147212","0"
"2026-01-03 19:30:00",,"-2.152183","0"
"2026-01-03 19:45:00",,"-2.159086","0"
"2026-01-03 20:00:00",,"-2.170658","0"
"2026-01-03 20:15:00",,"-2.170668","0"
"2026-01-03 20:30:00",,"-2.177238","0"
"2026-01-03 20:45:00",,"-2.186536","0"
"2026-01-03 21:00:00",,"-2.194795","0"
"2026-01-03 21:15:00",,"-2.197239","0"
"2026-01-03 21:30:00",,"-2.206417","0"
"2026-01-03 21:45:00",,"-2.216288","0"
"2026-01-03 22:00:00",,"-2.219917","0"
"2026-01-03 22:15:00",,"-2.228032","0"
"2026-01-03 22:30:00",,"-2.233564","0"
"2026-01-03 22:45:00",,"-2.240502","0"
"2026-01-03 23:00:00",,"-2.250212","0"
"2026-01-03 23:15:00",,"-2.248055","0"
"2026-01-03 23:30:00",,"-2.260226","0"
"2026-01-03 23:45:00",,"-2.2671","0"
"2026-01-04 00:00:00",,"-2.27033","0"
"2026-01-04 00:15:00",,"-2.278563","0"
"2026-01-04 00:30:00",,"-2.286","0"
"2026-01-04 00:45:00",,"-2.295689","0"
"2026-01-04 01:00:00",,"-2.300591","0"
"2026-01-04 01:15:00",,"-2.304765","0"
"2026-01-04 01:30:00",,"-2.311604","0"
"2026-01-04 01:45:00",,"-2.317392","0"
"2026-01-04 02:00:00",,"-2.322977","0"
"2026-01-04 02:15:00",,"-2.324095","0"
"2026-01-04 02:30:00",,"-2.333076","0"
"2026-01-04 02:45:00",,"-2.338504","0"
"2026-01-04 03:00:00",,"-2.337222","0"
"2026-01-04 03:15:00",,"-2.338234","0"
"2026-01-04 03:30:00",,"-2.342809","0"
"2026-01-04 03:45:00",,"-2.345946","0"
"2026-01-04 04:00:00",,"-2.34939","0"
"2026-01-04 04:15:00",,"-2.350804","0"
"2026-01-04 04:30:00",,"-2.357001","0"
"2026-01-04 04:45:00",,"-2.35954","0"
"2026-01-04 05:00:00",,"-2.363565","0"
"2026-01-04 05:15:00",,"-2.364304","0"
"2026-01-04 05:30:00",,"-2.366194","0"
"2026-01-04 05:45:00",,"-2.369554","0"
"2026-01-04 06:00:00",,"-2.374947","0"
"2026-01-04 06:15:00",,"-2.378736","0"
"2026-01-04 06:30:00",,"-2.378281","0"
"2026-01-04 06:45:00",,"-2.380894","0"
"2026-01-04 07:00:00",,"-2.381935","0"
"2026-01-04 07:15:00",,"-2.383914","0"
"2026-01-04 07:30:00",,"-2.384446","0"
"2026-01-04 07:45:00",,"-2.386343","0"
"2026-01-04 08:00:00",,"-2.388697","0"
"2026-01-04 08:15:00",,"-2.39044","0"
"2026-01-04 08:30:00",,"-2.391898","0"
"2026-01-04 08:45:00",,"-2.392327","0"
"2026-01-04 09:00:00",,"-2.39","0"
"2026-01-04 09:15:00",,"-2.390802","0"
"2026-01-04 09:30:00",,"-2.390742","0"
"2026-01-04 09:45:00",,"-2.391468","0"
"2026-01-04 10:00:00",,"-2.386574","0"
"2026-01-04 10:15:00",,"-2.386292","0"
"2026-01-04 10:30:00",,"-2.385779","0"
"2026-01-04 10:45:00",,"-2.382276","0"
"2026-01-04 11:00:00",,"-2.378963","0"
"2026-01-04 11:15:00",,"-2.373785","0"
"2026-01-04 11:30:00",,"-2.369709","0"
"2026-01-04 11:45:00",,"-2.361189","0"
"2026-01-04 12:00:00",,"-2.35563","0"
"2026-01-04 12:15:00",,"-2.349981","0"
"2026-01-04 12:30:00",,"-2.339893","0"
"2026-01-04 12:45:00",,"-2.337801","0"
"2026-01-04 13:00:00",,"-2.33325","0"
"2026-01-04 13:15:00",,"-2.330096","0"
"2026-01-04 13:30:00",,"-2.326514","0"
"2026-01-04 13:45:00",,"-2.321417","0"
"2026-01-04 14:00:00",,"-2.318407","0"
"2026-01-04 14:15:00",,"-2.309897","0"
"2026-01-04 14:30:00",,"-2.302392","0"
"2026-01-04 14:45:00",,"-2.295774","0"
"2026-01-04 15:00:00",,"-2.294725","0"
"2026-01-04 15:15:00",,"-2.281991","0"
"2026-01-04 15:30:00",,"-2.274976","0"
"2026-01-04 15:45:00",,"-2.272218","0"
"2026-01-04 16:00:00",,"-2.255426","0"
"2026-01-04 16:15:00",,"-2.23974","0"
"2026-01-04 16:30:00",,"-2.228189","0"
"2026-01-04 16:45:00",,"-2.222429","0"
"2026-01-04 17:00:00",,"-2.20723","0"
"2026-01-04 17:15:00",,"-2.199059","0"
"2026-01-04 17:30:00",,"-2.191823","0"
"2026-01-04 17:45:00",,"-2.184064","0"
"2026-01-04 18:00:00",,"-2.175983","0"
"2026-01-04 18:15:00",,"-2.166592","0"
"2026-01-04 18:30:00",,"-2.161339","0"
"2026-01-04 18:45:00",,"-2.15075","0"
"2026-01-04 19:00:00",,"-2.142119","0"
"2026-01-04 19:15:00",,"-2.135137","0"
"2026-01-04 19:30:00",,"-2.124684","0"
"2026-01-04 19:45:00",,"-2.117013","0"
"2026-01-04 20:00:00",,"-2.109122","0"
"2026-01-04 20:15:00",,"-2.098001","0"
"2026-01-04 20:30:00",,"-2.088225","0"
"2026-01-04 20:45:00",,"-2.071039","0"
"2026-01-04 21:00:00",,"-2.061708","0"
"2026-01-04 21:15:00",,"-2.048912","0"
"2026-01-04 21:30:00",,"-2.034857","0"
"2026-01-04 21:45:00",,"-2.019868","0"
"2026-01-04 22:00:00",,"-2.007508","0"
"2026-01-04 22:15:00",,"-1.998564","0"
"2026-01-04 22:30:00",,"-1.987362","0"
"2026-01-04 22:45:00",,"-1.981036","0"
"2026-01-04 23:00:00",,"-1.975934","0"
"2026-01-04 23:15:00",,"-1.961583","0"
"2026-01-04 23:30:00",,"-1.955712","0"
"2026-01-04 23:45:00",,"-1.949198","0"
"2026-01-05 00:00:00",,"-1.942024","0"
"2026-01-05 00:15:00",,"-1.93826","0"
"2026-01-05 00:30:00",,"-1.932319","0"
"2026-01-05 00:45:00",,"-1.927903","0"
"2026-01-05 01:00:00",,"-1.921951","0"
"2026-01-05 01:15:00",,"-1.91876","0"
"2026-01-05 01:30:00",,"-1.915806","0"
"2026-01-05 01:45:00",,"-1.909705","0"
"2026-01-05 02:00:00",,"-1.901793","0"
"2026-01-05 02:15:00",,"-1.900216","0"
"2026-01-05 02:30:00",,"-1.895588","0"
"2026-01-05 02:45:00",,"-1.895533","0"
"2026-01-05 03:00:00",,"-1.890084","0"
"2026-01-05 03:15:00",,"-1.883436","0"
"2026-01-05 03:30:00",,"-1.883519","0"
"2026-01-05 03:45:00",,"-1.884483","0"
"2026-01-05 04:00:00",,"-1.881315","0"
"2026-01-05 04:15:00",,"-1.879268","0"
"2026-01-05 04:30:00",,"-1.872332","0"
"2026-01-05 04:45:00",,"-1.872837","0"
"2026-01-05 05:00:00",,"-1.866635","0"
"2026-01-05 05:15:00",,"-1.860981","0"
"2026-01-05 05:30:00",,"-1.85727","0"
"2026-01-05 05:45:00",,"-1.852445","0"
"2026-01-05 06:00:00",,"-1.844466","0"
"2026-01-05 06:15:00",,"-1.835736","0"
"2026-01-05 06:30:00",,"-1.828248","0"
"2026-01-05 06:45:00",,"-1.817118","0"
"2026-01-05 07:00:00",,"-1.811468","0"
"2026-01-05 07:15:00",,"-1.802048","0"
"2026-01-05 07:30:00",,"-1.79238","0"
"2026-01-05 07:45:00",,"-1.781384","0"
"2026-01-05 08:00:00",,"-1.771594","0"
"2026-01-05 08:15:00",,"-1.761977","0"
"2026-01-05 08:30:00",,"-1.749218","0"
"2026-01-05 08:45:00",,"-1.739093","0"
"2026-01-05 09:00:00",,"-1.727658","0"
"2026-01-05 09:15:00",,"-1.715088","0"
"2026-01-05 09:30:00",,"-1.704092","0"
"2026-01-05 09:45:00",,"-1.693449","0"
"2026-01-05 10:00:00",,"-1.679581","0"
"2026-01-05 10:15:00",,"-1.663208","0"
"2026-01-05 10:30:00",,"-1.653827","0"
"2026-01-05 10:45:00",,"-1.642517","0"
"2026-01-05 11:00:00",,"-1.634696","0"
"2026-01-05 11:15:00",,"-1.626049","0"
"2026-01-05 11:30:00",,"-1.616708","0"
"2026-01-05 11:45:00",,"-1.602354","0"
"2026-01-05 12:00:00",,"-1.59283","0"
"2026-01-05 12:15:00",,"-1.581415","0"
"2026-01-05 12:30:00",,"-1.568672","0"
"2026-01-05 12:45:00",,"-1.557986","0"
"2026-01-05 13:00:00",,"-1.548566","0"
"2026-01-05 13:15:00",,"-1.514332","0"
"2026-01-05 13:30:00",,"-1.460874","0"
"2026-01-05 13:45:00",,"-1.401928","0"
"2026-01-05 14:00:00",,"-1.332818","0"
"2026-01-05 14:15:00",,"-1.285581","0"
"2026-01-05 14:30:00",,"-1.235971","0"
"2026-01-05 14:45:00",,"-1.208545","0"
"2026-01-05 15:00:00",,"-1.182446","0"
"2026-01-05 15:15:00",,"-1.147253","0"
"2026-01-05 15:30:00",,"-1.135156","0"
"2026-01-05 15:45:00",,"-1.123292","0"
"2026-01-05 16:00:00",,"-1.1086","0"
"2026-01-05 16:15:00",,"-1.100561","0"
"2026-01-05 16:30:00",,"-1.098119","0"
"2026-01-05 16:45:00",,"-1.097054","0"
"2026-01-05 17:00:00",,"-1.090485","0"
"2026-01-05 17:15:00",,"-1.098024","0"
"2026-01-05 17:30:00",,"-1.101446","0"
"2026-01-05 17:45:00",,"-1.108093","0"
"2026-01-05 18:00:00",,"-1.112012","0"
"2026-01-05 18:15:00",,"-1.11936","0"
"2026-01-05 18:30:00",,"-1.120744","0"
"2026-01-05 18:45:00",,"-1.129418","0"
"2026-01-05 19:00:00",,"-1.128912","0"
"2026-01-05 19:15:00",,"-1.140125","0"
"2026-01-05 19:30:00",,"-1.144234","0"
"2026-01-05 19:45:00",,"-1.157721","0"
"2026-01-05 20:00:00",,"-1.159934","0"
"2026-01-05 20:15:00",,"-1.160213","0"
"2026-01-05 20:30:00",,"-1.163789","0"
"2026-01-05 20:45:00",,"-1.166984","0"
"2026-01-05 21:00:00",,"-1.169065","0"
"2026-01-05 21:15:00",,"-1.173204","0"
"2026-01-05 21:30:00",,"-1.172922","0"
"2026-01-05 21:45:00",,"-1.175972","0"
"2026-01-05 22:00:00",,"-1.182097","0"
"2026-01-05 22:15:00",,"-1.182065","0"
"2026-01-05 22:30:00",,"-1.180374","0"
"2026-01-05 22:45:00",,"-1.186587","0"
"2026-01-05 23:00:00",,"-1.180259","0"
"2026-01-05 23:15:00",,"-1.184532","0"
"2026-01-05 23:30:00",,"-1.183465","0"
"2026-01-05 23:45:00",,"-1.189614","0"
"2026-01-06 00:00:00",,"-1.185889","0"
"2026-01-06 00:15:00",,"-1.181136","0"
"2026-01-06 00:30:00",,"-1.18283","0"
"2026-01-06 00:45:00",,"-1.181175","0"
"2026-01-06 01:00:00",,"-1.173546","0"
"2026-01-06 01:15:00",,"-1.168659","0"
"2026-01-06 01:30:00",,"-1.161496","0"
"2026-01-06 01:45:00",,"-1.152246","0"
"2026-01-06 02:00:00",,"-1.139862","0"
"2026-01-06 02:15:00",,"-1.128214","0"
"2026-01-06 02:30:00",,"-1.113829","0"
"2026-01-06 02:45:00",,"-1.094749","0"
"2026-01-06 03:00:00",,"-1.078936","0"
"2026-01-06 03:15:00",,"-1.051583","0"
"2026-01-06 03:30:00",,"-1.030268","0"
"2026-01-06 03:45:00",,"-0.9981546","0"
"2026-01-06 04:00:00",,"-0.9644156","0"
"2026-01-06 04:15:00",,"-0.9322271","0"
"2026-01-06 04:30:00",,"-0.8967152","0"
"2026-01-06 04:45:00",,"-0.8588095","0"
"2026-01-06 05:00:00",,"-0.825119","0"
"2026-01-06 05:15:00",,"-0.7804842","0"
"2026-01-06 05:30:00",,"-0.7338591","0"
"2026-01-06 05:45:00",,"-0.6883173","0"
"2026-01-06 06:00:00",,"-0.6411009","0"
"2026-01-06 06:15:00",,"-0.5922689","0"
"2026-01-06 06:30:00",,"-0.5429163","0"
"2026-01-06 06:45:00",,"-0.4943953","0"
"2026-01-06 07:00:00",,"-0.4494314","0"
"2026-01-06 07:15:00",,"-0.3989801","0"
"2026-01-06 07:30:00",,"-0.3492851","0"
"2026-01-06 07:45:00",,"-0.3027763","0"
"2026-01-06 08:00:00",,"-0.2638006","0"
"2026-01-06 08:15:00",,"-0.2210026","0"
"2026-01-06 08:30:00",,"-0.1722775","0"
"2026-01-06 08:45:00",,"-0.1205339","0"
"2026-01-06 09:00:00",,"-0.0719862","0"
"2026-01-06 09:15:00",,"-0.02590752","0"
"2026-01-06 09:30:00",,"0.01521206","0.02947055"
"2026-01-06 09:45:00",,"0.05601692","0.237231"
"2026-01-06 10:00:00",,"0.09253597","0.9912683"
"2026-01-06 10:15:00",,"0.1321325","2.225418"
"2026-01-06 10:30:00",,"0.1662235","3.536516"
"2026-01-06 10:45:00",,"0.195713","4.825003"
"2026-01-06 11:00:00",,"0.2242012","6.190125"
"2026-01-06 11:15:00",,"0.252284","7.641303"
"2026-01-06 11:30:00",,"0.2806206","9.203657"
"2026-01-06 11:45:00",,"0.3060074","10.68158"
"2026-01-06 12:00:00",,"0.3329144","12.324"
"2026-01-06 12:15:00",,"0.353611","13.63797"
"2026-01-06 12:30:00",,"0.3744135","15.00116"
"2026-01-06 12:45:00",,"0.3949404","16.38652"
"2026-01-06 13:00:00",,"0.415204","17.79199"
"2026-01-06 13:15:00",,"0.4345398","19.16708"
"2026-01-06 13:30:00",,"0.4499807","20.28834"
"2026-01-06 13:45:00",,"0.4659061","21.46579"
"2026-01-06 14:00:00",,"0.4814281","22.63349"
"2026-01-06 14:15:00",,"0.4978313","23.88855"
"2026-01-06 14:30:00",,"0.5116529","24.96255"
"2026-01-06 14:45:00",,"0.5242157","25.95155"
"2026-01-06 15:00:00",,"0.5384035","27.08291"
"2026-01-06 15:15:00",,"0.5526228","28.23186"
"2026-01-06 15:30:00",,"0.5658989","29.31802"
"2026-01-06 15:45:00",,"0.5793142","30.4285"
"2026-01-06 16:00:00",,"0.5959539","31.82366"
"2026-01-06 16:15:00",,"0.6077375","32.82336"
"2026-01-06 16:30:00",,"0.6229172","34.12525"
"2026-01-06 16:45:00",,"0.6359005","35.25116"
"2026-01-06 17:00:00",,"0.6495218","36.44449"
"2026-01-06 17:15:00",,"0.6693401","38.20246"
"2026-01-06 17:30:00",,"0.6865244","39.74729"
"2026-01-06 17:45:00",,"0.702364","41.18779"
"2026-01-06 18:00:00",,"0.7198591","42.79701"
"2026-01-06 18:15:00",,"0.7398777","44.66131"
"2026-01-06 18:30:00",,"0.7566738","46.24407"
"2026-01-06 18:45:00",,"0.7770596","48.18747"
"2026-01-06 19:00:00",,"0.7897711","49.4115"
"2026-01-06 19:15:00",,"0.805728","50.96112"
"2026-01-06 19:30:00",,"0.8225145","52.60682"
"2026-01-06 19:45:00",,"0.8349619","53.83725"
"2026-01-06 20:00:00",,"0.8459425","54.92977"
"2026-01-06 20:15:00",,"0.860055","56.34352"
"2026-01-06 20:30:00",,"0.8772964","58.08526"
"2026-01-06 20:45:00",,"0.8891983","59.2968"
"2026-01-06 21:00:00",,"0.900938","60.49911"
"2026-01-06 21:15:00",,"0.9130688","61.74899"
"2026-01-06 21:30:00",,"0.927351","63.23024"
"2026-01-06 21:45:00",,"0.9418306","64.74255"
"2026-01-06 22:00:00",,"0.9543276","66.05624"
"2026-01-06 22:15:00",,"0.9633036","67.0046"
"2026-01-06 22:30:00",,"0.9750462","68.25127"
"2026-01-06 22:45:00",,"0.9898663","69.83428"
"2026-01-06 23:00:00",,"1.001415","71.07526"
"2026-01-06 23:15:00",,"1.011956","72.21349"
"2026-01-06 23:30:00",,"1.020359","73.12463"
"2026-01-06 23:45:00",,"1.02741","73.89169"
"2026-01-07 00:00:00",,"1.042618","75.55422"
"2026-01-07 00:15:00",,"1.049744","76.3369"
"2026-01-07 00:30:00",,"1.062115","77.70125"
"2026-01-07 00:45:00",,"1.074756","79.10258"
"2026-01-07 01:00:00",,"1.086706","80.43402"
"2026-01-07 01:15:00",,"1.102926","82.25138"
"2026-01-07 01:30:00",,"1.118759","84.03662"
"2026-01-07 01:45:00",,"1.134383","85.80905"
"2026-01-07 02:00:00",,"1.148737","87.4467"
"2026-01-07 02:15:00",,"1.169088","89.78373"
"2026-01-07 02:30:00",,"1.183239","91.41904"
"2026-01-07 02:45:00",,"1.206319","94.10413"
"2026-01-07 03:00:00",,"1.219896","95.69398"
"2026-01-07 03:15:00",,"1.240074","98.07053"
"2026-01-07 03:30:00",,"1.25474","99.80812"
"2026-01-07 03:45:00",,"1.27155","101.8103"
"2026-01-07 04:00:00",,"1.288234","103.8084"
"2026-01-07 04:15:00",,"1.304395","105.7542"
"2026-01-07 04:30:00",,"1.321456","107.8192"
"2026-01-07 04:45:00",,"1.336699","109.6736"
"2026-01-07 05:00:00",,"1.351032","111.4252"
"2026-01-07 05:15:00",,"1.367067","113.3938"
"2026-01-07 05:30:00",,"1.381391","115.1603"
"2026-01-07 05:45:00",,"1.399533","117.4085"
"2026-01-07 06:00:00",,"1.414033","119.2138"
"2026-01-07 06:15:00",,"1.427668","120.9183"
"2026-01-07 06:30:00",,"1.445518","123.1596"
"2026-01-07 06:45:00",,"1.459394","124.9098"
"2026-01-07 07:00:00",,"1.473471","126.6919"
"2026-01-07 07:15:00",,"1.486505","128.3481"
"2026-01-07 07:30:00",,"1.500146","130.0876"
"2026-01-07 07:45:00",,"1.517265","132.2796"
"2026-01-07 08:00:00",,"1.529815","133.8926"
"2026-01-07 08:15:00",,"1.543858","135.7037"
"2026-01-07 08:30:00",,"1.56009","137.8053"
"2026-01-07 08:45:00",,"1.571177","139.2456"
"2026-01-07 09:00:00",,"1.584796","141.0203"
"2026-01-07 09:15:00",,"1.598227","142.7762"
"2026-01-07 09:30:00",,"1.609326","144.2318"
"2026-01-07 09:45:00",,"1.620796","145.7399"
"2026-01-07 10:00:00",,"1.63275","147.3159"
"2026-01-07 10:15:00",,"1.64388","148.7874"
"2026-01-07 10:30:00",,"1.654698","150.2213"
"2026-01-07 10:45:00",,"1.666018","151.7254"
"2026-01-07 11:00:00",,"1.677109","153.203"
"2026-01-07 11:15:00",,"1.686162","154.4118"
"2026-01-07 11:30:00",,"1.694786","155.5656"
"2026-01-07 11:45:00",,"1.705859","157.0503"
"2026-01-07 12:00:00",,"1.714831","158.256"
"2026-01-07 12:15:00",,"1.725633","159.7105"
"2026-01-07 12:30:00",,"1.73735","161.2924"
"2026-01-07 12:45:00",,"1.744561","162.2678"
"2026-01-07 13:00:00",,"1.754142","163.5661"
"2026-01-07 13:15:00",,"1.762947","164.7616"
"2026-01-07 13:30:00",,"1.770406","165.7761"
"2026-01-07 13:45:00",,"1.780833","167.1969"
"2026-01-07 14:00:00",,"1.791363","168.6348"
"2026-01-07 14:15:00",,"1.799195","169.7064"
"2026-01-07 14:30:00",,"1.809668","171.1419"
"2026-01-07 14:45:00",,"1.816742","172.1133"
"2026-01-07 15:00:00",,"1.823372","173.0249"
"2026-01-07 15:15:00",,"1.828203","173.69"
"2026-01-07 15:30:00",,"1.836526","174.8372"
"2026-01-07 15:45:00",,"1.843095","175.744"
"2026-01-07 16:00:00",,"1.850574","176.7779"
"2026-01-07 16:15:00",,"1.857342","177.7147"
"2026-01-07 16:30:00",,"1.866874","179.0362"
"2026-01-07 16:45:00",,"1.873651","179.9772"
"2026-01-07 17:00:00",,"1.881081","181.0104"
"2026-01-07 17:15:00",,"1.885806","181.6683"
"2026-01-07 17:30:00",,"1.893546","182.7471"
"2026-01-07 17:45:00",,"1.898085","183.3803"
"2026-01-07 18:00:00",,"1.903986","184.2046"
"2026-01-07 18:15:00",,"1.907875","184.7483"
"2026-01-07 18:30:00",,"1.912959","185.4597"
"2026-01-07 18:45:00",,"1.917173","186.0499"
"2026-01-07 19:00:00",,"1.921414","186.6442"
"2026-01-07 19:15:00",,"1.927178","187.4528"
"2026-01-07 19:30:00",,"1.930009","187.8502"
"2026-01-07 19:45:00",,"1.935248","188.5863"
"2026-01-07 20:00:00",,"1.938807","189.0867"
"2026-01-07 20:15:00",,"1.943439","189.7385"
"2026-01-07 20:30:00",,"1.947368","190.2917"
"2026-01-07 20:45:00",,"1.949852","190.6417"
"2026-01-07 21:00:00",,"1.956806","191.6224"
"2026-01-07 21:15:00",,"1.959394","191.9877"
"2026-01-07 21:30:00",,"1.965284","192.8197"
"2026-01-07 21:45:00",,"1.96981","193.4596"
"2026-01-07 22:00:00",,"1.974945","194.1862"
"2026-01-07 22:15:00",,"1.980578","194.984"
"2026-01-07 22:30:00",,"1.984146","195.4898"
"2026-01-07 22:45:00",,"1.988875","196.1606"
"2026-01-07 23:00:00",,"1.997741","197.4197"
"2026-01-07 23:15:00",,"2.002041","198.0311"
"2026-01-07 23:30:00",,"2.006025","198.5981"
"2026-01-07 23:45:00",,"2.00861","198.966"
"2026-01-08 00:00:00",,"2.013019","199.5941"
"2026-01-08 00:15:00",,"2.014493","199.8042"
"2026-01-08 00:30:00",,"2.019838","200.5665"
"2026-01-08 00:45:00",,"2.024727","201.2643"
"2026-01-08 01:00:00",,"2.030993","202.1595"
"2026-01-08 01:15:00",,"2.039622","203.3939"
"2026-01-08 01:30:00",,"2.046899","204.4362"
"2026-01-08 01:45:00",,"2.052304","205.2113"
"2026-01-08 02:00:00",,"2.058741","206.1351"
"2026-01-08 02:15:00",,"2.067937","207.4567"
"2026-01-08 02:30:00",,"2.074224","208.3614"
"2026-01-08 02:45:00",,"2.077092","208.7745"
"2026-01-08 03:00:00",,"2.080944","209.3295"
"2026-01-08 03:15:00",,"2.086246","210.0941"
"2026-01-08 03:30:00",,"2.085558","209.9948"
"2026-01-08 03:45:00",,"2.08801","210.3485"
"2026-01-08 04:00:00",,"2.098088","211.804"
"2026-01-08 04:15:00",,"2.09069","210.7352"
"2026-01-08 04:30:00",,"2.100713","212.1833"
"2026-01-08 04:45:00",,"2.106856","213.0721"
"2026-01-08 05:00:00",,"2.104918","212.7917"
"2026-01-08 05:15:00",,"2.103379","212.569"
"2026-01-08 05:30:00",,"2.105145","212.8244"
"2026-01-08 05:45:00",,"2.101312","212.27"
"2026-01-08 06:00:00",,"2.10967","213.4794"
"2026-01-08 06:15:00",,"2.114558","214.1875"